Date,Open,High,Low,Close,Volume
7/6/2016,22.6154,22.7565,22.5486,22.5642,90873146
8/6/2016,22.5613,22.686,22.4858,22.5436,83918644
9/6/2016,22.4445,22.7832,22.4356,22.7056,112651911
10/6/2016,22.4514,22.6369,22.4396,22.5209,114084239
13/6/2016,22.4868,22.5858,22.1245,22.1795,156138696
14/6/2016,22.1748,22.4396,22.0442,22.208,135401714
15/6/2016,22.2894,22.424,22.1088,22.1344,114155516
16/6/2016,21.9755,22.274,21.8892,22.2277,133902283
17/6/2016,22.0148,22.0225,21.7154,21.7224,239685957
20/6/2016,21.8732,22.0031,21.6547,21.6715,146826025
21/6/2016,21.6339,21.9529,21.5732,21.853,140131716
22/6/2016,21.9303,22.0776,21.7273,21.7754,114883861
23/6/2016,21.8596,21.9391,21.7046,21.8961,134114761
24/6/2016,21.1689,21.5682,21.1119,21.2808,277756835
27/6/2016,21.1895,21.1993,20.8491,20.9736,194431706
28/6/2016,21.1669,21.3403,20.9963,21.3252,169101637
29/6/2016,21.4112,21.5438,21.3335,21.5113,140798703
30/6/2016,21.5202,21.8226,21.4878,21.784,148319044
1/7/2016,21.7586,21.9795,21.7224,21.8481,109429246
5/7/2016,21.7362,21.7382,21.5241,21.6577,119070399
6/7/2016,21.5555,21.7969,21.5035,21.7674,128688344
7/7/2016,21.8056,21.9872,21.789,21.8596,104114749
8/7/2016,21.9853,22.0776,21.8842,22.0295,116531011
11/7/2016,22.0442,22.2511,22.0422,22.0983,99454356
12/7/2016,22.1413,22.2631,22.1295,22.1983,95259431
13/7/2016,22.1963,22.2561,22.0658,22.0726,95733361
14/7/2016,22.1914,22.5545,22.1748,22.5063,154110151
15/7/2016,22.5387,22.6271,22.4445,22.5063,129638750
18/7/2016,22.4888,22.8154,22.468,22.7466,156994605
19/7/2016,22.686,22.7862,22.6359,22.7565,96979125
20/7/2016,22.7862,22.8908,22.7243,22.7762,108221067
21/7/2016,22.7466,23.0166,22.5877,22.6563,132292468
22/7/2016,22.6173,22.6271,22.4023,22.4809,113286932
25/7/2016,22.3877,22.5209,22.0846,22.1795,167094159
26/7/2016,22.0608,22.3247,21.9686,22.0265,177557120
27/7/2016,23.7564,23.778,23.4119,23.4562,394405785
28/7/2016,23.4318,23.8006,23.4288,23.7751,163041465
29/7/2016,23.7416,23.824,23.624,23.7466,108916303
1/8/2016,23.7917,24.1871,23.7917,24.1636,161367759
2/8/2016,24.1636,24.1676,23.7006,23.8064,137942828
3/8/2016,23.8858,24.1165,23.8762,24.1048,120129957
4/8/2016,24.1871,24.2844,24.1193,24.2548,110158298
5/8/2016,24.3511,24.6591,24.3294,24.6199,146171193
8/8/2016,24.6299,24.828,24.5492,24.828,111786341
9/8/2016,24.7965,24.9583,24.7475,24.9291,111246220
10/8/2016,24.9063,24.9486,24.6865,24.7456,97309965
11/8/2016,24.8632,24.9553,24.7082,24.7278,101863435
12/8/2016,24.6905,24.8456,24.6905,24.7847,78113944
15/8/2016,24.7748,25.0918,24.7622,25.0781,106865481
16/8/2016,25.1125,25.2529,25.02,25.0585,143097323
17/8/2016,24.9938,25.0566,24.8212,25.0182,99232595
18/8/2016,25.025,25.1057,24.9781,24.9899,82474343
19/8/2016,24.9192,25.1264,24.826,25.0537,107096876
22/8/2016,24.9417,24.983,24.7082,24.8602,107301533
23/8/2016,24.88,25.0439,24.8651,24.9388,82873920
24/8/2016,24.873,24.9142,24.6671,24.7495,98308555
25/8/2016,24.6021,24.7161,24.4441,24.6395,99981213
26/8/2016,24.608,24.7328,24.359,24.4954,116981527
29/8/2016,24.4295,24.612,24.356,24.4738,102241141
30/8/2016,24.2381,24.4042,24.1676,24.2824,97513410
31/8/2016,24.2049,24.4178,24.1999,24.3098,116533327
1/9/2016,24.3195,24.4699,24.1949,24.4539,107076102
2/9/2016,24.6709,24.7456,24.4738,24.6786,112462310
6/9/2016,24.7201,24.8114,24.6299,24.6709,101467525
7/9/2016,24.7033,24.9162,24.5266,24.826,169708662
8/9/2016,24.569,24.573,24.1097,24.1735,216776331
9/9/2016,23.9693,24.2197,23.626,23.626,192176322
12/9/2016,23.5162,24.2197,23.4885,24.1577,178592228
13/9/2016,24.6299,24.9241,24.566,24.7328,267326800
14/9/2016,24.9093,25.8916,24.883,25.6079,464212365
15/9/2016,26.0877,26.5088,25.9975,26.4705,386574150
16/9/2016,26.3751,26.603,26.1291,26.3293,307576756
19/9/2016,26.391,26.6157,25.9455,26.0192,202458245
20/9/2016,25.8966,26.1476,25.777,26.0172,148122009
21/9/2016,26.0857,26.1173,25.7611,26.0114,144991048
22/9/2016,26.2027,26.3331,26.1193,26.2545,128781122
23/9/2016,26.2155,26.297,25.557,25.8207,225678866
26/9/2016,25.5788,25.9779,25.557,25.8572,124974522
27/9/2016,25.8837,25.9288,25.7382,25.9062,104307911
28/9/2016,26.0466,26.2604,25.9849,26.1075,125911246
29/9/2016,25.9229,26.0732,25.6148,25.7024,151228649
30/9/2016,25.765,25.972,25.6148,25.8966,145585363
3/10/2016,25.8207,25.8966,25.7237,25.7799,90993431
4/10/2016,25.8994,26.1928,25.8023,25.8837,127909166
5/10/2016,25.9799,26.0387,25.8148,25.8966,87281125
6/10/2016,26.0486,26.1997,25.9161,26.0956,122470137
7/10/2016,26.1928,26.2447,26.0015,26.1349,104586363
10/10/2016,26.3526,26.7472,26.2801,26.5862,154322423
11/10/2016,26.9669,27.1918,26.6207,26.6452,271835384
12/10/2016,26.8885,27.0259,26.7472,26.8856,161322276
13/10/2016,26.757,26.9052,26.5058,26.8001,148763946
14/10/2016,27.0063,27.0671,26.8365,26.9505,150407255
17/10/2016,26.8856,26.9963,26.755,26.9327,96052407
18/10/2016,27.0691,27.077,26.9081,26.9129,96200260
19/10/2016,26.866,26.9798,26.0732,26.8345,85245529
20/10/2016,26.7746,26.8934,26.652,26.8199,103084299
21/10/2016,26.7618,26.7854,26.6403,26.7128,95398662
24/10/2016,26.8296,26.9738,26.805,26.9542,99163330
25/10/2016,27.019,27.1142,26.8816,27.0865,168279278
26/10/2016,26.1928,26.5019,25.9602,26.4755,280937998
27/10/2016,26.4265,26.5401,26.1436,26.2282,122332776
28/10/2016,26.0897,26.3969,25.9896,26.0534,151802046
31/10/2016,26.0367,26.1731,25.9328,26.0094,115321347
1/11/2016,25.9896,26.0663,25.3194,25.5431,191300778
2/11/2016,25.5235,25.7402,25.4845,25.566,123668634
3/11/2016,25.557,25.6657,25.2261,25.2898,116960995
4/11/2016,24.9919,25.3831,24.8966,25.0605,133916728
7/11/2016,25.3443,25.447,25.2037,25.4228,137183531
8/11/2016,25.3981,25.7266,25.2609,25.5758,99757727
9/11/2016,25.2997,25.6346,24.883,25.5335,242076737
10/11/2016,25.5833,25.5833,24.3725,24.8212,244617523
11/11/2016,24.6641,25.0664,24.5334,24.9712,146430700
14/11/2016,24.8044,24.826,23.9624,24.3462,222241334
15/11/2016,24.5394,24.7965,24.4481,24.6611,140116026
16/11/2016,24.569,25.3782,24.5462,25.3244,252487739
17/11/2016,25.288,25.4078,25.0585,25.3144,115082556
18/11/2016,25.2659,25.4548,25.2509,25.3394,114122451
21/11/2016,25.3542,25.7898,25.3294,25.7284,118604985
22/11/2016,25.7799,25.8837,25.6513,25.7461,97289339
23/11/2016,25.6425,25.6785,25.403,25.6148,107336014
25/11/2016,25.5932,25.7611,25.55,25.7432,48056717
28/11/2016,25.6589,25.8966,25.6503,25.6925,109021108
29/11/2016,25.5107,25.7994,25.3413,25.6657,120162692
30/11/2016,25.7005,25.8346,25.3881,25.4489,143125425
1/12/2016,25.4128,25.5471,25.1037,25.2114,151484396
2/12/2016,25.1359,25.3473,25.0634,25.3016,103618006
5/12/2016,25.3274,25.3344,24.9291,25.1225,140261912
6/12/2016,25.2134,25.4098,25.1419,25.3144,109386175
7/12/2016,25.1575,25.6049,25.1339,25.569,127287735
8/12/2016,25.5275,25.8867,25.4687,25.8177,112404940
9/12/2016,25.8602,26.4097,25.8602,26.2408,144885023
12/12/2016,26.0897,26.4755,25.9012,26.0927,112552581
13/12/2016,26.2155,26.6942,26.1967,26.5214,182112564
14/12/2016,26.4843,26.759,26.4705,26.5214,140529618
15/12/2016,26.5666,26.8856,26.5314,26.6695,188450296
16/12/2016,26.8228,26.8296,26.6306,26.7069,168081328
19/12/2016,26.6648,27.0259,26.6549,26.864,114227324
20/12/2016,26.8856,27.0504,26.8738,26.9327,81996045
21/12/2016,26.8983,27.0308,26.8934,26.9571,93980937
22/12/2016,26.7953,26.8325,26.6286,26.7805,109269811
23/12/2016,26.6157,26.8345,26.6157,26.8345,59829193
27/12/2016,26.8345,27.124,26.8266,27.0013,76020263
28/12/2016,27.0563,27.176,26.759,26.8885,83853197
29/12/2016,26.8169,26.9699,26.805,26.8856,64059888
30/12/2016,26.866,26.9865,26.5793,26.6695,132827859
3/1/2017,26.6648,26.7903,26.4187,26.7472,120467994
4/1/2017,26.6774,26.8325,26.6549,26.7178,89115042
5/1/2017,26.6942,26.9109,26.6677,26.8561,94219099
6/1/2017,26.8934,27.2114,26.8228,27.1505,134286971
9/1/2017,27.1592,27.5047,27.1564,27.3988,137390282
10/1/2017,27.3475,27.4928,27.2428,27.4281,92002507
11/1/2017,27.3398,27.6147,27.3093,27.5752,114849895
12/1/2017,27.3752,27.4733,27.221,27.4636,115821800
13/1/2017,27.4281,27.5459,27.3575,27.4114,110288116
17/1/2017,27.2527,27.6861,27.223,27.6321,138639514
18/1/2017,27.6321,27.7452,27.5655,27.6302,98046501
19/1/2017,27.4968,27.6539,27.4898,27.5831,103543644
20/1/2017,27.7324,27.7324,27.5733,27.6321,123397119
23/1/2017,27.6321,27.8208,27.5812,27.6539,84513995
24/1/2017,27.5293,27.6569,27.5194,27.6243,98112726
25/1/2017,27.7255,28.1161,27.6959,28.066,137542575
26/1/2017,28.0139,28.1945,28.0011,28.0787,110114044
27/1/2017,28.1258,28.1749,28.0011,28.0816,87371506
30/1/2017,27.8462,28.0041,27.7843,28.0041,129165525
31/1/2017,27.8973,27.952,27.7745,27.9451,173319162
1/2/2017,29.2491,30.049,29.2432,29.6458,478841584
2/2/2017,29.4691,29.7929,29.423,29.6007,139515821
3/2/2017,29.5476,29.7458,29.5163,29.7184,106428581
6/2/2017,29.7312,30.051,29.6801,30.0078,113411145
7/2/2017,30.0607,30.411,30.0412,30.2847,157365333
8/2/2017,30.2482,30.4435,30.2159,30.3984,93206785
9/2/2017,30.4435,30.6329,30.3158,30.629,103926111
10/2/2017,30.6387,30.7467,30.5406,30.5575,83544459
13/2/2017,30.778,30.9448,30.7044,30.8301,95617996
14/2/2017,30.8693,31.2421,30.8205,31.2244,134301650
15/2/2017,31.3435,31.5147,31.1343,31.3405,145425094
16/2/2017,31.3793,31.4267,31.1832,31.3037,93129010
17/2/2017,31.2441,31.4121,31.2441,31.3902,91350790
21/2/2017,31.5052,31.6298,31.4461,31.6169,94836464
22/2/2017,31.5543,31.7143,31.4776,31.7114,76087931
23/2/2017,31.7722,31.7919,31.5227,31.5691,80460009
24/2/2017,31.4297,31.608,31.2882,31.608,91791272
27/2/2017,31.7161,31.7821,31.5167,31.6678,82749810
28/2/2017,31.7044,31.7821,31.6169,31.6818,91450443
1/3/2017,31.8898,32.4128,31.8209,32.3322,151341314
2/3/2017,32.3773,32.444,32.087,32.1341,110556111
3/3/2017,32.092,32.3402,32.0497,32.3302,86394216
6/3/2017,32.2292,32.3282,32.0497,32.2244,81915034
7/3/2017,32.1575,32.3716,32.095,32.2676,72156048
8/3/2017,32.1311,32.3322,32.1019,32.1439,77702168
9/3/2017,32.082,32.095,31.6975,32.0693,89137673
10/3/2017,32.2048,32.2264,32.0594,32.1774,79942710
13/3/2017,32.1834,32.2459,32.1019,32.193,75331181
14/3/2017,32.2167,32.2991,32.1047,32.141,66196115
15/3/2017,32.242,32.5522,32.1478,32.4866,111090776
16/3/2017,32.5442,32.6129,32.4381,32.5374,83158811
17/3/2017,32.6089,32.6089,32.3519,32.3744,164054084
20/3/2017,32.4727,32.7228,32.4314,32.7163,93147385
21/3/2017,32.8699,33.024,32.3184,32.3421,170926621
22/3/2017,32.3421,32.7453,32.3253,32.7063,111818883
23/3/2017,32.6697,32.7395,32.5205,32.5892,87977043
24/3/2017,32.7228,32.7788,32.4599,32.5275,92623739
27/3/2017,32.236,32.6599,32.0556,32.5794,96077087
28/3/2017,32.5863,33.3126,32.5225,33.2567,141637461
29/3/2017,33.2271,33.4165,33.1133,33.3283,121299737
30/3/2017,33.345,33.4185,33.186,33.286,80864928
31/3/2017,33.2371,33.3645,33.0743,33.2221,81259782
3/4/2017,33.2341,33.3283,33.084,33.2321,86417863
4/4/2017,33.1271,33.5106,33.1075,33.4814,84014539
5/4/2017,33.3518,33.6393,33.2597,33.3087,116818264
6/4/2017,33.3695,33.4235,33.1743,33.2221,87765217
7/4/2017,33.24,33.342,33.1301,33.1467,72090288
10/4/2017,33.2075,33.2734,33.0475,33.1075,72149902
11/4/2017,33.0574,33.1496,32.3902,32.7523,131359872
12/4/2017,32.7453,32.8769,32.6109,32.7944,85960194
13/4/2017,32.8211,32.9309,32.6208,32.6208,74122165
17/4/2017,32.7181,32.8141,32.5767,32.8014,67562496
18/4/2017,32.7033,32.8534,32.6357,32.6551,60812566
19/4/2017,32.8141,32.8435,32.4846,32.5345,71428595
20/4/2017,32.6599,33.0524,32.6456,32.9436,96809143
21/4/2017,32.9436,32.9978,32.8063,32.9063,71908528
24/4/2017,33.186,33.2907,33.1104,33.2173,74019903
25/4/2017,33.2811,33.5136,33.2714,33.4264,80737339
26/4/2017,33.4107,33.443,33.1565,33.2271,86552819
27/4/2017,33.283,33.3382,33.1398,33.2538,61433590
28/4/2017,33.3224,33.3714,33.1301,33.2202,90199811
1/5/2017,33.5558,34.0476,33.5255,33.9005,144970473
2/5/2017,34.1252,34.2459,33.9611,34.1174,192126151
3/5/2017,33.6687,34.1124,33.3645,34.0151,197215003
4/5/2017,33.8846,34.0348,33.7178,33.8876,100948944
5/5/2017,33.9435,34.4557,33.9435,34.4507,118164591
8/5/2017,34.4654,35.5447,34.4654,35.3861,210509316
9/5/2017,35.587,35.8147,35.4859,35.6164,168773526
10/5/2017,35.5293,35.6039,35.1749,35.4419,111474756
11/5/2017,35.4025,35.7743,35.3683,35.748,117298627
12/5/2017,35.9208,36.3288,35.913,36.2505,139653962
15/5/2017,36.2306,36.379,36.0069,36.1562,111595570
16/5/2017,36.2131,36.2426,35.9254,36.1051,86107922
17/5/2017,35.6723,35.8923,34.7649,34.8914,218237946
18/5/2017,35.1258,35.6115,35.0982,35.4251,144551700
19/5/2017,35.6213,35.7557,35.4419,35.5437,115787572
22/5/2017,35.7595,35.8943,35.5075,35.7576,98760266
23/5/2017,35.9698,35.9698,35.6039,35.7215,85732093
24/5/2017,35.7294,35.7971,35.4517,35.6115,82709086
25/5/2017,35.7048,35.8421,35.5361,35.7363,82761343
26/5/2017,35.7595,35.8147,35.6039,35.6753,94271489
30/5/2017,35.6312,35.8617,35.6096,35.6899,86636616
31/5/2017,35.7527,35.7971,35.3861,35.4713,105311750
1/6/2017,35.5705,35.6096,35.3485,35.5723,70554654
2/6/2017,35.6703,36.1022,35.5036,36.1022,119300156
5/6/2017,35.8392,35.8655,35.641,35.7462,108880918
6/6/2017,35.7383,36.1825,35.7176,35.8655,114519237
7/6/2017,35.9991,36.2229,35.8705,36.0826,90518058
8/6/2017,36.0531,36.1217,35.8539,35.9915,91061835
9/6/2017,36.0384,36.0384,33.9103,34.594,278993244
12/6/2017,33.8445,33.9267,33.0908,33.7679,310920321
13/6/2017,34.174,34.2389,33.7062,34.0476,146826765
14/6/2017,34.2507,34.2507,33.4009,33.7062,135456037
15/6/2017,33.2811,33.5518,33.024,33.5106,136344955
16/6/2017,33.3892,33.5558,33.0212,33.0377,216463396
19/6/2017,33.3596,34.0807,33.3596,33.9858,139806707
20/6/2017,34.1094,34.1094,33.6569,33.6735,107165004
21/6/2017,33.7933,33.9219,33.5804,33.8746,91574737
22/6/2017,33.8523,34.0739,33.6982,33.82,82188776
23/6/2017,33.7002,34.174,33.6962,33.971,152541702
26/6/2017,34.176,34.4342,33.7581,33.8627,110579894
27/6/2017,33.6735,33.9435,33.3498,33.3772,106498526
28/6/2017,33.5538,33.9316,33.2439,33.8647,94977962
29/6/2017,33.6022,33.7002,33.0397,33.3645,135449698
30/6/2017,33.5443,33.6609,33.3892,33.4459,99060510
3/7/2017,33.6413,33.7383,33.2301,33.3224,61483370
5/7/2017,33.3675,33.6216,33.1427,33.4618,92803935
6/7/2017,33.2105,33.3224,33.0713,33.1427,103825746
7/7/2017,33.1841,33.6118,33.1841,33.4844,80608307
10/7/2017,33.4667,33.8926,33.2927,33.6865,90778027
11/7/2017,33.608,33.8706,33.5305,33.7952,84930412
12/7/2017,33.8746,33.9463,33.6296,33.8445,107067218
13/7/2017,33.7875,34.4802,33.7738,34.3143,108006061
14/7/2017,34.3607,34.6793,34.2123,34.6097,86628954
17/7/2017,34.5549,35.0463,34.4999,34.7333,102361050
18/7/2017,34.6489,34.8628,34.5222,34.8532,76867381
19/7/2017,34.9433,35.163,34.8206,35.072,90045676
20/7/2017,35.1799,35.2366,34.8757,34.9118,74068650
21/7/2017,34.8305,34.9336,34.5706,34.8943,108177235
24/7/2017,34.969,35.3996,34.8108,35.32,92450791
25/7/2017,35.2514,35.7294,35.2514,35.4683,81085983
26/7/2017,35.6135,35.7462,35.5437,35.641,67755487
27/7/2017,35.7098,35.7576,34.2044,34.963,139667626
28/7/2017,34.8078,34.8856,34.646,34.7205,74050654
31/7/2017,34.8108,34.9098,34.3967,34.5352,84891785
1/8/2017,34.6236,34.8836,34.4635,34.8453,146999770
2/8/2017,36.9951,37.0961,36.2642,36.4897,300300847
3/8/2017,36.4681,36.5065,35.9991,36.1265,114651802
4/8/2017,36.2446,36.5465,36.1542,36.3211,88367878
7/8/2017,36.4711,36.9108,36.3838,36.8833,94002727
8/8/2017,36.8333,37.5819,36.7577,37.1667,155596966
9/8/2017,36.9903,37.4524,36.9558,37.4033,112239052
10/8/2017,37.2768,37.3,36.0501,36.2111,170109885
11/8/2017,36.5065,36.9756,36.3867,36.7163,112540658
14/8/2017,37.1434,37.3494,37.0097,37.264,94688239
15/8/2017,37.4554,37.8103,37.3318,37.6711,126022406
16/8/2017,37.7515,37.8879,37.3347,37.5231,118487682
17/8/2017,37.4259,37.467,36.7989,36.8048,117942440
18/8/2017,36.8048,37.1794,36.5331,36.7202,117521712
21/8/2017,36.7202,36.8117,36.1612,36.6495,112985542
22/8/2017,36.8931,37.3,36.843,37.2471,92516578
23/8/2017,37.0842,37.4131,37.0392,37.2961,83122237
24/8/2017,37.4033,37.4747,36.9706,37.1306,84943574
25/8/2017,37.215,37.4328,37.1306,37.2669,109240054
28/8/2017,37.3318,37.7664,37.2837,37.6399,110228339
29/8/2017,37.3248,38.0381,37.3,37.9862,126355413
30/8/2017,38.1853,38.2068,37.9125,38.0872,116769868
31/8/2017,38.1501,38.3512,38.1167,38.2315,114724310
1/9/2017,38.417,38.4511,38.1471,38.2412,71099066
5/9/2017,38.1755,38.2883,37.4328,37.784,126559289
6/9/2017,37.937,38.0057,37.4259,37.7447,92703284
7/9/2017,37.786,37.8232,37.3864,37.5965,93968354
8/9/2017,37.5014,37.57,36.9656,36.9883,121926575
11/9/2017,37.4201,37.7762,37.2739,37.6476,135187333
12/9/2017,37.9125,38.2216,37.0147,37.5014,307150215
13/9/2017,37.2699,37.2913,36.8165,37.215,192455209
14/9/2017,37.0648,37.1568,36.8585,36.9049,101400145
15/9/2017,36.9508,37.5278,36.8371,37.2719,209531651
18/9/2017,37.3278,37.4201,36.8371,36.9981,120785969
19/9/2017,37.1824,37.2442,36.943,37.0077,88336574
20/9/2017,36.8147,36.901,35.8617,36.3867,223901194
21/9/2017,36.3258,36.3258,35.6135,35.7576,160293126
22/9/2017,35.4389,35.4977,35.1042,35.4122,199812663
25/9/2017,34.969,35.3976,34.7747,35.1012,190313985
26/9/2017,35.3861,35.8804,35.3633,35.7078,157103182
27/9/2017,35.8539,36.0699,35.7912,35.955,108964281
28/9/2017,35.8724,35.9678,35.6019,35.7363,94298689
29/9/2017,35.7245,35.9303,35.4349,35.9283,112660404
2/10/2017,35.9618,36.0089,35.6068,35.8558,80136879
3/10/2017,35.9012,36.1562,35.8774,36.0109,69569956
4/10/2017,35.8129,35.8655,35.5437,35.7763,86284672
5/10/2017,35.9421,36.2406,35.911,36.2277,91214846
6/10/2017,36.1285,36.2505,36.0334,36.2051,74573779
9/10/2017,36.3288,36.5351,36.2505,36.3357,69675537
10/10/2017,36.3838,36.8371,36.1582,36.3504,66930247
11/10/2017,36.3671,36.5929,36.3132,36.4947,72411204
12/10/2017,36.4467,36.6892,36.3092,36.3711,70264540
13/10/2017,36.5351,36.6674,36.4613,36.5959,70233197
16/10/2017,36.8147,37.3,36.7577,37.2719,103357318
17/10/2017,37.2471,37.5034,37.1208,37.4131,81379323
18/10/2017,37.4003,37.467,37.2042,37.2424,69729652
19/10/2017,36.5398,36.6183,36.1415,36.3691,181812544
20/10/2017,36.5094,36.7791,36.3642,36.4221,102565788
23/10/2017,36.5731,36.7674,36.2523,36.4072,94194946
24/10/2017,36.432,36.7007,36.4122,36.6223,75657215
25/10/2017,36.5789,36.7331,36.1982,36.4613,90837979
26/10/2017,36.6545,36.7969,36.5465,36.6987,72630597
27/10/2017,37.1356,38.1402,37.0018,38.0204,190453775
30/10/2017,38.2068,39.1841,38.1688,38.8674,191737850
31/10/2017,39.144,39.5482,38.9163,39.413,154617936
1/11/2017,39.6024,39.6188,38.6121,38.9036,144284588
2/11/2017,39.0823,39.2832,38.5326,39.1938,177551212
3/11/2017,40.5668,40.6288,39.8926,40.2135,254782302
6/11/2017,40.1821,40.7953,40.0369,40.6258,149167863
7/11/2017,40.5453,40.8268,40.5453,40.7523,104391895
8/11/2017,40.7208,41.0887,40.6451,41.0887,104504256
9/11/2017,40.8228,41.0575,40.3645,41.0053,126224382
10/11/2017,40.971,41.0377,40.7738,40.8659,107407701
13/11/2017,40.5961,40.8248,40.5715,40.7072,72482299
14/11/2017,40.4904,40.5911,40.0537,40.0888,105535894
15/11/2017,39.7662,39.8466,39.4002,39.558,123945112
16/11/2017,40.0537,40.2117,39.8426,40.0369,100890078
17/11/2017,40.0212,40.1017,39.6947,39.81,93542530
20/11/2017,39.8397,39.9045,39.6748,39.7682,68562522
21/11/2017,39.9583,40.6421,39.9583,40.5117,107066892
22/11/2017,40.5628,40.9435,40.4934,40.9338,109250319
24/11/2017,40.969,41.0644,40.8621,40.9367,59949980
27/11/2017,40.9564,40.9634,40.5579,40.7306,88014074
28/11/2017,40.7807,40.912,40.2087,40.4962,112848215
29/11/2017,40.39,40.4606,39.1115,39.655,177265489
30/11/2017,39.874,40.2743,39.4159,40.2057,177329818
1/12/2017,39.7613,40.1643,39.4294,40.0241,169831045
4/12/2017,40.3548,40.388,39.6917,39.7304,138965812
5/12/2017,39.553,40.1301,39.4061,39.6947,116751215
6/12/2017,39.1918,39.82,38.941,39.5511,121383506
7/12/2017,39.5452,39.8759,39.5189,39.6161,109655221
8/12/2017,39.8887,40.0113,39.4961,39.6286,99564848
11/12/2017,39.5875,40.4537,39.4894,40.4,146454531
12/12/2017,40.2772,40.3323,40.1155,40.1693,82885659
13/12/2017,40.3596,40.606,40.241,40.3067,100026389
14/12/2017,40.3353,40.5088,40.1594,40.294,87372841
15/12/2017,40.6258,40.7493,40.3498,40.7072,171517763
18/12/2017,40.914,41.4547,40.91,41.2791,125603602
19/12/2017,40.9515,41.0397,40.7306,40.8327,117083656
20/12/2017,40.912,41.0476,40.5384,40.7933,100254874
21/12/2017,40.7493,41.1859,40.7334,40.9465,89117054
22/12/2017,40.8689,41.0476,40.8248,40.9465,69840566
26/12/2017,39.9622,40.1175,39.7044,39.9075,141661816
27/12/2017,39.7975,39.9583,39.7111,39.9143,91806564
28/12/2017,40.0113,40.2057,39.8857,40.031,70341140
29/12/2017,39.8946,39.9123,39.5925,39.5945,110892656
2/1/2018,39.813,40.3127,39.6024,40.3038,109069688
3/1/2018,40.3675,40.8366,40.2312,40.2969,125940453
4/1/2018,40.3694,40.5891,40.2605,40.4874,95519129
5/1/2018,40.5813,41.0347,40.4934,40.9435,100851184
8/1/2018,40.7933,41.0887,40.6974,40.8032,87746713
9/1/2018,40.8366,40.9594,40.5735,40.7876,92032835
10/1/2018,40.5156,40.7807,40.4805,40.7778,102314952
11/1/2018,40.8466,41.0615,40.8248,41.0122,79726241
12/1/2018,41.2231,41.4941,41.0984,41.4283,108272512
16/1/2018,41.6216,41.9731,41.2132,41.2251,126158897
17/1/2018,41.2152,41.9414,40.9614,41.9051,146466536
18/1/2018,41.9691,42.1396,41.7069,41.9434,132880948
19/1/2018,41.7914,42.0169,41.5038,41.757,134544492
22/1/2018,41.4794,41.594,41.3203,41.4127,115667604
23/1/2018,41.4794,41.9856,41.3694,41.4214,139079089
24/1/2018,41.4665,41.4794,40.5255,40.7611,219592102
25/1/2018,40.8268,40.9318,39.8976,40.0389,177150058
26/1/2018,40.241,40.241,39.7877,40.1273,167076509
29/1/2018,39.813,39.813,39.0892,39.2989,216130312
30/1/2018,38.7309,39.1608,38.5346,39.0666,195339155
31/1/2018,39.0408,39.4159,38.9508,39.1756,137937496
1/2/2018,39.1144,39.456,39.0143,39.254,196278710
2/2/2018,38.8406,39.0242,37.4592,37.5524,367485324
5/2/2018,37.2207,38.3374,36.4966,36.6105,308773185
6/2/2018,36.2277,38.302,36.0305,38.1451,291674090
7/2/2018,38.1559,38.2295,37.2131,37.3178,220038418
8/2/2018,37.5034,37.6674,36.2798,36.3033,231575854
9/2/2018,36.9049,37.0911,35.2958,36.7479,300520068
12/2/2018,37.2325,38.5003,37.0048,38.2216,258721547
13/2/2018,38.0519,38.7075,37.9812,38.6102,138275165
14/2/2018,38.3001,39.3607,38.2658,39.3207,172324768
15/2/2018,39.8857,40.6677,39.7073,40.6421,216732408
16/2/2018,40.4943,41.0701,40.3518,40.5088,170780891
20/2/2018,40.4188,40.9367,40.2704,40.3714,144277252
21/2/2018,40.6031,40.9023,40.1723,40.1861,159137656
22/2/2018,40.3596,40.864,40.3383,40.5255,131764973
23/2/2018,40.7972,41.2665,40.768,41.233,143808460
26/2/2018,41.4283,42.1446,41.3959,42.0456,161160494
27/2/2018,42.0739,42.4037,41.8599,41.911,165703163
28/2/2018,42.1131,42.4321,41.8335,41.8502,160825109
1/3/2018,41.9463,42.232,40.5628,41.1142,207732606
2/3/2018,40.5961,41.4165,40.5137,41.3959,163684775
5/3/2018,41.1643,41.757,41.0003,41.5353,120894496
6/3/2018,41.7983,41.8798,41.3773,41.499,101259200
7/3/2018,41.0984,41.3125,40.9396,41.1211,134950345
8/3/2018,41.228,41.6099,41.131,41.5646,101197902
9/3/2018,41.8109,42.2857,41.6716,42.2808,137000769
12/3/2018,42.3574,42.8481,42.3378,42.6894,137094078
13/3/2018,42.8943,43.1122,42.1071,42.2788,134908067
14/3/2018,42.3642,42.4095,41.7747,41.9218,125010634
15/3/2018,41.9364,42.3447,41.8375,41.9711,96812247
16/3/2018,41.9711,42.0779,41.7287,41.8256,167731732
19/3/2018,41.655,41.6912,40.7972,41.1839,142370999
20/3/2018,41.1722,41.5313,41.0984,41.1722,83640281
21/3/2018,41.1241,41.1359,40.2312,40.2332,157729662
22/3/2018,39.9357,40.5668,39.6092,39.6699,176611427
23/3/2018,39.558,39.9172,38.7533,38.7533,174644925
26/3/2018,39.4826,40.6697,39.1017,40.5891,159799667
27/3/2018,40.8002,41.1497,39.2117,39.5452,174192841
28/3/2018,39.291,39.9406,38.8094,39.1115,177368154
29/3/2018,39.4255,40.348,39.2057,39.4197,163448761
2/4/2018,39.444,39.6917,38.6407,39.1578,159993579
3/4/2018,39.3863,39.6453,38.7387,39.558,128882853
4/4/2018,38.7387,40.4089,38.7115,40.3156,147303249
5/4/2018,40.5453,40.9298,40.4266,40.5961,114645024
6/4/2018,40.1643,40.5216,39.5139,39.555,149005058
9/4/2018,39.9075,40.6677,39.8976,39.9486,123518083
10/4/2018,40.6451,40.8729,40.2969,40.7044,121635540
11/4/2018,40.4636,40.8562,40.3353,40.5117,95483505
12/4/2018,40.7373,41.1142,40.655,40.9071,97431533
13/4/2018,41.0615,41.3105,40.8396,41.0516,106945010
16/4/2018,41.1211,41.39,41.072,41.3055,91851648
17/4/2018,41.4567,42.0386,41.437,41.8768,113249888
18/4/2018,41.7747,42.009,41.5509,41.7816,88344676
19/4/2018,41.1013,41.2054,40.5628,40.5961,148168672
20/4/2018,40.0798,40.2214,38.8624,38.931,278772459
23/4/2018,39.1938,39.2117,38.5494,38.8222,155433384
24/4/2018,38.9192,39.0754,37.8763,38.2728,143414915
25/4/2018,38.202,38.8604,38.154,38.4444,120812421
26/4/2018,38.5553,38.933,38.3766,38.5808,119028593
27/4/2018,38.5267,38.6072,37.735,38.1352,151774212
30/4/2018,38.095,39.293,38.0282,38.8261,180598430
1/5/2018,39.095,39.7483,38.829,39.7286,228025756
2/5/2018,41.1663,41.7588,40.8268,41.4764,283234408
3/5/2018,41.3203,41.6992,40.9808,41.5529,145016115
4/5/2018,41.8798,43.2838,41.8629,43.1896,239228988
7/5/2018,43.5036,44.0882,43.4014,43.4986,180700581
8/5/2018,43.4564,43.7491,43.1502,43.7105,120900511
9/5/2018,43.8254,44.0226,43.5135,44.0137,98801986
10/5/2018,44.1059,44.7222,44.0842,44.6428,119140432
11/5/2018,44.686,44.8223,44.2091,44.4758,111147488
14/5/2018,44.5752,44.6957,44.3022,44.3709,88108081
15/5/2018,44.0474,44.1178,43.6557,43.9657,100474409
16/5/2018,43.8822,44.4465,43.8647,44.3788,81341804
17/5/2018,44.3346,44.5534,43.9491,44.0982,73331752
18/5/2018,44.1473,44.2905,43.896,43.9371,77587723
21/5/2018,44.3346,44.6329,44.0784,44.2501,78024722
22/5/2018,44.4269,44.5454,44.0474,44.1404,64625049
23/5/2018,43.9461,44.4544,43.8078,44.422,85053555
24/5/2018,44.5191,44.5357,43.9137,44.3709,98518859
25/5/2018,44.3905,44.7251,44.2531,44.4738,74039596
29/5/2018,44.2425,44.5151,44.0687,44.3101,95466273
30/5/2018,44.2709,44.3346,44.0474,44.2189,79253391
31/5/2018,44.1551,44.3905,43.899,44.0687,116535091
1/6/2018,44.3317,44.8715,44.2789,44.8656,99403102
4/6/2018,45.1961,45.6141,45.1274,45.2413,111376271
5/6/2018,45.5288,45.7387,45.3599,45.5878,91446000
6/6/2018,45.6652,45.7715,45.2619,45.7476,88764678
7/6/2018,45.7859,45.8005,45.3531,45.6239,90518292
8/6/2018,45.0873,45.2794,44.7547,45.2118,113032636
11/6/2018,45.1274,45.2718,44.8586,45.098,77633229
12/6/2018,45.1373,45.4181,45.0823,45.3404,71708189
13/6/2018,45.3727,45.4847,44.9125,44.9763,91753127
14/6/2018,45.1766,45.1824,44.8616,44.9999,91633039
15/6/2018,44.8154,44.8459,44.3984,44.5357,261707315
18/6/2018,44.3051,44.621,44.1502,44.5133,78381246
19/6/2018,43.6625,43.9411,43.2641,43.791,142382483
20/6/2018,43.9461,44.1502,43.8009,43.9805,87471730
21/6/2018,44.1628,44.419,43.6163,43.7401,109025984
22/6/2018,43.894,43.902,43.5575,43.6113,115337856
25/6/2018,43.2523,43.6113,42.6194,42.961,134260799
26/6/2018,43.1571,43.9883,43.0512,43.4938,104180604
27/6/2018,43.6849,44.1698,43.3986,43.428,107217199
28/6/2018,43.4144,43.9137,43.3446,43.7491,73633675
29/6/2018,43.9324,44.1473,43.1376,43.6557,96414357
2/7/2018,43.3494,44.1746,43.2571,44.1454,75186085
3/7/2018,44.2885,44.3218,43.2838,43.3721,59172461
5/7/2018,43.6909,43.9609,43.4564,43.7264,70406882
6/7/2018,43.7304,44.4416,43.6782,44.3278,74142565
9/7/2018,44.6879,44.9714,44.6408,44.947,83773913
10/7/2018,44.9792,45.1108,44.8516,44.8909,67586654
11/7/2018,44.4544,44.7567,44.2445,44.3051,79850952
12/7/2018,44.6957,45.1432,44.6428,45.0568,76499676
13/7/2018,45.0685,45.2433,45.0246,45.1235,53087581
16/7/2018,45.1696,45.4274,44.9075,45.0275,63787196
17/7/2018,44.7487,45.251,44.6161,45.1531,65870930
18/7/2018,45.2287,45.2336,44.7909,44.9026,69512736
19/7/2018,44.7351,45.4043,44.7351,45.253,86021768
20/7/2018,45.2287,45.3757,44.8487,45.1502,87799680
23/7/2018,44.9714,45.2698,44.7026,45.1922,67799587
24/7/2018,45.3786,45.6722,45.2913,45.514,79284568
25/7/2018,45.5288,45.9507,45.3757,45.9429,71349219
26/7/2018,45.8957,46.2158,45.6612,45.8034,80887674
27/7/2018,45.9831,46.0322,44.8321,45.0442,101868675
30/7/2018,45.257,45.3219,44.587,44.7859,89171386
31/7/2018,44.8785,45.31,44.6496,44.8755,166953216
1/8/2018,46.9632,47.5806,46.5287,47.5235,288067332
2/8/2018,47.3038,49.1435,47.2518,48.9101,264611287
3/8/2018,48.8228,49.2276,48.4588,49.0514,141826756
6/8/2018,49.0543,49.3477,48.8328,49.3076,107811083
7/8/2018,49.3654,49.4046,48.7613,48.8416,108498009
8/8/2018,48.593,49.0101,48.2321,48.8747,95514661
9/8/2018,48.8826,49.4704,48.8628,49.2615,99615619
10/8/2018,49.0769,49.4832,48.9101,49.1163,103993988
13/8/2018,49.1553,49.9227,49.1553,49.4261,109401234
14/8/2018,49.7335,49.8305,49.288,49.641,87670170
15/8/2018,49.5125,49.8735,49.3046,49.7549,121725603
16/8/2018,50.1142,50.5986,50.0473,50.4831,120427545
17/8/2018,50.5126,51.578,50.4466,51.4896,149695847
20/8/2018,51.6134,51.8716,50.9078,50.9891,127979862
21/8/2018,51.3091,51.4024,50.6489,50.8913,110537352
22/8/2018,50.6685,51.2041,50.6055,50.8933,80360612
23/8/2018,50.798,51.3701,50.7861,50.996,79790565
24/8/2018,51.2632,51.3338,50.9078,51.1571,78071356
27/8/2018,51.3925,51.7693,51.1975,51.575,86728341
28/8/2018,51.8303,52.1916,51.8116,51.9932,96242626
29/8/2018,52.0983,52.891,51.9235,52.7674,115164461
30/8/2018,52.8322,54.0231,52.631,53.2539,206177025
31/8/2018,53.6042,54.1656,53.4797,53.87,183132600
4/9/2018,54.0594,54.2353,53.6337,54.0478,115736278
5/9/2018,54.1952,54.3549,53.2707,53.6905,140847553
6/9/2018,53.5357,53.8035,52.3749,52.7968,144891393
7/9/2018,52.5043,53.3364,52.2324,52.3749,158961521
10/9/2018,52.2916,52.5043,51.2316,51.6703,166975727
11/9/2018,51.5916,53.089,51.2532,52.9793,151056669
12/9/2018,53.2343,53.25,52.0253,52.3207,208226021
13/9/2018,52.8979,54.0458,52.6709,53.5808,176229203
14/9/2018,53.4267,53.6828,52.6591,52.9763,135212155
17/9/2018,52.572,52.7604,51.4181,51.5615,157167056
18/9/2018,51.5419,52.5043,51.3878,51.6487,133405444
19/9/2018,51.7115,51.9745,50.9521,51.6801,114611045
20/9/2018,52.1206,52.6014,51.8636,52.0686,112434761
21/9/2018,52.2501,52.3895,51.4238,51.5092,406688107
24/9/2018,51.3141,52.3651,51.2712,52.2521,117017554
25/9/2018,52.003,52.731,51.9932,52.5818,103753888
26/9/2018,52.3032,52.9536,52.0058,52.1639,101346745
27/9/2018,52.9714,53.5877,52.9028,53.2372,127529985
28/9/2018,53.1981,53.4462,53.0204,53.4248,96887422
1/10/2018,53.9486,54.2929,53.5648,53.7808,99724568
2/10/2018,53.7779,54.4305,53.6337,54.2608,104741759
3/10/2018,54.4433,55.2538,54.3813,54.923,121080103
4/10/2018,54.616,54.9897,53.6592,53.9583,135392633
5/10/2018,53.9506,54.0594,52.2012,53.0872,141893362
8/10/2018,52.5867,53.2009,52.1109,52.9594,125344129
9/10/2018,52.9272,53.7837,52.5916,53.6905,113627337
10/10/2018,53.3581,53.5648,51.1314,51.2041,177429981
11/10/2018,50.7664,51.9459,50.2515,50.7491,224475729
12/10/2018,52.1639,52.7456,51.319,52.5623,170446533
15/10/2018,52.3425,52.5003,51.4181,51.4407,130106593
16/10/2018,51.8145,52.7703,51.2993,52.572,123316065
17/10/2018,52.6064,52.6879,51.9097,52.3502,96701647
18/10/2018,51.5556,52,50.4083,51.1247,137671494
19/10/2018,51.6035,52.3651,51.4556,51.9028,139773292
22/10/2018,52.0127,52.8584,51.8164,52.2177,121660190
23/10/2018,51.0785,52.8322,50.811,52.7086,163812520
24/10/2018,52.6789,53.0717,50.7713,50.903,172928203
25/10/2018,51.5222,52.3944,51.2973,52.0157,126154762
26/10/2018,51.0955,52.1079,50.3309,51.1916,199689029
29/10/2018,51.8735,51.9903,48.7737,50.2317,194099341
30/10/2018,49.9709,50.9226,49.5243,50.4801,154905819
31/10/2018,51.3288,52.1718,51.2692,51.7969,162084666
1/11/2018,51.8401,52.6212,51.3111,52.5897,246443071
2/11/2018,49.5929,50.5615,48.6178,49.1055,385906832
5/11/2018,48.3516,48.3714,46.9026,47.711,279572847
6/11/2018,47.7865,48.449,47.7366,48.2222,134720276
7/11/2018,48.7453,49.7108,48.3108,49.6852,141234070
8/11/2018,49.8657,49.8993,49.1025,49.5125,106796520
9/11/2018,48.8128,48.9237,48.0301,48.5611,144706672
12/11/2018,47.2605,47.4628,46.0222,46.1138,215320498
13/11/2018,45.5061,46.8291,45.4632,45.6535,197413809
14/11/2018,46.0489,46.1863,44.1571,44.3612,256019555
15/11/2018,44.7389,45.5907,44.3866,45.4532,195712084
16/11/2018,45.2413,46.3061,44.9979,45.9594,155496812
19/11/2018,45.1235,45.2893,43.9324,44.1404,176519648
20/11/2018,42.3613,43.0993,41.6795,42.0309,285597318
21/11/2018,42.6816,42.8087,41.9315,41.9856,131057256
23/11/2018,41.5431,41.9414,40.8709,40.914,99475393
26/11/2018,41.3791,41.545,40.4342,41.4647,189478951
27/11/2018,40.7306,41.5019,40.5813,41.3791,174273212
28/11/2018,41.9731,43.0571,41.5411,42.9708,193959299
29/11/2018,43.3769,43.4084,42.2014,42.6388,175884319
30/11/2018,42.8137,42.8236,42.0426,42.4095,166458726
3/12/2018,43.8058,43.9206,43.0376,43.8921,171791480
4/12/2018,42.9728,43.3161,41.8649,41.9661,174091749
6/12/2018,40.7903,41.5038,40.4735,41.4891,181477997
7/12/2018,41.2036,41.433,39.9682,40.0143,178038719
10/12/2018,39.1861,40.393,38.7909,40.2772,261177919
11/12/2018,40.766,40.7972,39.662,40.0487,199092772
12/12/2018,40.4676,40.8268,40.14,40.1594,150020358
13/12/2018,40.4904,40.9828,40.2645,40.5991,134314784
14/12/2018,40.1351,40.1544,39.2502,39.2989,171394440
17/12/2018,39.291,39.9801,38.6485,38.933,186486777
18/12/2018,39.2734,39.7838,39.0389,39.4411,142499243
19/12/2018,39.4255,39.7642,37.7811,38.2068,206527463
20/12/2018,38.097,38.4974,36.8853,37.2424,272744795
21/12/2018,37.2501,37.5604,35.5361,35.7942,403158701
24/12/2018,35.1828,35.9895,34.8138,34.8717,156511520
26/12/2018,35.218,37.3377,34.8453,37.3248,246678308
27/12/2018,37.0097,37.2276,35.643,37.0814,223664371
28/12/2018,37.4033,37.6419,36.7036,37.1011,178079952
31/12/2018,37.6447,37.8469,37.1568,37.4622,147391957
2/1/2019,36.787,37.7232,36.6252,37.5034,155966244
3/1/2019,34.1948,34.6038,33.7227,33.7679,384495723
4/1/2019,34.3242,35.279,34.1513,35.2085,246781581
7/1/2019,35.3123,35.3437,34.6489,35.1278,230657213
8/1/2019,35.5203,36.0561,35.2712,35.7971,172748644
9/1/2019,35.9254,36.6987,35.5361,36.4072,189902389
10/1/2019,36.218,36.5614,35.8246,36.5242,150664589
11/1/2019,36.3092,36.4996,35.9796,36.1681,113788965
14/1/2019,35.8226,35.9208,35.4369,35.6263,136594333
15/1/2019,35.6899,36.4251,35.6391,36.3554,120892909
16/1/2019,36.3584,37.0196,36.3387,36.7989,128722362
17/1/2019,36.6183,37.4427,36.3965,37.0147,125570402
18/1/2019,37.4033,37.4946,37.0412,37.2404,142118189
22/1/2019,37.1434,37.2179,36.2475,36.4052,127982373
23/1/2019,36.6058,36.8469,36.0265,36.5494,97397783
24/1/2019,36.5959,36.6872,36.0364,36.2642,107128812
25/1/2019,36.9292,37.5524,36.6475,37.467,141262857
28/1/2019,37,37.1257,36.4897,37.1178,110289038
29/1/2019,37.106,37.5524,36.5959,36.7361,175114789
30/1/2019,38.7721,39.4599,38.0569,39.2423,257319942
31/1/2019,39.451,40.1351,39.0793,39.5286,171545770
1/2/2019,39.652,40.1301,39.4081,39.5452,137558401
4/2/2019,39.7563,40.764,39.7286,40.6716,132621016
5/2/2019,41.0546,41.5775,40.9298,41.3644,152016070
6/2/2019,41.4724,41.6942,41.0516,41.3791,118910760
7/2/2019,40.9415,41.3105,40.4537,40.5961,133657322
8/2/2019,40.3038,40.7072,40.1663,40.6451,99872345
11/2/2019,40.7953,40.8327,40.3675,40.4089,88021227
12/2/2019,40.5695,40.7836,40.4755,40.7572,93430349
13/2/2019,40.8749,41.1379,40.5285,40.5891,94297040
14/2/2019,40.4775,40.8466,40.398,40.7363,91552914
15/2/2019,40.8426,40.9515,40.4874,40.6481,103255294
19/2/2019,40.4775,40.8876,40.4246,40.766,79549255
20/2/2019,40.8268,41.34,40.7807,41.0317,109492279
21/2/2019,40.976,41.1113,40.6188,40.7972,72324412
22/2/2019,40.9219,41.2616,40.8729,41.2536,79299065
25/2/2019,41.5353,41.9493,41.4842,41.5529,91710604
26/2/2019,41.4283,41.8109,41.3026,41.5775,71571972
27/2/2019,41.3125,41.7383,41.1987,41.7069,116708210
28/2/2019,41.5745,41.7168,41.242,41.2987,118301582
1/3/2019,41.5646,41.7747,41.234,41.7306,108535510
4/3/2019,41.9051,42.3968,41.4891,41.9434,115034497
5/3/2019,41.9661,41.9787,41.6264,41.8669,82755042
6/3/2019,41.6579,41.857,41.4822,41.6216,87253772
7/3/2019,41.4647,41.604,41.0297,41.1438,103966226
8/3/2019,40.6228,41.2791,40.4266,41.24,100624503
11/3/2019,41.857,42.7163,41.8236,42.6687,134215850
12/3/2019,42.9313,43.5673,42.7776,43.1502,136130077
13/3/2019,43.4642,43.7204,43.1531,43.3387,130113148
14/3/2019,43.8598,43.9088,43.5408,43.8205,98864152
15/3/2019,44.0862,44.6761,43.8234,44.3905,163699107
18/3/2019,44.3121,44.9342,44.3101,44.8439,109934502
19/3/2019,44.9244,45.0784,44.3415,44.4878,132686883
20/3/2019,44.4172,45.1961,44.0572,44.8785,130124502
21/3/2019,45.3179,46.8261,45.2698,46.5267,213976327
22/3/2019,46.5875,47.1478,45.4994,45.565,177806844
25/3/2019,45.6781,45.7878,44.5056,45.0196,183834526
26/3/2019,45.714,46.0029,44.0206,44.5514,208803671
27/3/2019,45.0216,45.257,44.4938,44.954,125148471
28/3/2019,45.0705,45.2118,44.7251,45.0147,87127893
29/3/2019,45.2737,45.3307,44.9714,45.3021,98798963
1/4/2019,45.7073,45.7169,44.9323,45.6121,116819624
2/4/2019,45.575,46.3796,45.565,46.2765,95452150
3/4/2019,46.0939,46.868,46.0684,46.5904,97574119
4/4/2019,46.457,46.836,46.0664,46.6698,80142321
5/4/2019,46.8555,47.0084,46.7288,46.986,77678503
8/4/2019,46.8486,47.7593,46.8291,47.7287,108516760
9/4/2019,47.7768,48.3814,47.5186,47.5826,149969046
10/4/2019,47.3853,47.8768,47.2675,47.8477,90963997
11/4/2019,47.9024,47.9367,47.3283,47.4499,87632897
12/4/2019,47.5117,47.7385,46.7973,47.4303,116394915
15/4/2019,47.3596,47.6679,47.2262,47.5186,73527642
16/4/2019,47.5726,48.0262,47.3559,47.5235,107739796
17/4/2019,47.5923,48.5075,47.3675,48.447,121200328
18/4/2019,48.445,48.6903,48.3028,48.6197,101447995
22/4/2019,48.3774,48.8777,48.2596,48.7805,81506111
23/4/2019,48.7593,49.549,48.6295,49.4832,97788624
24/4/2019,49.4537,49.7207,49.3792,49.4066,73544261
25/4/2019,49.33,49.5518,48.9218,48.9612,77747942
26/4/2019,48.8678,48.8925,48.2046,48.7275,78191945
29/4/2019,48.7523,49.1261,48.6197,48.7999,93099926
30/4/2019,48.4291,48.5135,47.4894,47.8601,195111604
1/5/2019,50.0572,51.3533,49.9013,50.2123,271807999
2/5/2019,50.0493,50.7154,49.641,49.8834,134154174
3/5/2019,50.2994,50.523,50.1434,50.5027,87597557
6/5/2019,48.7255,49.8082,48.5364,49.7207,136027472
7/5/2019,49.1055,49.4676,47.8944,48.3844,162528419
8/5/2019,48.1544,48.9759,48.1173,48.391,110436257
9/5/2019,47.7944,48.1007,46.9074,47.8728,146364792
10/5/2019,47.2675,47.612,46.1547,47.2097,172117054
13/5/2019,44.944,45.3599,43.7763,44.4661,239871358
14/5/2019,44.629,45.4142,44.3905,45.1726,152574052
15/5/2019,44.5936,45.9115,44.5386,45.7111,110869724
16/5/2019,45.4652,46.0842,45.2138,45.5061,137962600
17/5/2019,44.7547,45.7073,44.7123,45.251,137326590
20/5/2019,43.9401,44.1375,43.1648,43.8352,161272541
21/5/2019,44.3445,45.0147,44.2229,44.6742,118471890
22/5/2019,44.2139,44.4641,43.7086,43.7586,124251247
23/5/2019,43.0492,43.2286,42.5713,43.0149,152574300
24/5/2019,43.1453,43.6095,42.7638,42.8481,99049489
28/5/2019,42.8354,43.2413,42.5941,42.6727,116731505
29/5/2019,42.2399,42.9412,42.1396,42.4684,118957711
30/5/2019,42.604,42.9118,42.2986,42.6894,88623264
31/5/2019,42.1936,42.6137,41.8993,41.9169,112953340
3/6/2019,42.0456,42.597,40.766,41.4891,168722880
4/6/2019,42.007,43.0571,41.7845,43.0099,129344353
5/6/2019,44.1208,44.2905,43.3682,43.7067,124355121
6/6/2019,43.8333,44.4063,43.6113,44.3445,94085984
7/6/2019,44.6516,45.9507,44.4778,45.5238,128159971
10/6/2019,45.9253,46.776,45.8789,46.1079,109517024
11/6/2019,46.6502,46.9301,46.3519,46.6387,112490978
12/6/2019,46.4373,46.9221,46.3012,46.4914,76238373
13/6/2019,46.6121,47.1164,46.3519,46.4846,90528734
14/6/2019,45.8626,46.3481,45.5613,46.1469,78361332
17/6/2019,46.1844,46.6758,46.0097,46.4226,61268843
18/6/2019,46.9419,47.9505,46.7366,47.5137,110895985
19/6/2019,47.8062,47.8553,47.2421,47.3725,88229909
20/6/2019,47.9691,48.0282,47.4109,47.7593,89857800
21/6/2019,47.6001,48.0859,47.4402,47.5942,199649444
24/6/2019,47.5354,47.9211,47.4451,47.5453,76101509
25/6/2019,47.5087,47.711,46.7563,46.8241,88004784
26/6/2019,47.3481,48.1203,47.2518,47.8357,108876575
27/6/2019,47.9505,48.2616,47.7817,47.8209,87292169
28/6/2019,47.5707,47.7671,47.1772,47.3853,129940292
1/7/2019,48.6412,48.9612,48.0378,48.2567,114094242
2/7/2019,48.2222,48.6315,48.2103,48.5393,70733579
3/7/2019,48.6689,48.9493,48.5304,48.9415,47456027
5/7/2019,48.6864,49.1025,48.5774,48.8974,72113154
8/7/2019,48.076,48.2203,47.5039,47.8865,105832232
9/7/2019,47.6973,48.2469,47.6021,48.1821,85948507
10/7/2019,48.3301,48.7775,48.2596,48.6569,74751250
11/7/2019,48.6768,48.9366,48.2958,48.3058,84335569
12/7/2019,48.4715,48.8416,48.4107,48.6739,73490187
15/7/2019,48.8628,49.29,48.8416,49.1336,70784547
16/7/2019,48.9857,49.3477,48.7225,48.9632,70447886
17/7/2019,48.8532,49.1074,48.6669,48.6864,58922804
18/7/2019,48.8416,49.292,48.7709,49.2396,77612394
19/7/2019,49.2714,49.4379,48.449,48.5055,87415753
22/7/2019,48.7593,49.6167,48.7493,49.6138,93048575
23/7/2019,49.9091,50.0179,49.6313,50.0001,76664486
24/7/2019,49.7187,50.0767,49.6029,49.959,62615502
25/7/2019,50.0129,50.0984,49.4947,49.5656,58096277
26/7/2019,49.6754,50.2161,49.5949,49.7365,73589014
29/7/2019,49.9091,50.4321,49.9033,50.2044,90523566
30/7/2019,49.9807,50.3192,49.6362,49.9867,141739829
31/7/2019,51.8164,53.0029,50.5861,51.006,289368516
1/8/2019,51.2119,52.2012,49.4967,49.9013,225617471
2/8/2019,49.2095,49.4211,48.2762,48.8455,170669444
5/8/2019,47.4011,47.5628,46.1079,46.2914,218830508
6/8/2019,47.0007,47.4205,46.457,47.1654,149629932
7/8/2019,46.7857,47.7787,46.4071,47.6582,139353600
8/8/2019,47.9309,48.7295,47.7433,48.7059,112811086
9/8/2019,48.3794,48.7295,47.8944,48.3058,102440446
12/8/2019,47.971,48.5611,47.8631,48.1821,93545026
13/8/2019,48.3127,50.9833,48.2664,50.2238,197808579
14/8/2019,48.8248,49.6138,48.6884,48.7275,152070471
15/8/2019,48.8974,49.3017,47.9837,48.4865,116020052
16/8/2019,49.0976,49.7863,48.9905,49.6294,119890778
19/8/2019,50.6152,51.1267,50.4771,50.5516,101658900
20/8/2019,50.6782,51.2758,50.5437,50.5536,112009629
21/8/2019,51.1886,51.3485,50.8538,51.1053,89728887
22/8/2019,51.2365,51.5339,50.647,51.0607,92654300
23/8/2019,50.3359,50.9638,48.3088,48.7001,195075097
26/8/2019,49.4734,49.7942,49.28,49.6264,108458712
27/8/2019,49.9541,50.124,48.9141,49.069,107756413
28/8/2019,49.0543,49.4379,48.8628,49.3921,66398207
29/8/2019,50.1112,50.3092,49.6686,50.2337,87410864
30/8/2019,50.5067,50.5735,49.7962,50.17,88055423
3/9/2019,49.6118,49.7432,49.0838,49.4339,83466001
4/9/2019,50.0844,50.3484,49.8257,50.277,79959383
5/9/2019,50.9521,51.4238,50.8333,51.2592,99641147
6/9/2019,51.4437,51.532,51.0735,51.2532,80564685
9/9/2019,51.633,52.0157,50.7254,51.4701,113631852
10/9/2019,51.3994,52.0983,50.8814,52.0785,132224982
11/9/2019,52.4111,53.7652,52.3305,53.7369,184285054
12/9/2019,54.0281,54.4177,53.5581,53.6141,134092141
13/9/2019,52.8733,53.0677,52.1559,52.572,165451329
16/9/2019,52.3305,52.9048,52.2896,52.8485,88037034
17/9/2019,52.8633,53.0745,52.6591,53.0449,76504364
18/9/2019,53.1312,53.5552,52.7359,53.5357,106698496
19/9/2019,53.3561,53.776,52.9634,53.1077,92321669
20/9/2019,53.2048,53.4846,52.267,52.3305,241237238
23/9/2019,52.6192,52.8342,52.3109,52.5643,80803331
24/9/2019,53.1245,53.4671,52.1983,52.3187,130795439
25/9/2019,52.5239,53.2343,52.1856,53.1245,93541351
26/9/2019,52.8733,53.1029,52.5897,52.8457,79424675
27/9/2019,53.0058,53.1077,52.2207,52.5897,105525919
30/9/2019,53.093,53.9742,53.0677,53.8262,109509151
1/10/2019,54.0949,54.8505,53.8819,53.9771,150571383
2/10/2019,53.6071,53.7339,52.3779,52.6212,148824194
3/10/2019,52.4954,53.1077,51.7046,53.0745,126294672
4/10/2019,54.2283,54.6708,53.8065,54.5544,144614588
7/10/2019,54.3813,55.2597,54.2773,54.5668,128527346
8/10/2019,54.2725,54.8111,53.9135,53.9311,121842559
9/10/2019,54.5599,54.7453,54.2283,54.5599,79179648
10/10/2019,54.7788,55.3833,54.6259,55.2988,120512252
11/10/2019,55.9829,57.1143,55.8317,56.7677,174717315
14/10/2019,56.4556,57.2298,56.4007,56.6854,101582215
15/10/2019,56.8129,57.1163,56.4509,56.5546,95869283
16/10/2019,56.0848,56.5351,56.0426,56.3291,80250117
17/10/2019,56.5029,56.754,56.1201,56.5449,71870896
18/10/2019,56.381,57.0996,56.3095,56.8168,101431100
21/10/2019,57.0858,57.9165,57.0377,57.7992,93068992
22/10/2019,57.9591,58.2119,57.5879,57.6713,94385991
23/10/2019,58.1865,58.4593,57.9728,58.4446,82937441
24/10/2019,58.7626,58.8331,58.114,58.5427,74547851
25/10/2019,58.4397,59.2993,58.372,59.262,76432913
28/10/2019,59.4661,59.9028,59.2965,59.8536,100457755
29/10/2019,59.8342,60.0215,58.3003,58.4721,148585395
30/10/2019,58.8244,58.953,57.9709,58.4643,129531172
31/10/2019,59.4229,59.8832,57.023,59.785,144760083
1/11/2019,59.9715,61.5069,59.8812,61.4806,157204576
4/11/2019,61.8437,61.9682,61.3755,61.8848,107426069
5/11/2019,61.7751,62.0526,61.6004,61.7943,83111708
6/11/2019,61.7092,61.8828,61.3697,61.822,78916258
7/11/2019,62.3706,62.7573,62.2195,62.5383,98463832
8/11/2019,62.3577,62.7789,61.9133,62.7061,72682915
11/11/2019,62.2645,63.2704,62.2606,63.2038,85074190
12/11/2019,63.0476,63.3487,62.8955,63.1445,90632145
13/11/2019,62.9445,63.8266,62.9306,63.752,107103022
14/11/2019,63.5793,63.8522,63.179,63.3116,92906866
15/11/2019,63.5616,64.0651,63.4009,64.0591,104099843
18/11/2019,64.0689,64.4654,63.6931,64.3861,90025104
19/11/2019,64.5804,64.6036,63.974,64.1898,79109290
20/11/2019,64.0082,64.1377,62.7689,63.4448,110389949
21/11/2019,63.5636,63.6393,62.9574,63.1565,125900420
22/11/2019,63.2998,63.442,62.8758,63.1016,67749444
25/11/2019,63.3293,64.2242,63.282,64.2082,87239927
26/11/2019,64.3464,64.3999,63.2771,63.7079,109248967
27/11/2019,64.018,64.5997,63.9543,64.5648,67575181
29/11/2019,64.2624,64.6036,64.0945,64.422,48347556
2/12/2019,64.427,64.6617,63.5058,63.6766,98291527
3/12/2019,62.2675,62.5629,61.7771,62.5432,121870162
4/12/2019,62.9306,63.4725,62.8376,63.0949,69737067
5/12/2019,63.5883,64.0915,63.3331,64.018,77415665
6/12/2019,64.4773,65.3251,64.4348,65.2562,110130975
9/12/2019,65.0856,65.2788,63.8591,64.3409,133508128
10/12/2019,64.7471,65.1025,64.0845,64.7176,93889332
11/12/2019,64.798,65.3496,64.7224,65.271,81821524
12/12/2019,64.5508,65.7007,64.4388,65.4368,142860384
13/12/2019,65.4368,66.363,65.3083,66.3278,138694361
16/12/2019,66.7693,67.6868,66.7653,67.4631,133086892
17/12/2019,67.3924,67.9234,67.206,67.5927,118545299
18/12/2019,67.4484,67.9536,67.2845,67.4345,120407495
19/12/2019,67.3768,67.779,67.2433,67.5002,102163687
20/12/2019,68.032,68.1323,67.1471,67.3621,286378957
23/12/2019,67.622,68.5189,67.5829,68.4611,102374990
24/12/2019,68.6266,68.675,68.1971,68.5239,50278039
26/12/2019,68.6583,69.9006,68.6296,69.8828,96799975
27/12/2019,70.1761,70.861,69.451,69.8552,151804008
30/12/2019,69.7748,70.555,68.7525,70.2715,149591546
31/12/2019,69.8877,70.7894,69.7885,70.7826,104738538
2/1/2020,71.4084,72.4606,71.1545,72.4006,140681710
3/1/2020,71.6304,72.4567,71.4724,71.699,151973851
6/1/2020,70.816,72.3055,70.5707,72.2661,122979354
7/1/2020,72.2759,72.534,71.7108,71.9297,115649091
8/1/2020,71.6322,73.3858,71.6304,73.0857,137276166
9/1/2020,74.0598,74.8261,73.8127,74.6407,176813384
10/1/2020,74.8684,75.37,74.3052,74.8045,146097131
13/1/2020,75.1215,76.4325,75.0007,76.406,126617873
14/1/2020,76.3423,76.5512,75.251,75.3729,168648876
15/1/2020,75.1726,76.0527,74.6221,75.0481,126448450
16/1/2020,75.5936,76.0988,75.2315,75.9889,112867961
17/1/2020,76.2371,76.8337,75.932,76.8318,142931222
21/1/2020,76.4619,76.9005,76.1714,76.3107,114956961
22/1/2020,76.7945,77.136,76.4904,76.5826,105611741
23/1/2020,76.6346,77.0312,76.0871,76.9505,108349215
24/1/2020,77.1999,77.9387,76.5382,76.729,151975931
27/1/2020,74.7388,75.1529,73.4916,74.4748,167950062
28/1/2020,75.3532,76.7511,75.2549,76.5806,168254894
29/1/2020,78.2104,79.0288,77.4665,78.1828,224638329
30/1/2020,77.2714,78.1221,76.8357,78.0689,131447027
31/1/2020,77.3626,77.7856,74.315,74.6123,206995662
3/2/2020,73.3544,75.5701,72.851,74.4052,180442692
4/2/2020,76.0067,77.0506,75.6034,76.8612,141686753
5/2/2020,77.9847,78.2859,76.883,77.4843,123236870
6/2/2020,77.7581,78.3969,77.2048,78.3939,109338174
7/2/2020,77.8923,78.1418,76.8357,77.3284,121762646
10/2/2020,75.9142,77.6945,75.8339,77.6945,113138581
11/2/2020,78.1908,78.2635,77.0093,77.2292,97592094
12/2/2020,77.6747,79.066,77.6747,79.06,117671868
13/2/2020,78.332,78.8227,78.1291,78.4968,98031255
14/2/2020,78.4667,78.7648,78.0094,78.5165,82890307
18/2/2020,76.1982,77.2615,76.0184,77.08,158056487
19/2/2020,77.3205,78.4251,77.3205,78.1947,97241186
20/2/2020,77.9555,78.445,76.8879,77.395,104051293
21/2/2020,76.9879,77.4265,75.0235,75.6406,134200895
24/2/2020,71.8274,73.4956,69.8848,72.0483,229895979
25/2/2020,72.7177,73.0994,69.1372,69.6062,238667948
26/2/2020,69.234,71.9786,69.2272,70.7118,205600585
27/2/2020,67.9234,69.1066,65.953,66.0895,331716817
28/2/2020,62.1635,67.2727,61.9456,66.05,441679555
2/3/2020,68.2039,72.835,67.105,72.1973,353229232
3/3/2020,73.3729,73.4525,69.0576,69.9073,330547532
4/3/2020,71.6285,73.3111,70.8258,73.1503,226774378
5/3/2020,71.4055,72.3792,70.4116,70.7746,194073628
6/3/2020,68.1363,70.2695,67.9536,69.8355,234015644
9/3/2020,63.7296,67.1942,63.5479,64.3115,296682605
10/3/2020,66.9617,69.2136,65.0876,68.9457,295177436
11/3/2020,67.0236,67.9516,65.6891,66.5524,265265286
12/3/2020,61.8418,65.2397,59.9223,59.9794,432977206
13/3/2020,64.0022,67.6348,61.1215,67.1648,383580668
16/3/2020,58.4623,62.6003,57.9903,58.5251,333597755
17/3/2020,59.8047,62.2459,57.6048,61.0997,335286730
18/3/2020,57.9335,60.4071,57.2926,59.6016,310638881
19/3/2020,59.7752,61.0957,58.6213,59.1443,281278821
20/3/2020,59.725,60.8496,55.089,55.3901,415614952
23/3/2020,55.1072,55.2104,51.3729,54.2145,348423743
24/3/2020,57.1113,59.8486,56.6127,59.6516,297496118
25/3/2020,60.5876,62.399,59.0276,59.3257,314124037
26/3/2020,59.5652,62.5041,59.526,62.4451,261313726
27/3/2020,61.0735,61.8239,59.6927,59.8616,211294187
30/3/2020,60.5848,61.7396,60.2629,61.5688,173798032
31/3/2020,61.7583,63.4254,60.8919,61.4412,203829542
1/4/2020,59.5612,60.0961,57.7773,58.2119,182325790
2/4/2020,58.0719,59.2346,57.2397,59.1814,171684776
3/4/2020,58.6655,59.3689,57.742,58.3329,134381348
6/4/2020,60.6221,63.5733,60.2579,63.4205,208814809
7/4/2020,65.4318,65.6507,62.5825,62.6846,209918831
8/4/2020,63.4843,64.6036,63.1173,64.2876,174748721
9/4/2020,64.9237,65.2562,63.9602,64.7551,167734994
13/4/2020,64.8333,66.1343,64.2299,66.0247,135563808
14/4/2020,67.6546,69.6472,67.1844,69.3598,201752656
15/4/2020,68.2334,69.1861,67.8075,68.7259,135700012
16/4/2020,69.4362,69.6344,68.2217,69.2735,162570676
17/4/2020,68.7878,69.3321,66.8941,68.3313,222709871
20/4/2020,67.1599,68.0597,66.8921,66.9115,134520955
21/4/2020,66.7556,66.989,64.1338,64.8472,187264229
22/4/2020,66.112,67.1471,65.7704,66.7116,121114245
23/4/2020,66.6586,68.0765,66.4172,66.4554,129140042
24/4/2020,66.9773,68.3834,66.9284,68.3738,130893169
27/4/2020,68.088,68.7525,67.6417,68.4227,121145501
28/4/2020,68.8819,69.0655,67.2218,67.3129,115886520
29/4/2020,68.7973,69.9927,68.5945,69.5216,142038584
30/4/2020,70.0642,71.1644,69.671,70.9896,189408354
1/5/2020,69.1665,72.2437,69.0695,69.8454,248955797
4/5/2020,69.8709,70.9621,69.1822,70.8336,138197036
5/5/2020,71.2937,72.7282,71.1496,71.901,152871821
6/5/2020,72.6008,73.2718,72.2121,72.6421,147266642
7/5/2020,73.267,73.7382,72.9628,73.3897,119208084
8/5/2020,74.0498,75.1921,73.7233,75.1373,138319237
11/5/2020,74.6486,76.8142,74.4387,76.3206,150596666
12/5/2020,77.0043,77.4529,75.3263,75.4472,167472603
13/5/2020,75.6287,76.5482,73.4594,74.5387,207015183
14/5/2020,73.7773,75.056,73.0559,74.9938,163993184
15/5/2020,72.7665,74.6005,72.7341,74.5532,171648894
18/5/2020,75.8751,76.6806,75.1861,76.3087,139686003
19/5/2020,76.3255,77.1733,75.8358,75.8681,104971042
20/5/2020,76.725,77.4118,76.609,77.343,115057848
21/5/2020,77.2066,77.7464,76.5285,76.7661,105960917
22/5/2020,76.5052,77.343,76.403,77.2615,84409583
26/5/2020,78.3793,78.5578,76.6806,76.7367,129521438
27/5/2020,76.5935,77.2194,75.8553,77.0732,116543972
28/5/2020,76.7464,78.3645,76.4706,77.1076,138059695
29/5/2020,77.3478,77.8081,76.6738,77.0312,158492373
1/6/2020,76.9849,78.0976,76.8535,77.9778,83600183
2/6/2020,77.7109,78.3645,77.2714,78.34,90435463
3/6/2020,78.6589,79.0306,78.0858,78.7686,107820720
4/6/2020,78.5931,78.8905,77.7188,78.0907,90350380
5/6/2020,78.342,80.376,78.3127,80.3163,141623536
8/6/2020,80.014,80.8243,79.3016,80.7911,98702466
9/6/2020,80.4712,83.7357,80.4388,83.3412,152419062
10/6/2020,84.288,85.9524,83.8504,85.4853,171961937
11/6/2020,84.6306,85.0565,81.2796,81.3828,208088215
12/6/2020,83.5187,84.2636,80.9754,82.0846,206523496
15/6/2020,80.739,83.7523,80.5761,83.0999,143231922
16/6/2020,85.1518,85.5725,83.5187,85.3018,170699941
17/6/2020,86.0456,86.1063,85.0623,85.183,118051948
18/6/2020,85.1398,85.6334,84.609,85.2174,99905465
19/6/2020,85.9209,86.3891,83.6231,84.7298,272903050
22/6/2020,85.123,87.0886,85.0771,86.9472,139761085
23/6/2020,88.1884,90.2217,87.7705,88.8037,218915590
24/6/2020,88.4309,89.3503,86.8619,87.2341,198761138
25/6/2020,87.3898,88.4309,86.6312,88.3914,141904523
26/6/2020,88.2885,88.5085,85.5285,85.6786,211797139
29/6/2020,85.5844,87.746,85.1085,87.6527,134808977
30/6/2020,87.2401,88.6704,87.2201,88.3818,144691352
1/7/2020,88.46,89.0037,88.1688,88.2151,114265764
2/7/2020,89.1237,89.7563,88.105,88.2151,117675280
6/7/2020,89.6418,91.042,89.6112,90.5759,122436490
7/7/2020,90.9535,91.7317,90.1843,90.2961,116006743
8/7/2020,91.2704,92.4283,91.1822,92.397,120822890
9/7/2020,93.2919,93.3437,91.7485,92.7287,129646077
10/7/2020,92.3891,93.0161,91.7807,92.9571,93133274
13/7/2020,94.2601,96.8742,92.3134,92.5283,197755838
14/7/2020,91.9112,94.2502,90.979,94.06,176437762
15/7/2020,95.9333,96.1844,93.5128,94.7086,158079424
16/7/2020,93.5795,94.3977,92.9416,93.5419,114101114
17/7/2020,93.9915,94.1485,92.8797,93.3535,95124338
20/7/2020,93.438,95.4594,93.0965,95.3199,93195791
21/7/2020,96.1128,96.1864,93.7552,94.0044,106948401
22/7/2020,93.7058,94.9492,93.6176,94.2681,91837596
23/7/2020,94.0044,94.0799,89.1687,89.9772,203281772
24/7/2020,88.1756,90.0988,86.394,89.7543,191347681
27/7/2020,90.818,91.975,90.5925,91.8827,125076555
28/7/2020,91.4549,91.6297,90.3675,90.3725,106927418
29/7/2020,90.8566,92.2873,90.821,92.1075,93207504
30/7/2020,91.2784,93.3251,90.8722,93.2213,163168667
31/7/2020,99.7135,103.135,97.7005,102.988,386222002
3/8/2020,104.844,108.19,104.548,105.569,317970312
4/8/2020,105.766,107.376,105.032,106.277,178298213
5/8/2020,106.002,106.993,105.531,106.66,125879098
6/8/2020,107.003,110.877,106.405,110.387,208879083
7/8/2020,109.917,110.368,107.082,107.866,203988331
10/8/2020,109.329,110.467,106.797,109.455,218776977
11/8/2020,108.709,109.211,105.934,106.199,193540730
12/8/2020,107.287,109.987,107.092,109.731,170924298
13/8/2020,111.094,112.656,110.616,111.653,216385960
14/8/2020,111.487,111.643,109.76,111.557,170533293
17/8/2020,112.675,112.705,110.635,111.271,123149103
18/8/2020,111.014,112.616,110.683,112.183,108803267
19/8/2020,112.596,113.755,112.232,112.33,149905140
20/8/2020,112.369,114.94,112.35,114.832,130715269
21/8/2020,115.786,121.221,115.776,120.739,348198587
24/8/2020,124.948,125.028,120.338,122.192,356318261
25/8/2020,121.064,121.525,119.465,121.181,217842103
26/8/2020,122.506,123.301,121.426,122.838,167914048
27/8/2020,123.447,123.761,120.229,121.356,160220016
28/8/2020,122.34,122.76,120.946,121.171,193260092
31/8/2020,123.86,127.167,122.33,125.283,232475310
1/9/2020,128.892,130.865,126.744,130.267,157045285
2/9/2020,133.591,133.959,123.311,127.559,206123925
3/9/2020,123.222,125.086,116.992,117.355,265329387
4/9/2020,116.58,120.101,107.651,117.432,342587648
8/9/2020,110.635,115.528,109.408,109.541,238309139
9/9/2020,113.849,115.666,111.898,113.907,182249875
10/9/2020,116.864,116.992,109.231,110.19,187743866
11/9/2020,111.233,111.868,106.797,108.738,186287367
14/9/2020,111.379,112.547,109.523,111.998,144355546
15/9/2020,114.882,115.361,110.298,112.163,190182560
16/9/2020,111.868,112.616,108.778,108.866,159678534
17/9/2020,106.52,108.934,105.541,107.13,183352511
18/9/2020,107.188,107.641,103.008,103.733,295719988
21/9/2020,101.49,106.983,100.102,106.873,201586565
22/9/2020,109.408,109.581,105.982,108.555,188548285
23/9/2020,108.366,108.846,103.665,103.991,155241261
24/9/2020,102.107,107.043,101.939,105.06,172776792
25/9/2020,105.266,109.171,104.52,109.014,154481909
28/9/2020,111.653,111.958,109.503,111.605,141803514
29/9/2020,111.213,111.948,110.259,110.76,103063024
30/9/2020,110.477,113.849,110.308,112.428,146956412
1/10/2020,114.206,114.284,112.447,113.391,119604845
2/10/2020,109.611,111.998,108.954,109.741,149054333
5/10/2020,110.597,113.252,110.24,113.103,109431880
6/10/2020,112.32,112.735,108.984,109.878,166344258
7/10/2020,111.281,112.173,110.799,111.721,99755115
8/10/2020,112.861,113.007,111.251,111.615,85982037
9/10/2020,111.918,113.599,111.566,113.569,103522756
12/10/2020,116.57,121.525,115.816,120.768,247435213
13/10/2020,121.613,121.731,116.165,117.569,270202154
14/10/2020,117.471,119.445,116.136,117.658,155595207
15/10/2020,115.264,117.668,114.704,117.196,115936762
16/10/2020,117.748,118.004,115.351,115.558,118856408
19/10/2020,116.472,116.913,112.282,112.596,124259340
20/10/2020,112.813,115.518,112.252,114.086,128157288
21/10/2020,113.272,115.246,113.055,113.47,92644972
22/10/2020,114.036,114.594,111.251,112.369,105048287
23/10/2020,112.998,113.152,110.945,111.681,85050386
26/10/2020,110.683,113.152,109.601,111.691,115206938
27/10/2020,112.116,113.869,111.203,113.202,95045703
28/10/2020,111.691,112.056,107.856,107.954,148256939
29/10/2020,109.103,113.53,108.934,111.958,150514045
30/10/2020,107.816,108.729,104.568,105.688,196291980
2/11/2020,105.934,107.464,104.189,105.599,126553743
3/11/2020,106.462,108.239,105.559,107.228,110853915
4/11/2020,110.808,112.213,109.084,111.595,142383489
5/11/2020,114.511,116.136,113.47,115.558,130179548
6/11/2020,115.069,115.935,112.939,115.43,117689397
9/11/2020,117.196,118.64,112.861,113.122,158877727
10/11/2020,112.369,114.354,110.994,112.783,141920187
11/11/2020,113.976,116.354,113.242,116.215,115465364
12/11/2020,116.344,117.226,115.313,115.944,106268562
13/11/2020,116.165,116.392,114.624,115.99,83994890
16/11/2020,115.656,117.668,114.901,117.002,93757376
17/11/2020,116.275,117.355,115.696,116.116,76367858
18/11/2020,115.351,116.54,114.754,114.783,78476903
19/11/2020,114.354,115.796,113.609,115.381,76205393
20/11/2020,115.391,115.508,114.066,114.116,75682347
23/11/2020,113.966,114.383,110.635,110.722,131571978
24/11/2020,110.78,112.665,109.503,111.998,117089215
25/11/2020,112.359,113.549,111.998,112.842,78659027
27/11/2020,113.371,114.254,113.026,113.391,48009561
30/11/2020,113.765,117.649,113.609,115.786,174193114
1/12/2020,117.688,120.081,116.726,119.345,131785321
2/12/2020,118.67,119.985,117.569,119.701,91517040
3/12/2020,120.131,120.387,118.859,119.563,81197114
4/12/2020,119.225,119.485,118.178,118.896,80469938
7/12/2020,118.955,121.141,118.896,120.357,89063538
8/12/2020,120.946,121.544,119.711,120.956,84324071
9/12/2020,121.102,122.496,117.678,118.432,118119720
10/12/2020,117.196,120.475,116.864,119.856,83607507
11/12/2020,119.071,119.385,117.246,119.052,89394348
14/12/2020,119.225,119.965,118.198,118.432,81308531
15/12/2020,120.917,124.379,120.71,124.359,162020983
16/12/2020,123.909,124.842,123.096,124.293,100981303
17/12/2020,125.362,126.03,124.516,125.166,97023861
18/12/2020,125.421,125.557,122.663,123.192,197977498
21/12/2020,121.584,124.783,120.052,124.704,124674833
22/12/2020,127.991,130.709,126.099,128.256,174133117
23/12/2020,128.529,128.798,127.177,127.352,90714502
24/12/2020,127.707,129.797,127.49,128.344,56480898
28/12/2020,130.307,133.581,129.846,132.946,128000842
29/12/2020,134.26,134.979,130.65,131.16,124464839
30/12/2020,131.818,132.26,129.737,130.051,99175245
31/12/2020,130.394,131.032,128.099,129.05,101914932
4/1/2021,129.855,129.943,123.291,125.861,147347712
5/1/2021,125.352,128.118,124.899,127.401,100422258
6/1/2021,124.204,127.441,122.918,123.134,159466551
7/1/2021,124.832,128.011,124.339,127.314,112671864
8/1/2021,128.798,128.992,126.666,128.422,108127166
11/1/2021,125.644,126.607,124.968,125.44,103461697
12/1/2021,124.968,126.138,123.39,125.263,94547190
13/1/2021,125.224,127.834,124.958,127.284,91139304
14/1/2021,127.197,127.391,125.224,125.372,92768974
15/1/2021,125.243,126.656,123.517,123.642,114749279
19/1/2021,124.264,125.176,123.467,124.31,93319670
20/1/2021,125.126,128.853,125.018,128.402,107264730
21/1/2021,130.129,135.831,129.923,133.124,123932441
22/1/2021,132.545,136.008,131.309,135.241,117690876
25/1/2021,139.147,141.099,132.797,139,162061545
26/1/2021,139.666,140.334,137.479,139.237,101168405
27/1/2021,139.5,140.334,136.556,138.155,144820185
28/1/2021,135.684,138.086,132.956,133.339,146647734
29/1/2021,132.101,132.996,126.646,128.334,182535821
1/2/2021,130.08,131.661,127.324,130.454,109239279
2/2/2021,132.004,132.575,130.904,131.279,85657317
3/2/2021,132.032,132.042,129.943,130.257,92418535
4/2/2021,132.565,133.631,130.885,133.621,86559791
5/2/2021,133.781,133.849,132.33,133.212,77714752
8/2/2021,132.495,133.407,131.405,133.357,73200754
9/2/2021,133.075,134.29,132.32,132.475,78823981
10/2/2021,132.936,133.436,130.894,131.867,74996807
11/2/2021,132.369,132.847,130.287,131.612,65996220
12/2/2021,130.847,132.004,130.229,131.847,61750923
16/2/2021,131.965,132.475,129.335,129.727,82727594
17/2/2021,127.834,128.788,126.108,127.431,100703993
18/2/2021,125.841,126.617,124.086,126.34,99442692
19/2/2021,126.863,127.304,125.45,126.5,90009473
22/2/2021,124.674,126.35,122.34,122.73,106690847
23/2/2021,120.544,123.429,115.313,122.594,162498698
24/2/2021,121.692,122.302,119.052,122.093,114004520
25/2/2021,121.436,123.172,117.404,117.835,152156270
26/2/2021,119.395,121.603,118.042,118.101,168953936
1/3/2021,120.534,124.595,119.593,124.458,119413157
2/3/2021,125.067,125.372,121.761,121.868,104991174
3/3/2021,121.564,122.447,118.67,118.887,115982388
4/3/2021,118.58,120.387,115.538,117.012,182911474
5/3/2021,117.825,118.77,114.511,118.256,157871963
8/3/2021,117.777,117.845,113.182,113.331,158498256
9/3/2021,115.944,118.887,115.706,117.935,132983944
10/3/2021,118.52,118.993,116.354,116.874,114932063
11/3/2021,119.345,120.003,118.101,118.79,105777184
12/3/2021,117.275,118.013,116.067,117.875,90457336
15/3/2021,118.246,120.768,117.295,120.759,95062598
16/3/2021,122.437,123.909,121.465,122.311,118304367
17/3/2021,120.818,122.594,119.159,121.515,114921087
18/3/2021,119.681,119.975,117.196,117.394,124712834
19/3/2021,116.795,118.266,116.57,116.874,190503446
22/3/2021,117.206,120.651,117.139,120.18,114900192
23/3/2021,120.121,121.005,118.964,119.345,98015987
24/3/2021,119.622,119.701,116.943,116.973,90894130
25/3/2021,116.442,118.49,115.915,117.452,101483702
26/3/2021,117.226,118.315,115.836,118.052,96582809
29/3/2021,118.481,119.385,117.589,118.226,82976966
30/3/2021,116.992,117.275,115.776,116.795,87959244
31/3/2021,118.481,120.308,117.994,118.974,121482912
1/4/2021,120.445,120.946,119.295,119.797,77093913
5/4/2021,120.651,122.888,119.866,122.633,91018041
6/4/2021,123.222,123.82,122.387,122.938,82311718
7/4/2021,122.564,124.585,121.887,124.565,85695164
8/4/2021,125.594,126.999,125.176,126.972,91216623
9/4/2021,126.43,129.582,126.108,129.542,109535094
12/4/2021,129.08,129.394,127.227,127.824,93860772
13/4/2021,129.002,131.15,128.5,130.923,93703238
14/4/2021,131.424,131.483,128.226,128.599,89551514
15/4/2021,130.337,131.483,130.169,130.992,91732549
16/4/2021,130.798,131.16,129.816,130.669,87189699
19/4/2021,130.041,131.945,129.874,131.328,96780943
20/4/2021,131.503,132.004,128.384,129.649,97343710
21/4/2021,128.922,130.267,127.883,130.032,70685261
22/4/2021,129.582,130.659,127.991,128.51,86824266
23/4/2021,128.729,131.602,128.729,130.818,80859479
26/4/2021,131.319,131.542,130.089,131.21,68691344
27/4/2021,131.493,131.887,130.621,130.885,67778337
28/4/2021,130.808,131.503,129.621,130.109,110637146
29/4/2021,132.926,133.514,129.012,130.012,155135144
30/4/2021,128.354,130.089,127.649,128.041,112772031
3/5/2021,128.609,130.583,128.402,129.099,77141106
4/5/2021,127.774,128.071,123.419,124.516,141237510
5/5/2021,125.841,127.058,124.635,124.763,86243610
6/5/2021,124.555,126.38,123.82,126.37,80214255
7/5/2021,127.659,128.061,126.321,127.038,80944262
10/5/2021,126.262,126.39,123.721,123.761,90269284
11/5/2021,120.495,123.202,119.778,122.848,129291059
12/5/2021,120.397,121.603,119.265,119.778,114971842
13/5/2021,121.544,123.087,121.231,121.926,108503393
14/5/2021,123.182,124.773,122.789,124.339,83962434
17/5/2021,123.731,123.84,122.123,123.202,76097596
18/5/2021,123.487,123.899,121.741,121.809,64923819
19/5/2021,120.16,121.877,119.866,121.653,94923369
20/5/2021,122.182,124.605,122.054,124.204,78775297
21/5/2021,124.704,124.881,122.162,122.378,81274465
24/5/2021,122.948,124.822,122.878,124.009,64667598
25/5/2021,124.704,125.196,123.252,123.811,73806672
26/5/2021,123.869,124.283,123.35,123.761,57987923
27/5/2021,123.37,124.525,122.034,122.232,96987237
28/5/2021,122.516,122.74,121.515,121.574,73090868
1/6/2021,122.034,122.302,120.917,121.251,69325184
2/6/2021,121.261,122.192,121.025,122.016,60758324
3/6/2021,121.643,121.809,120.131,120.534,78131674
4/6/2021,121.045,123.096,120.828,122.828,77045395
7/6/2021,123.105,123.252,121.8,122.838,72830981
8/6/2021,123.527,125.332,123.144,123.652,76260720
9/6/2021,124.106,124.635,123.447,124.037,58297478
10/6/2021,123.929,125.067,122.878,123.047,72963069
11/6/2021,123.457,124.329,123.037,124.244,54858167
14/6/2021,124.704,127.352,123.979,127.294,99325050
15/6/2021,126.784,127.411,126.244,126.49,64312334
16/6/2021,127.187,127.697,125.332,126.98,94106517
17/6/2021,126.646,129.325,126.5,128.579,99135618
18/6/2021,127.519,128.306,127.068,127.275,111672531
21/6/2021,127.127,129.187,126.07,129.08,81651527
22/6/2021,128.912,130.808,128.412,130.719,76650043
23/6/2021,130.513,131.042,129.992,130.444,61717006
24/6/2021,131.17,131.358,129.699,130.169,70425865
25/6/2021,130.219,130.63,129.582,129.874,72550343
28/6/2021,130.169,131.945,130.109,131.493,63661455
29/6/2021,131.513,133.174,131.072,133.016,66167251
30/6/2021,132.856,134.066,132.565,133.631,64840250
1/7/2021,133.281,133.987,132.455,133.929,53795705
2/7/2021,134.544,136.595,134.397,136.556,80915871
6/7/2021,136.664,139.666,136.664,138.56,110881758
7/7/2021,140.042,141.366,139.187,141.05,107529939
8/7/2021,138.125,140.55,137.233,139.754,108210377
9/7/2021,139.277,142.11,139.177,141.583,102383843
12/7/2021,142.65,142.757,140.491,140.981,78203982
13/7/2021,140.55,143.865,140.14,142.1,103343508
14/7/2021,144.487,145.929,144.081,145.516,130221678
15/7/2021,145.603,146.349,143.515,144.856,109486283
16/7/2021,144.836,146.114,142.329,142.827,95578765
19/7/2021,140.247,140.56,138.215,138.981,124465297
20/7/2021,139.972,143.525,139.48,142.591,98754708
21/7/2021,141.993,142.571,141.109,141.863,76865122
22/7/2021,142.384,144.574,142.27,143.23,79268336
23/7/2021,143.953,145.093,143.345,144.936,73230578
26/7/2021,144.652,146.183,144.101,145.359,74241875
27/7/2021,145.496,145.575,142.013,143.2,107434607
28/7/2021,141.316,143.395,139.069,141.456,121899438
29/7/2021,141.167,142.985,141.06,142.1,58114562
30/7/2021,140.865,142.767,140.599,142.309,72198660
2/8/2021,142.797,143.375,141.717,141.983,64449299
3/8/2021,142.27,144.429,141.65,143.77,66403542
4/8/2021,143.683,144.181,142.718,143.375,57775092
5/8/2021,143.405,144.23,142.611,143.485,47555651
6/8/2021,143.004,143.742,142.3,142.797,55394698
9/8/2021,142.857,143.345,142.2,142.747,50054344
10/8/2021,143.092,144.319,141.983,142.28,70639902
11/8/2021,142.708,143.365,142.21,142.523,49629390
12/8/2021,142.847,145.632,142.504,145.477,75507340
13/8/2021,145.555,146.026,144.866,145.681,60765830
16/8/2021,145.133,147.734,143.12,147.664,105984580
17/8/2021,146.792,148.211,145.671,146.754,94390156
18/8/2021,146.368,147.272,142.807,143.014,88348121
19/8/2021,141.717,144.604,141.196,143.345,88997299
20/8/2021,144.062,145.093,143.425,144.79,61967965
23/8/2021,144.906,146.754,144.496,146.28,61540358
24/8/2021,146.026,147.41,145.731,146.193,49745001
25/8/2021,146.378,146.878,144.409,144.955,60373130
26/8/2021,144.965,145.701,144.131,144.151,49735553
27/8/2021,144.101,145.34,143.475,145.193,57109522
30/8/2021,145.584,149.979,145.203,149.626,93087325
31/8/2021,149.174,149.313,147.833,148.36,88478226
1/9/2021,149.343,151.422,148.863,149.027,82195008
2/9/2021,150.343,151.166,148.92,150.138,72838458
3/9/2021,150.245,151.078,149.599,150.766,59221542
7/9/2021,151.413,153.659,150.854,153.102,84205576
8/9/2021,153.382,153.442,150.44,151.551,76163453
9/9/2021,151.922,152.532,150.42,150.539,58648079
10/9/2021,151.442,151.912,145.291,145.555,144193569
13/9/2021,147.183,147.96,145.34,146.123,104803083
14/9/2021,146.907,147.615,143.554,144.72,111856489
15/9/2021,145.153,146.016,143.024,145.612,85232127
16/9/2021,145.035,145.555,143.846,145.377,69627805
17/9/2021,145.407,145.407,142.424,142.718,132910919
20/9/2021,140.511,141.534,138.027,139.666,126371275
21/9/2021,140.639,141.296,139.509,140.15,77610323
22/9/2021,141.148,143.082,140.413,142.513,78194064
23/9/2021,143.296,143.713,142.309,143.475,66356963
24/9/2021,142.329,144.091,142.24,143.564,54730553
27/9/2021,142.15,142.621,140.531,142.051,75887662
28/9/2021,139.972,141.446,138.443,138.655,111524946
29/9/2021,139.207,141.148,138.772,139.558,76349548
30/9/2021,140.373,141.079,138.037,138.255,91142758
1/10/2021,138.645,139.648,135.929,139.385,96856453
4/10/2021,138.512,138.951,135.105,135.958,100625138
5/10/2021,136.301,138.981,136.174,137.871,82755180
6/10/2021,136.283,138.891,135.202,138.744,85170519
7/10/2021,139.783,140.913,139.452,140.012,63178703
8/10/2021,140.738,140.885,139.297,139.628,60149878
11/10/2021,139.009,141.505,138.56,139.538,65961970
12/10/2021,139.952,139.972,137.805,138.265,74746676
13/10/2021,137.997,138.155,136.018,137.676,80607686
14/10/2021,138.851,140.589,138.265,140.471,71544629
15/10/2021,140.481,141.583,140.227,141.534,69531793
18/10/2021,140.17,143.485,139.883,143.2,87594047
19/10/2021,143.634,145.751,143.2,145.349,78168020
20/10/2021,145.291,146.33,144.72,145.84,59787209
21/10/2021,145.397,146.213,144.477,146.055,62859737
22/10/2021,146.26,146.744,145.231,145.281,60262749
25/10/2021,145.271,145.948,144.24,145.231,51908651
26/10/2021,145.909,147.39,145.593,145.899,62319782
27/10/2021,145.938,146.3,145.084,145.437,57408915
28/10/2021,146.388,149.666,146.29,149.085,102422148
29/10/2021,143.836,146.506,143.063,146.368,127880116
1/11/2021,145.575,146.27,144.409,145.546,76335440
2/11/2021,145.251,148.105,145.241,146.586,70741124
3/11/2021,146.946,148.499,146.388,148.029,55788430
4/11/2021,148.115,148.949,147.193,147.506,61809320
5/11/2021,148.637,148.939,146.842,148.038,66899695
8/11/2021,148.164,148.32,146.937,147.212,56227634
9/11/2021,146.976,148.183,146.842,147.575,58033452
10/11/2021,146.802,146.907,144.67,144.74,66616831
11/11/2021,145.761,146.223,144.506,144.69,41899196
12/11/2021,145.241,147.173,144.309,146.773,65203413
15/11/2021,147.145,148.628,146.223,146.782,60521729
16/11/2021,146.724,148.24,146.133,147.764,60555868
17/11/2021,147.754,151.669,147.754,150.196,90754793
18/11/2021,150.402,155.268,149.775,154.484,140850630
19/11/2021,154.268,157.565,153.171,157.104,119878447
22/11/2021,158.201,162.148,157.545,157.565,120044298
23/11/2021,157.654,158.321,155.652,157.938,98148374
24/11/2021,157.3,158.655,156.22,158.459,70987160
26/11/2021,156.142,157.005,153.004,153.442,78647700
29/11/2021,155.955,157.723,155.386,156.81,90694720
30/11/2021,156.556,161.97,156.496,161.754,177865432
1/12/2021,163.884,166.64,160.999,161.235,155766078
2/12/2021,155.326,160.675,154.415,160.244,139738259
3/12/2021,160.498,161.42,156.298,158.361,120611703
6/12/2021,160.764,164.277,160.754,161.774,109854701
7/12/2021,165.443,167.899,164.728,167.505,123046188
8/12/2021,168.437,172.187,167.034,171.322,119565023
9/12/2021,171.156,172.959,170.192,170.812,111312750
10/12/2021,171.44,175.779,170.937,175.6,117933845
13/12/2021,177.219,178.22,171.762,171.97,156597949
14/12/2021,171.49,173.92,168.516,170.585,142437395
15/12/2021,171.352,175.65,168.615,175.451,133937852
16/12/2021,175.432,177.247,167.083,168.566,153479852
17/12/2021,166.278,169.751,166.043,167.466,200220608
20/12/2021,164.668,166.916,163.864,166.102,109856879
21/12/2021,167.879,169.485,165.483,169.284,93185875
22/12/2021,169.333,172.088,168.457,171.871,94156094
23/12/2021,172.078,173.048,171.51,172.499,69855823
27/12/2021,173.284,176.553,173.264,176.465,76562784
28/12/2021,176.297,177.435,174.695,175.442,80880202
29/12/2021,175.481,176.757,174.317,175.53,63716423
30/12/2021,175.62,176.699,174.267,174.374,61084008
31/12/2021,174.267,175.383,173.452,173.755,65467331
3/1/2022,174.009,178.957,173.891,178.101,106997620
4/1/2022,178.712,179.012,175.276,175.846,101488602
5/1/2022,175.759,176.307,170.89,171.166,96611084
6/1/2022,168.925,171.539,167.957,168.31,99029338
7/1/2022,169.184,170.4,167.357,168.477,88610927
10/1/2022,165.443,168.798,164.56,168.497,109107229
11/1/2022,168.625,171.421,167.152,171.322,77808244
12/1/2022,172.342,173.373,171.066,171.762,76445865
13/1/2022,172.01,172.833,168.103,168.497,86359214
14/1/2022,167.661,170.058,167.416,169.363,82205077
18/1/2022,167.829,168.837,165.77,166.151,93168322
19/1/2022,166.348,167.406,162.38,162.667,96894555
20/1/2022,163.404,166.033,160.656,160.979,93425630
21/1/2022,160.892,162.766,158.81,158.918,125543286
24/1/2022,156.594,158.81,151.375,158.142,166275314
25/1/2022,155.572,159.262,153.649,156.357,118338159
26/1/2022,159.988,160.862,154.434,156.269,110650098
27/1/2022,158.957,160.323,154.887,155.809,124629454
28/1/2022,162.158,166.689,159.301,166.669,183882167
31/1/2022,166.504,171.243,165.866,171.027,118075750
1/2/2022,170.281,171.086,168.615,170.86,88104829
2/2/2022,170.987,172.107,169.612,172.068,86776670
3/2/2022,170.733,172.459,168.427,169.194,91379270
4/2/2022,168.21,170.576,167.231,168.906,84166872
7/2/2022,169.372,170.429,167.495,168.191,78845094
8/2/2022,168.26,171.801,167.967,171.293,76373136
9/2/2022,172.489,173.077,171.362,172.715,72755830
10/2/2022,170.615,171.93,168.083,168.644,92740695
11/2/2022,168.847,169.582,164.639,165.227,100706516
14/2/2022,163.984,166.151,163.196,165.463,87963757
15/2/2022,167.515,169.457,166.808,169.303,65612710
16/2/2022,168.379,169.84,166.611,169.065,62439644
17/2/2022,167.573,168.437,165.061,165.463,71025149
18/2/2022,166.388,167.093,162.835,163.914,84480487
22/2/2022,161.646,163.326,158.869,160.999,93043678
23/2/2022,162.198,162.795,156.526,156.84,91866368
24/2/2022,149.5,159.557,148.929,159.45,144059776
25/2/2022,160.527,161.784,157.625,161.52,93871884
28/2/2022,159.764,162.079,159.145,161.784,97017890
1/3/2022,161.362,163.236,158.695,159.899,85196716
2/3/2022,161.069,163.974,159.654,163.196,81369675
3/3/2022,165.061,165.493,162.208,162.873,78260514
4/3/2022,161.165,162.208,158.819,159.87,85549004
7/3/2022,160.057,161.685,155.829,156.084,98408213
8/3/2022,155.612,159.587,152.647,154.258,133854205
9/3/2022,158.211,160.106,156.192,159.654,93341854
10/3/2022,156.957,157.143,152.825,155.316,107515508
11/3/2022,155.721,156.064,151.375,151.6,98970844
14/3/2022,148.389,151,147.066,147.575,110975533
15/3/2022,147.853,152.424,147.341,151.952,94882394
16/3/2022,153.877,156.77,151.335,156.367,104410871
17/3/2022,155.406,157.742,154.444,157.369,77175514
18/3/2022,157.261,161.155,156.536,160.666,126060055
21/3/2022,160.206,162.992,159.724,162.04,97788186
22/3/2022,162.168,165.993,161.579,165.404,83214220
23/3/2022,164.59,169.155,164.257,166.769,100085958
24/3/2022,167.603,170.615,166.769,170.547,91991060
25/3/2022,170.361,171.732,169.264,171.185,82208030
28/3/2022,168.692,172.177,168.526,172.049,92236520
29/3/2022,173.115,175.393,172.775,175.343,102664857
30/3/2022,174.942,175.981,173.125,174.177,94544412
31/3/2022,174.247,174.434,170.87,171.076,105175456
1/4/2022,170.507,171.342,168.467,170.782,80376169
4/4/2022,171.037,174.883,170.909,174.833,78125322
5/4/2022,173.91,174.695,170.89,171.52,74916252
6/4/2022,168.877,170.125,166.689,168.359,90896293
7/4/2022,167.7,169.86,166.417,168.662,79195625
8/4/2022,168.31,168.31,165.779,166.65,78155456
11/4/2022,165.295,165.612,162.158,162.4,73737341
12/4/2022,164.619,166.436,163.276,164.267,80900623
13/4/2022,164.004,167.583,163.404,166.955,72075973
14/4/2022,167.172,167.809,161.705,161.95,76883613
18/4/2022,160.606,163.226,160.263,161.734,70448082
19/4/2022,161.685,164.422,160.596,164.014,69121148
20/4/2022,165.345,165.463,162.746,163.844,69331379
21/4/2022,165.493,168.063,162.559,163.06,89027500
22/4/2022,163.098,164.471,158.231,158.516,86633765
25/4/2022,157.859,159.87,155.259,159.587,98028059
26/4/2022,158.967,159.057,153.55,153.629,97596192
27/4/2022,152.756,156.564,152.238,153.402,89880160
28/4/2022,156.034,161.185,155.721,160.333,132903498
29/4/2022,158.566,162.845,154.072,154.464,134465861
2/5/2022,153.54,155.034,150.176,154.768,125594211
3/5/2022,154.955,157.457,153.161,156.259,90802133
4/5/2022,156.447,163.118,156.044,162.667,110490111
5/5/2022,160.537,160.764,151.814,153.6,133218345
6/5/2022,153.082,156.447,151.285,154.328,118346712
9/5/2022,152.016,152.904,148.647,149.204,134095687
10/5/2022,152.599,153.798,150.059,151.61,117574298
11/5/2022,150.619,152.532,143.073,143.752,145420220
12/5/2022,140.092,143.455,136.194,139.883,186096163
13/5/2022,141.873,145.325,140.421,144.349,116172087
16/5/2022,142.817,144.75,141.475,142.807,88301725
17/5/2022,146.065,146.956,143.924,146.436,79835231
18/5/2022,144.091,144.594,137.272,138.175,111842840
19/5/2022,137.252,139,134.037,134.771,138699854
20/5/2022,136.478,138.057,130.119,135.006,140055798
23/5/2022,135.202,140.569,135.065,140.421,119978978
24/5/2022,138.16,139.307,134.752,137.726,106125344
25/5/2022,135.831,139.124,135.742,137.881,94252368
26/5/2022,134.811,141.631,134.564,141.079,92335224
27/5/2022,142.66,146.869,142.533,146.832,92719392
31/5/2022,146.27,147.833,144.081,146.045,105703086
1/6/2022,147.086,148.892,144.906,145.919,75708122
2/6/2022,145.055,148.429,144.101,148.369,73732447
3/6/2022,144.141,145.193,141.745,142.65,90265096
6/6/2022,144.27,145.78,142.18,143.395,72968427
7/6/2022,141.635,146.203,141.396,145.919,69105670
8/6/2022,145.791,147.056,144.69,145.183,54982546
9/6/2022,144.319,145.173,139.853,139.962,70802353
10/6/2022,137.646,138.115,134.486,134.554,93318780
13/6/2022,130.375,132.661,128.972,129.404,124545553
14/6/2022,130.63,131.378,129.012,130.267,86406689
15/6/2022,131.768,134.761,129.679,132.886,93284470
16/6/2022,129.601,129.904,126.617,127.619,110027369
17/6/2022,127.624,130.582,127.372,129.09,137094359
21/6/2022,130.914,134.486,130.818,133.32,82550446
22/6/2022,132.26,135.174,131.396,132.807,74813932
23/6/2022,134.251,135.988,133.085,135.674,73819800
24/6/2022,137.272,139.247,137.147,139,90822103
27/6/2022,140.017,140.798,138.319,139,71551348
28/6/2022,139.462,140.73,134.747,134.86,68603417
29/6/2022,134.88,138.027,134.105,136.615,67509970
30/6/2022,134.673,135.772,131.263,134.153,100858169
1/7/2022,133.484,136.43,133.114,136.321,72411135
5/7/2022,135.184,138.951,134.358,138.901,74834730
6/7/2022,138.7,141.416,138.433,140.237,75481486
7/7/2022,140.599,143.797,140.589,143.604,67521485
8/7/2022,142.537,144.78,142.28,144.28,65782931
11/7/2022,142.935,143.884,141.079,142.15,64516467
12/7/2022,143.024,145.661,142.329,143.12,79073432
13/7/2022,140.305,143.703,139.452,142.757,72547708
14/7/2022,141.376,146.153,140.56,145.681,79635981
15/7/2022,146.966,148.029,145.417,147.351,77719177
18/7/2022,147.911,148.725,143.944,144.309,82978870
19/7/2022,145.143,148.389,144.151,148.164,84570249
20/7/2022,148.26,150.834,147.545,150.166,66063820
21/7/2022,151.6,152.647,149.085,152.433,66332079
22/7/2022,152.472,153.346,150.529,151.196,67951253
25/7/2022,151.117,152.129,149.422,150.079,54650047
26/7/2022,149.407,150.211,147.97,148.755,56193778
27/7/2022,149.715,154.377,149.303,153.848,80125108
28/7/2022,154.033,154.68,151.511,154.396,82935927
29/7/2022,158.211,160.557,156.506,159.46,103734570
1/8/2022,157.988,160.517,157.868,158.478,69127305
2/8/2022,157.094,159.36,156.633,157.005,61053356
3/8/2022,157.82,163.462,157.733,163.012,84086282
4/8/2022,162.888,164.051,161.343,162.697,56535650
5/8/2022,160.369,162.963,160.162,162.47,57701740
8/8/2022,163.473,164.891,161.341,161.999,61432048
9/8/2022,161.163,162.933,160.408,162.049,64254359
10/8/2022,164.761,166.393,163.996,166.293,71414067
11/8/2022,167.099,168.012,165.26,165.557,58161927
12/8/2022,166.864,169.173,166.449,169.104,69245141
15/8/2022,168.534,170.372,168.362,170.174,55050279
16/8/2022,169.771,170.685,168.672,170.018,57376135
17/8/2022,169.761,173.082,169.562,171.512,80951641
18/8/2022,170.724,171.854,170.107,171.118,63393948
19/8/2022,170.018,170.714,168.327,168.534,71592937
22/8/2022,166.735,166.902,164.226,164.651,70250067
23/8/2022,164.171,165.774,163.748,164.318,55106646
24/8/2022,164.318,165.183,163.352,164.612,54795675
25/8/2022,165.84,167.177,165.417,167.07,52125871
26/8/2022,167.6,168.071,160.712,160.771,80360287
29/8/2022,158.34,160.063,157.036,158.57,74613187
30/8/2022,159.305,159.73,154.974,156.143,79286812
31/8/2022,157.514,157.783,154.403,154.482,89550425
1/9/2022,153.915,155.662,151.977,155.21,75545360
2/9/2022,156.969,157.57,152.268,153.098,78321574
6/9/2022,153.746,154.355,151.013,151.838,75021181
7/9/2022,152.129,153.945,150.935,153.245,88999311
8/9/2022,151.947,153.636,150.021,151.77,86428824
9/9/2022,152.762,155.073,152.055,154.629,69287503
12/9/2022,156.812,161.398,156.527,160.584,106815939
13/9/2022,157.116,157.745,150.7,151.16,124830274
14/9/2022,152.09,154.365,150.935,152.604,89524287
15/9/2022,151.957,152.538,148.745,149.717,92084571
16/9/2022,148.579,148.716,145.787,148.075,165154666
19/9/2022,146.711,151.868,146.503,151.79,82918091
20/9/2022,150.73,155.326,150.414,154.166,109598220
21/9/2022,154.6,155.975,150.926,151.043,103499010
22/9/2022,149.727,151.78,148.28,150.081,88188155
23/9/2022,148.559,148.833,145.973,147.812,97731703
26/9/2022,147.054,151.091,147.034,148.144,94993523
27/9/2022,150.081,152.026,147.334,149.116,85939193
28/9/2022,145.069,148.019,142.32,147.23,149290978
29/9/2022,143.557,144.165,138.23,140,130409039
30/9/2022,138.817,140.608,135.597,135.793,127139137
3/10/2022,135.803,140.578,135.286,139.97,116337437
4/10/2022,142.505,143.676,141.745,143.557,89386544
5/10/2022,141.569,144.813,140.52,143.849,80879312
6/10/2022,143.272,144.97,142.691,142.899,69614357
7/10/2022,140.06,140.608,137.018,137.651,87448288
10/10/2022,137.974,139.42,136.16,137.974,76226325
11/10/2022,137.463,138.887,135.813,136.558,78398824
12/10/2022,136.707,137.915,135.754,135.931,71681935
13/10/2022,132.639,141.088,132.029,140.5,115230474
14/10/2022,141.794,142.004,135.783,135.97,90168058
17/10/2022,138.61,140.411,137.83,139.93,86761713
18/10/2022,142.957,144.145,138.16,141.246,100893459
19/10/2022,139.224,142.424,139.036,141.356,62852789
20/10/2022,140.53,143.348,140.168,140.894,65665415
21/10/2022,140.381,145.274,140.167,144.705,88082380
24/10/2022,144.622,147.614,143.458,146.849,77328431
25/10/2022,147.476,149.835,146.76,149.687,76056658
26/10/2022,148.33,149.344,145.463,146.751,90003393
27/10/2022,145.492,146.449,141.621,142.281,111114985
28/10/2022,145.618,154.757,145.246,153.03,167682208
31/10/2022,150.488,151.555,149.274,150.67,99678870
1/11/2022,152.379,152.742,146.533,148.028,81803787
2/11/2022,146.351,149.52,142.475,142.505,95263437
3/11/2022,139.585,140.313,136.334,136.462,99653779
4/11/2022,139.847,140.418,132.26,136.197,143072909
7/11/2022,134.947,136.95,133.528,136.727,84711626
8/11/2022,138.193,139.199,135.319,137.297,91350253
9/11/2022,136.314,136.363,132.468,132.74,76119178
10/11/2022,139.01,144.553,137.297,144.553,120759977
11/11/2022,143.52,147.642,142.091,147.337,95486727
14/11/2022,146.62,147.909,145.103,145.94,74550744
15/11/2022,149.813,151.165,146.217,147.672,91309464
16/11/2022,146.777,147.504,144.964,146.44,65248073
17/11/2022,144.118,149.087,143.841,148.34,81678528
18/11/2022,149.901,150.289,147.603,148.903,76029544
21/11/2022,147.792,147.998,145.383,145.673,59665771
22/11/2022,145.793,148.047,144.607,147.811,52634864
23/11/2022,147.092,149.435,146.982,148.688,59236317
25/11/2022,145.964,146.53,144.799,145.773,35760262
28/11/2022,142.85,144.326,141.116,141.943,70458565
29/11/2022,142.013,142.524,138.138,138.941,85107043
30/11/2022,139.164,146.372,138.333,145.693,113166988
1/12/2022,145.872,146.777,144.296,145.969,72392990
2/12/2022,143.658,145.663,143.35,145.478,66496963
5/12/2022,145.438,148.539,143.47,144.316,69930145
6/12/2022,144.754,144.974,139.678,140.655,65765154
7/12/2022,139.946,141.106,137.792,138.714,70839144
8/12/2022,140.114,141.254,138.871,140.398,63124630
9/12/2022,140.096,143.273,138.675,139.916,77317305
12/12/2022,140.447,142.221,138.831,142.211,71592596
13/12/2022,147.141,147.603,141.963,143.173,95391723
14/12/2022,143.056,144.341,138.931,140.949,83610807
15/12/2022,138.881,139.56,133.879,134.344,100518383
16/12/2022,134.526,135.478,131.62,132.388,162725184
19/12/2022,132.978,133.067,129.247,130.281,80868964
20/12/2022,129.316,131.146,127.84,130.212,78674534
21/12/2022,130.881,134.65,130.655,133.314,87305937
22/12/2022,132.232,132.435,128.243,130.142,79100548
23/12/2022,128.852,130.326,127.594,129.779,64838231
27/12/2022,129.306,129.336,126.687,127.978,70114442
28/12/2022,127.624,128.959,123.883,124.051,86808485
29/12/2022,125.97,128.421,125.714,127.564,76917698
30/12/2022,126.382,127.9,125.42,127.88,78269533
3/1/2023,128.223,128.834,122.211,123.097,113915392
4/1/2023,124.887,126.625,123.106,124.365,90542662
5/1/2023,125.124,125.753,122.79,123.048,82261029
6/1/2023,124.022,128.233,122.919,127.574,89161952
9/1/2023,128.405,131.306,127.84,128.096,71926017
10/1/2023,128.203,129.191,126.1,128.668,64920796
11/1/2023,129.178,131.403,128.4,131.384,70572795
12/1/2023,131.766,132.14,129.365,131.306,72524295
13/1/2023,129.946,132.789,129.583,132.633,58736757
17/1/2023,132.7,135.124,132.013,133.795,64667267
18/1/2023,134.655,136.423,132.898,133.077,70790075
19/1/2023,131.964,134.101,131.659,133.136,59215000
20/1/2023,133.146,135.842,132.101,135.695,81510095
23/1/2023,135.94,141.052,135.723,138.881,83071425
24/1/2023,138.089,140.901,138.084,140.279,67500498
25/1/2023,138.665,140.182,136.618,139.62,66854510
26/1/2023,140.91,141.973,139.659,141.688,54972699
27/1/2023,140.896,144.905,140.823,143.629,71687279
30/1/2023,142.667,143.253,140.595,140.744,65041825
31/1/2023,140.447,142.061,140.036,142.013,66930825
1/2/2023,141.698,144.296,139.09,143.133,78909050
2/2/2023,146.55,148.795,145.832,148.439,120236670
3/2/2023,145.693,154.897,145.497,152.061,156832618
6/2/2023,150.166,150.684,148.399,149.336,70978557
7/2/2023,148.26,152.779,148.26,152.21,84658715
8/2/2023,151.451,152.14,148.784,149.522,65148311
9/2/2023,151.349,151.893,148.047,148.489,56905275
10/2/2023,147.325,149.177,147.09,148.855,58283001
13/2/2023,148.797,152.057,148.766,151.654,63100096
14/2/2023,149.947,151.575,148.707,151.012,62601536
15/2/2023,150.924,153.279,150.697,153.113,66620609
16/2/2023,151.318,154.097,151.157,151.515,69155497
17/2/2023,150.174,150.816,148.698,150.371,60000945
21/2/2023,148.056,149.137,146.286,146.359,59720045
22/2/2023,146.745,147.81,145.059,146.784,51750310
23/2/2023,147.947,148.191,145.138,147.266,49095340
24/2/2023,145.009,145.089,143.641,144.615,56273199
27/2/2023,145.6,147.04,145.345,145.809,45650367
28/2/2023,144.949,146.95,144.733,145.305,51279277
1/3/2023,144.733,145.126,142.939,143.235,56282720
2/3/2023,142.32,144.615,141.843,143.825,53037142
3/3/2023,145.932,148.952,145.227,148.875,71757002
6/3/2023,151.59,154.07,151.268,151.635,88826490
7/3/2023,151.505,151.829,148.97,149.436,56995942
8/3/2023,150.628,151.278,149.662,150.687,47888651
9/3/2023,151.367,152.329,148.078,148.439,54613474
10/3/2023,148.064,148.786,145.502,146.379,69565815
13/3/2023,145.694,150.953,145.59,148.32,85680661
14/3/2023,149.118,151.209,147.957,150.411,74763532
15/3/2023,149.03,151.056,147.781,150.806,78285805
16/3/2023,149.986,154.225,149.476,153.624,77359125
17/3/2023,153.852,154.5,152.077,152.786,100378055
20/3/2023,152.856,155.565,151.948,155.152,74708265
21/3/2023,155.074,157.123,154.305,157.005,75009437
22/3/2023,157.024,159.825,155.555,155.575,76798510
23/3/2023,156.563,159.242,155.429,156.659,68601707
24/3/2023,156.592,158.05,155.595,157.962,60114795
27/3/2023,157.657,158.474,155.615,156.02,53149249
28/3/2023,155.714,156.226,153.753,155.399,46658445
29/3/2023,157.094,158.75,157.074,158.474,52048961
30/3/2023,159.223,160.15,158.967,160.041,50218824
31/3/2023,160.12,162.644,159.598,162.546,69745777
3/4/2023,161.923,163.916,161.876,163.797,57801606
4/4/2023,164.217,164.456,162.752,163.265,46948732
5/4/2023,162.386,162.693,159.491,161.42,52257999
6/4/2023,160.11,162.604,159.686,162.309,46047693
10/4/2023,159.116,159.716,157.793,159.716,48408161
11/4/2023,160.032,160.041,158.217,158.504,48334443
12/4/2023,158.917,159.746,157.499,157.813,50859344
13/4/2023,159.321,163.433,159.116,163.195,69437228
14/4/2023,162.241,163.946,161.48,162.851,50101947
17/4/2023,162.732,163.029,161.687,162.87,42117666
18/4/2023,163.728,165.02,163.285,164.093,50646247
19/4/2023,163.433,165.76,163.175,165.235,48411492
20/4/2023,163.718,165.472,163.195,164.27,53216318
21/4/2023,162.693,164.075,162.141,162.663,59182480
24/4/2023,162.644,163.235,161.55,162.97,42557308
25/4/2023,162.831,163.931,161.391,161.43,49419788
26/4/2023,160.727,162.92,160.475,161.42,46157941
27/4/2023,162.831,166.153,162.831,166.005,65842575
28/4/2023,166.085,167.424,165.482,167.256,56076638
1/5/2023,166.863,168.015,166.231,167.169,53233116
2/5/2023,167.661,167.917,165.147,166.133,49127243
3/5/2023,167.08,168.48,164.774,165.058,66079650
4/5/2023,162.536,164.654,161.963,163.423,82412292
5/5/2023,168.534,171.81,168.322,171.091,115096779
8/5/2023,170.018,171.368,169.651,171.022,56773531
9/5/2023,170.578,171.061,169.151,169.319,45983529
10/5/2023,170.549,171.546,169.446,171.076,54502812
11/5/2023,171.368,172.097,169.71,171.269,50231999
12/5/2023,171.378,171.811,168.79,170.342,46128975
15/5/2023,170.922,170.972,169.257,169.847,37754322
16/5/2023,169.768,170.902,169.578,169.847,42661339
17/5/2023,169.492,170.691,168.219,170.459,58709946
18/5/2023,170.765,172.976,170.352,172.79,66353733
19/5/2023,174.111,174.111,172.68,172.898,56539786
22/5/2023,171.731,172.453,171.211,171.95,44141092
23/5/2023,170.894,171.141,169.063,169.346,51411331
24/5/2023,168.88,170.191,168.319,169.619,45734226
25/5/2023,170.182,171.647,169.472,170.755,56791824
26/5/2023,171.081,173.501,170.874,173.162,55552534
30/5/2023,174.673,176.68,174.291,175.01,56696739
31/5/2023,175.035,177.033,174.479,174.96,100928964
1/6/2023,175.405,177.793,174.646,177.764,69803444
2/6/2023,178.693,179.433,176.943,178.613,62808192
5/6/2023,180.272,182.561,175.736,177.26,123542265
6/6/2023,177.64,177.793,175.139,176.894,65696966
7/6/2023,176.134,178.871,175.03,175.523,62755209
8/6/2023,175.597,178.504,175.169,178.236,50871982
9/6/2023,179.154,179.874,178.295,178.623,49539868
12/6/2023,178.93,181.515,178.633,181.416,55471507
13/6/2023,180.439,181.772,180.082,180.942,55647920
14/6/2023,181.002,182.009,179.671,181.573,58214829
15/6/2023,181.583,184.11,181.406,183.607,66289411
16/6/2023,184.318,184.574,181.891,182.531,102581243
20/6/2023,182.029,183.695,182.029,182.62,50450752
21/6/2023,182.511,183.015,180.232,181.583,50163649
22/6/2023,181.366,184.629,181.298,184.584,51915913
23/6/2023,183.154,185.137,182.62,184.269,53812074
26/6/2023,184.903,185.621,182.839,182.878,48717938
27/6/2023,183.488,185.957,183.272,185.631,51394699
28/6/2023,185.502,187.448,185.177,186.805,51887013
29/6/2023,186.64,187.614,186.5,187.14,46953798
30/6/2023,189.154,191.968,188.79,191.463,86328299
3/7/2023,191.277,191.375,189.282,189.973,31869853
5/7/2023,189.092,190.487,188.159,188.859,47534249
6/7/2023,187.39,189.54,186.756,189.332,45746911
7/7/2023,188.937,190.181,187.781,188.217,47427608
10/7/2023,186.815,187.538,184.619,186.173,60706292
11/7/2023,186.716,186.855,184.19,185.651,47248415
12/7/2023,187.23,189.223,186.034,187.32,61545213
13/7/2023,188.04,188.72,187.33,188.08,41883335
14/7/2023,187.771,188.71,187.18,188.227,42160823
17/7/2023,189.421,191.812,189.332,191.483,51181254
18/7/2023,190.852,191.822,189.929,191.227,48986521
19/7/2023,190.606,195.672,190.161,192.581,81560825
20/7/2023,192.571,193.932,190.008,190.635,60360863
21/7/2023,191.592,192.451,188.76,189.461,72893229
24/7/2023,190.912,192.392,189.766,190.261,46100567
25/7/2023,190.832,191.93,190.424,191.121,37771081
26/7/2023,191.171,193.112,190.822,191.988,48093074
27/7/2023,193.488,194.653,190.063,190.723,48081234
28/7/2023,192.155,194.087,191.632,193.301,48923374
31/7/2023,193.527,193.952,192.738,193.913,39332157
1/8/2023,193.7,194.191,192.758,193.077,35743110
2/8/2023,192.521,192.661,189.373,190.093,51048711
3/8/2023,189.097,189.884,188.227,188.7,63057784
4/8/2023,183.124,184.961,179.572,179.641,117474229
7/8/2023,179.779,180.763,175.06,176.541,98852930
8/8/2023,177.37,177.942,175.286,177.478,68710520
9/8/2023,178.534,178.593,174.722,175.889,61168592
10/8/2023,177.162,178.415,175.305,175.672,55402471
11/8/2023,175.265,176.552,174.505,175.731,52646521
14/8/2023,175.908,177.609,175.25,177.382,44187488
15/8/2023,176.807,177.402,174.999,175.395,44133832
16/8/2023,175.079,176.472,174.457,174.525,47515266
17/8/2023,175.089,175.449,171.471,171.985,66837112
18/8/2023,170.305,173.071,169.968,172.469,61889063
21/8/2023,173.041,174.089,171.721,173.802,46854635
22/8/2023,175.009,175.622,174.209,175.178,42577455
23/8/2023,176.452,179.447,176.259,179.02,53340641
24/8/2023,178.581,179.005,173.97,174.338,55589740
25/8/2023,175.325,177.074,173.782,176.542,52052563
28/8/2023,178.004,178.498,176.477,178.102,44334257
29/8/2023,177.614,182.759,177.421,181.988,53625133
30/8/2023,182.799,185.675,182.599,185.475,61526603
31/8/2023,185.665,186.929,185.307,185.695,61506954
1/9/2023,187.291,187.719,186.097,187.266,46302868
5/9/2023,186.097,187.778,185.436,187.504,45810691
6/9/2023,186.216,186.664,179.368,180.79,82713962
7/9/2023,173.15,176.145,171.53,175.503,113807128
8/9/2023,176.284,178.15,175.731,176.116,66370896
11/9/2023,177.984,178.211,175.285,177.282,59643959
12/9/2023,177.412,178.044,172.795,174.259,91429295
13/9/2023,174.467,175.245,171.965,172.193,85255514
14/9/2023,171.985,174.059,171.569,173.704,61609431
15/9/2023,174.437,174.452,171.806,172.982,110539940
18/9/2023,174.437,177.302,174.129,175.908,68045805
19/9/2023,175.463,177.549,175.079,176.995,52434333
20/9/2023,177.184,177.614,173.369,173.458,59121030
21/9/2023,172.528,174.259,171.846,171.916,63889199
22/9/2023,172.646,175.028,172.034,172.766,57390184
25/9/2023,172.183,174.92,172.133,174.039,46713866
26/9/2023,172.795,173.169,169.671,169.968,65345901
27/9/2023,170.62,171.036,167.092,168.456,67706104
28/9/2023,167.378,170.038,165.679,168.711,56954167
29/9/2023,170.028,171.065,168.369,169.228,52468874
2/10/2023,169.238,172.281,168.949,171.736,52775882
3/10/2023,170.26,171.617,168.841,170.403,50175841
4/10/2023,169.109,172.193,168.989,171.647,53641662
5/10/2023,171.776,173.418,170.679,172.884,49096645
6/10/2023,171.786,175.928,171.175,175.434,57937818
9/10/2023,174.76,176.975,173.762,176.915,42887575
10/10/2023,176.036,177.638,175.889,176.324,44210142
11/10/2023,176.135,177.767,175.542,177.717,48108378
12/10/2023,177.984,180.228,176.965,178.617,57408125
13/10/2023,179.318,179.822,176.076,176.777,52059126
16/10/2023,174.701,177,174.467,176.652,53132462
17/10/2023,174.599,176.353,172.776,175.099,58223805
18/10/2023,173.548,175.518,173.081,173.802,55406192
19/10/2023,174,175.781,173.159,173.428,59997868
20/10/2023,173.279,173.389,170.64,170.877,64996942
23/10/2023,168.929,171.995,167.961,170.996,56636174
24/10/2023,171.046,171.656,169.464,171.432,44330156
25/10/2023,169.889,171.055,168.671,169.119,57826819
26/10/2023,168.398,169.392,163.751,164.958,71452958
27/10/2023,164.977,167.003,164.898,166.271,59184716
30/10/2023,167.063,169.188,166.914,168.319,51730189
31/10/2023,167.388,168.919,165.955,168.791,45371594
1/11/2023,169.019,172.211,168.149,171.955,57602160
2/11/2023,173.488,175.721,173.428,175.513,78241084
3/11/2023,172.221,174.77,171.342,174.604,80764813
6/11/2023,174.338,177.352,174.169,177.154,64589505
7/11/2023,177.104,180.328,176.896,179.716,71356550
8/11/2023,180.238,181.325,179.487,180.77,49918530
9/11/2023,180.84,181.988,179.706,180.298,54393626
10/11/2023,182.08,184.647,181.642,184.482,66865410
13/11/2023,183.911,184.117,182.316,182.9,44080741
14/11/2023,185.771,186.175,184.383,185.512,60732811
15/11/2023,185.914,187.552,185.85,186.076,54349299
16/11/2023,187.62,188.997,186.71,187.759,54978182
17/11/2023,188.295,188.422,186.633,187.739,51470607
20/11/2023,187.937,189.931,187.927,189.482,47022079
21/11/2023,189.442,189.551,187.788,188.679,38530643
22/11/2023,189.521,190.947,188.863,189.343,40041705
24/11/2023,188.908,188.937,187.305,188.017,24298169
27/11/2023,187.967,188.709,186.957,187.838,40973887
28/11/2023,187.828,189.116,187.454,188.442,38814495
29/11/2023,188.937,190.116,187.026,187.424,43461076
30/11/2023,187.888,188.364,186.254,187.997,49301265
1/12/2023,188.374,189.591,187.285,189.273,46179625
4/12/2023,188.027,188.096,185.523,187.484,43840269
5/12/2023,188.255,192.401,188.225,191.431,67320564
6/12/2023,192.45,192.758,190.135,190.343,41516595
7/12/2023,191.639,192.995,191.599,192.271,47970875
8/12/2023,192.203,193.974,191.679,193.698,53961168
11/12/2023,191.126,191.5,189.452,191.194,61576810
12/12/2023,191.096,192.719,189.749,192.709,53244339
13/12/2023,193.083,195.965,192.847,195.925,71135574
14/12/2023,195.985,197.567,194.144,196.074,67525849
15/12/2023,195.499,196.36,194.976,195.539,129873720
18/12/2023,194.074,194.608,192.391,193.877,56331037
19/12/2023,194.144,194.926,193.877,194.916,41137007
20/12/2023,194.876,195.649,192.827,192.827,52785537
21/12/2023,194.084,195.053,191.51,192.68,46965431
22/12/2023,193.173,193.401,190.986,191.609,37535496
26/12/2023,191.619,191.897,190.847,191.066,29219737
27/12/2023,190.511,191.51,189.124,191.166,48587237
28/12/2023,192.144,192.66,191.185,191.589,34403624
29/12/2023,191.907,192.401,189.753,190.551,43115446
2/1/2024,185.224,186.503,181.995,183.731,83345606
3/1/2024,182.326,183.969,181.544,182.356,59021296
4/1/2024,180.278,181.205,179.018,180.039,72731369
5/1/2024,180.118,180.88,178.316,179.317,63027690
8/1/2024,180.213,183.691,179.635,183.652,59758890
9/1/2024,182.03,183.248,180.851,183.238,43286869
10/1/2024,182.455,184.482,182.03,184.276,47279013
11/1/2024,184.622,185.126,181.732,183.681,49638777
12/1/2024,184.147,184.821,183.285,184.008,40898283
16/1/2024,180.288,182.366,179.071,181.742,66284556
17/1/2024,179.407,181.05,178.446,180.801,47808989
18/1/2024,184.177,187.195,183.921,186.69,78816115
19/1/2024,187.385,189.976,186.879,189.591,69618781
22/1/2024,190.323,193.322,190.284,191.897,60758551
23/1/2024,193.014,193.738,191.837,193.173,42795599
24/1/2024,193.411,194.36,192.341,192.5,54188462
25/1/2024,193.213,194.248,191.128,192.173,55391643
26/1/2024,192.271,192.758,189.966,190.442,45057274
29/1/2024,190.036,190.224,187.63,189.758,47635392
30/1/2024,188.977,189.828,185.542,186.105,56439662
31/1/2024,185.118,185.171,182.455,182.503,56044027
1/2/2024,182.094,185.028,181.93,184.94,65559469
2/2/2024,178.011,185.404,177.408,183.941,103617035
5/2/2024,186.214,187.305,183.931,185.752,70392573
6/2/2024,184.94,187.365,184.85,187.355,43942561
7/2/2024,188.679,189.087,186.672,187.464,53994104
8/2/2024,187.439,187.585,185.423,186.384,41387579
9/2/2024,186.948,188.277,186.304,187.146,45566164
12/2/2024,186.715,186.968,185.106,185.462,42162182
13/2/2024,184.095,184.53,181.858,183.37,57043993
14/2/2024,183.648,183.858,180.794,182.488,55127699
15/2/2024,181.895,182.827,179.716,182.202,66030003
16/2/2024,181.766,183.184,180.026,180.666,50205252
20/2/2024,180.15,180.784,178.376,179.921,54153952
21/2/2024,180.3,181.24,179.029,180.676,41907627
22/2/2024,181.825,183.286,180.814,182.707,52768109
23/2/2024,183.341,183.37,180.587,180.873,45530302
26/2/2024,180.597,181.112,179.019,179.527,41239346
27/2/2024,179.467,182.263,177.941,180.983,54813196
28/2/2024,180.864,181.469,178.506,179.785,49399458
29/2/2024,179.636,180.923,177.912,179.118,137926520
1/3/2024,177.932,178.902,175.781,178.04,74232566
4/3/2024,174.562,175.304,172.222,173.522,82251909
5/3/2024,169.221,170.488,168.09,168.586,95998136
6/3/2024,169.517,169.695,167.159,167.595,69211910
7/3/2024,167.625,169.191,166.97,167.476,72418181
8/3/2024,167.476,172.134,167.417,169.191,76961132
11/3/2024,171.381,172.808,170.498,171.193,60686790
12/3/2024,171.588,172.461,169.468,171.666,60369830
13/3/2024,171.213,171.621,169.221,169.585,52966381
14/3/2024,171.351,172.736,170.498,171.44,73577079
15/3/2024,169.625,171.063,168.748,171.063,122860748
18/3/2024,173.986,176.107,171.955,172.154,76292242
19/3/2024,172.768,175.012,171.47,174.492,55717747
20/3/2024,174.135,177.058,173.512,177.058,53909295
21/3/2024,175.453,175.889,169.3,169.824,107147605
22/3/2024,170.211,171.49,168.526,170.725,71807753
25/3/2024,169.027,170.39,167.921,169.31,54782395
26/3/2024,168.467,169.874,168.05,168.18,57910729
27/3/2024,168.873,172.035,168.576,171.746,60821800
28/3/2024,170.201,170.677,168.972,169.933,66270364
1/4/2024,169.645,169.705,167.946,168.497,46661325
2/4/2024,167.555,167.812,166.713,167.317,49778419
3/4/2024,167.267,169.142,167.06,168.12,48125747
4/4/2024,168.753,170.371,167.297,167.297,54193139
5/4/2024,168.06,168.853,167.427,168.05,42488013
8/4/2024,167.506,167.674,166.723,166.931,37766114
9/4/2024,167.178,168.546,166.832,168.14,42837549
10/4/2024,167.277,167.565,165.603,166.266,50161730
11/4/2024,166.822,173.876,166.644,173.462,91899087
12/4/2024,172.688,176.751,172.638,174.957,102596173
15/4/2024,173.777,175.037,170.944,171.133,74200971
16/4/2024,170.201,172.194,166.753,167.852,74382066
17/4/2024,168.08,169.112,166.484,166.484,51364451
18/4/2024,166.514,167.119,165.048,165.533,43515355
19/4/2024,164.711,164.9,162.595,163.443,68384561
22/4/2024,164.023,165.752,163.284,164.345,48554340
23/4/2024,163.859,165.543,163.433,165.394,49988594
24/4/2024,165.038,167.773,164.711,167.496,48690965
25/4/2024,167.995,169.072,166.635,168.359,51018450
26/4/2024,168.349,169.795,167.654,167.773,45246418
29/4/2024,171.806,174.444,171.539,171.935,68789816
30/4/2024,171.766,173.413,168.467,168.793,66534834
1/5/2024,168.05,171.148,167.585,167.773,50841674
2/5/2024,170.954,171.851,169.35,171.47,95072347
3/5/2024,184.963,185.313,181.013,181.726,164709581
6/5/2024,180.709,182.538,178.795,180.071,79284715
7/5/2024,181.796,183.234,179.686,180.754,78009315
8/5/2024,181.201,181.419,179.814,181.092,45467142
9/5/2024,180.913,182.995,180.468,182.906,49428756
10/5/2024,183.48,183.669,180.731,181.644,51152068
13/5/2024,184.012,185.665,183.204,184.852,72602001
14/5/2024,186.07,186.855,184.862,185.992,52798830
15/5/2024,186.469,189.187,185.932,188.264,70944460
16/5/2024,189.008,189.629,188.204,188.384,53253933
17/5/2024,188.056,189.346,187.728,188.413,41602206
20/5/2024,187.872,190.446,187.559,189.574,44704364
21/5/2024,189.624,191.25,189.455,190.874,42636620
22/5/2024,190.789,191.342,188.81,189.435,34916517
23/5/2024,189.515,189.534,185.191,185.445,51400402
24/5/2024,187.372,189.117,186.598,188.522,36607926
28/5/2024,190.041,191.519,187.648,188.532,52684383
29/5/2024,188.155,190.771,188.056,188.829,53478442
30/5/2024,189.296,190.705,189.167,189.821,50334236
31/5/2024,189.971,191.093,188.453,190.774,75739548
3/6/2024,191.419,193.493,191.043,192.541,50467859
4/6/2024,193.141,193.822,191.552,192.859,47838588
5/6/2024,193.902,195.388,193.374,194.366,54575631
6/6/2024,194.184,194.993,192.681,192.988,41500251
7/6/2024,193.156,195.428,192.651,195.378,53514617
10/6/2024,195.388,195.785,190.675,191.638,98014300
11/6/2024,192.163,205.571,192.144,205.562,173706429
12/6/2024,205.777,218.511,205.313,211.436,199666662
13/6/2024,213.093,215.085,209.976,212.595,98619598
14/6/2024,212.209,213.518,209.679,210.859,70665075
17/6/2024,211.733,217.27,211.086,215.008,94453192
18/6/2024,215.919,216.951,211.366,212.645,80561533
20/6/2024,212.289,212.595,207.247,208.07,86838907
21/6/2024,208.775,210.263,205.522,205.897,248327173
24/6/2024,206.126,211.067,205.004,206.543,81351347
25/6/2024,207.545,209.757,207.009,207.465,57152490
26/6/2024,209.876,213.212,209.022,211.613,66725278
27/6/2024,213.043,214.084,210.72,212.456,50157647
28/6/2024,214.115,214.411,208.688,209.002,83181102
1/7/2024,210.463,215.842,210.293,215.085,60870084
2/7/2024,214.491,218.688,213.448,218.578,58495106
3/7/2024,218.312,219.85,217.35,219.85,37658818
5/7/2024,219.95,224.711,219.95,224.604,60879636
8/7/2024,225.347,226.102,221.537,226.072,59542830
9/7/2024,226.18,227.64,224.636,226.926,48542366
10/7/2024,227.54,231.293,227.49,231.193,63112048
11/7/2024,229.613,230.606,224.037,225.824,65211087
12/7/2024,227.163,230.854,226.926,228.77,53456787
15/7/2024,234.664,235.41,231.303,232.601,63115640
16/7/2024,233.196,234.458,230.546,233.019,43568651
17/7/2024,227.69,229.683,224.901,227.123,57789396
18/7/2024,228.512,228.671,220.564,222.459,66545295
19/7/2024,223.095,225.059,221.562,222.589,49531589
22/7/2024,225.268,226.032,221.378,222.241,48574626
23/7/2024,222.644,225.198,220.972,223.282,40269311
24/7/2024,222.281,223.075,215.464,216.863,62255362
25/7/2024,217.25,219.156,212.973,215.822,51788656
26/7/2024,217.021,217.805,214.351,216.288,41923088
29/7/2024,215.295,217.617,214.095,216.565,36592612
30/7/2024,217.508,218.633,214.461,217.12,41965912
31/7/2024,219.74,222.101,218.937,220.375,50423241
1/8/2024,222.649,222.758,215.354,216.685,62984376
2/8/2024,217.469,223.869,216.038,218.173,106385024
5/8/2024,197.561,211.861,194.495,207.665,120473176
6/8/2024,203.724,208.378,199.527,205.64,70199240
7/8/2024,205.313,212,204.805,208.209,64007651
8/8/2024,211.475,212.555,207.227,211.673,47525892
9/8/2024,210.473,215.115,210.343,214.581,42528032
12/8/2024,214.661,218.077,214.192,216.11,38277894
13/8/2024,217.581,220.442,217.581,219.826,44445383
14/8/2024,219.131,221.575,218.267,220.273,42236208
15/8/2024,223.134,223.88,221.306,223.252,46718902
16/8/2024,222.458,225.347,222.19,224.576,44631506
19/8/2024,224.246,224.516,221.585,224.416,40955086
20/8/2024,224.296,225.687,223.978,225.032,30498065
21/8/2024,225.041,226.491,223.582,224.923,34993850
22/8/2024,226.303,226.85,222.438,223.065,43982350
23/8/2024,224.185,226.731,222.866,225.36,38931316
26/8/2024,225.28,225.797,222.428,225.697,30803231
27/8/2024,224.521,227.355,223.422,226.541,36170610
28/8/2024,226.433,228.359,224.206,225.012,38302127
29/8/2024,228.598,231.399,227.385,228.289,52247265
30/8/2024,228.687,228.897,225.996,227.505,53338861
3/9/2024,227.059,227.505,219.726,221.316,50520271
4/9/2024,220.213,220.332,216.06,219.409,44128178
5/9/2024,220.178,224.008,220.075,220.929,36855920
6/9/2024,222.488,223.771,218.336,219.379,48741097
9/9/2024,219.379,219.826,215.296,219.468,67621264
10/9/2024,217.491,220.036,215.316,218.673,51929929
11/9/2024,220.011,221.634,216.468,221.206,44879959
12/9/2024,221.048,222.091,218.386,221.316,37744547
13/9/2024,222.12,222.578,220.462,221.048,37008134
16/9/2024,215.126,215.803,212.523,214.908,59747340
17/9/2024,214.341,215.485,213.101,215.375,45818351
18/9/2024,216.13,221.256,216.12,219.25,60288372
19/9/2024,223.522,228.319,223.163,227.375,67219995
20/9/2024,228.468,231.568,226.135,226.711,320773273
23/9/2024,225.857,227.953,224.336,224.992,54501702
24/9/2024,227.153,227.853,224.256,225.887,43842183
25/9/2024,223.462,225.807,222.558,224.893,42586637
26/9/2024,225.817,227.009,223.938,226.035,36877369
27/9/2024,226.969,228.023,225.817,226.303,34249480
30/9/2024,228.538,231.479,228.153,231.479,55153323
1/10/2024,228.023,228.153,222.28,224.733,63700761
2/10/2024,224.416,225.887,221.565,225.3,33096594
3/10/2024,223.672,225.325,221.863,224.196,34267790
4/10/2024,226.413,226.511,222.668,225.32,37590414
7/10/2024,223.035,224.216,219.886,220.243,39764861
8/10/2024,222.836,224.506,221.793,224.296,32064949
9/10/2024,223.761,228.251,223.362,228.043,33811747
10/10/2024,226.293,228.003,225.687,227.545,28368679
11/10/2024,227.803,227.913,225.857,226.065,31967811
14/10/2024,227.208,230.218,227.108,229.791,40144066
15/10/2024,232.086,235.94,230.853,232.324,65176713
16/10/2024,230.088,230.605,228.339,230.268,34306123
17/10/2024,231.906,232.324,229.017,230.635,33210542
18/10/2024,234.637,234.637,232.482,233.467,46736475
21/10/2024,232.92,235.304,232.92,234.937,36492622
22/10/2024,232.359,234.677,231.082,234.322,39101757
23/10/2024,232.552,233.609,226.273,229.253,52630447
24/10/2024,228.478,229.312,226.92,229.067,31313857
25/10/2024,228.241,231.698,228.073,229.901,39057192
28/10/2024,231.797,233.198,231.032,231.876,36324187
29/10/2024,231.578,232.795,230.804,232.146,35649899
30/10/2024,231.092,231.946,228.053,228.598,47380112
31/10/2024,227.843,228.329,223.898,224.436,64792927
1/11/2024,219.523,223.88,218.832,221.455,65705538
4/11/2024,219.548,221.336,218.277,220.561,45239704
5/11/2024,220.347,222.488,219.696,221.992,28295998
6/11/2024,221.157,224.591,219.746,221.266,54919528
7/11/2024,223.158,226.388,223.105,225.996,42414489
8/11/2024,225.937,227.417,225.175,225.727,38538202
11/11/2024,223.779,224.474,220.297,223.012,42235065
12/11/2024,223.329,224.364,222.141,223.012,40618982
13/11/2024,222.794,225.418,221.55,223.897,48831519
14/11/2024,223.799,227.627,223.779,226.98,45169347
15/11/2024,225.17,225.687,223.052,223.779,48185489
18/11/2024,224.026,228.491,223.946,226.782,44930125
19/11/2024,225.747,228.91,225.428,227.04,36409587
20/11/2024,226.822,228.68,224.663,227.755,35361686
21/11/2024,227.637,228.905,224.484,227.278,42338351
22/11/2024,226.822,229.466,226.822,228.621,38376753
25/11/2024,230.203,231.978,228.491,231.604,90645310
26/11/2024,232.063,234.291,232.063,233.782,46237396
27/11/2024,233.191,234.41,232.539,233.653,33681430
29/11/2024,233.528,236.519,232.698,236.041,28636961
2/12/2024,235.981,239.483,235.872,238.289,48400060
3/12/2024,238.508,241.44,237.602,241.333,39073302
4/12/2024,241.55,242.784,239.938,241.689,44626390
5/12/2024,242.665,243.21,240.814,241.719,40252571
6/12/2024,241.585,243.3,240.764,241.52,37072031
9/12/2024,240.517,245.896,240.437,245.409,44893136
10/12/2024,245.549,246.86,244.008,246.424,37116460
11/12/2024,246.614,249.438,244.923,245.151,45452759
12/12/2024,245.549,247.39,244.345,246.614,32956585
13/12/2024,246.469,247.935,244.903,246.781,33336406
16/12/2024,246.644,250.014,246.305,249.676,51977145
17/12/2024,248.721,252.451,248.424,252.102,51636904
18/12/2024,250.79,252.898,246.394,246.703,57084241
19/12/2024,246.155,250.63,245.754,248.434,61214844
20/12/2024,246.693,253.615,244.355,253.107,148300990
23/12/2024,253.386,254.261,252.072,253.883,41081972
24/12/2024,254.101,256.807,253.903,256.797,23361628
26/12/2024,256.787,258.687,256.23,257.613,27411911
27/12/2024,256.429,257.294,251.685,254.201,42586695
30/12/2024,250.86,252.122,249.388,250.83,35751781
31/12/2024,251.069,251.905,248.075,249.059,39696389
2/1/2025,247.577,247.746,240.508,242.525,56045225
3/1/2025,242.039,242.854,240.576,242.039,40463954
6/1/2025,242.983,245.985,241.879,243.669,45291640
7/1/2025,241.66,244.215,240.038,240.894,41079143
8/1/2025,240.606,242.388,238.746,241.382,37834495
10/1/2025,238.706,238.854,231.733,235.563,62047963
13/1/2025,232.262,233.396,228.471,233.127,49901842
14/1/2025,233.475,234.837,231.21,232.013,39650717
15/1/2025,233.361,237.662,233.157,236.578,40049558
16/1/2025,236.061,236.717,226.792,227.02,72151050
17/1/2025,230.853,231.028,227.239,228.73,68862431
21/1/2025,222.784,223.2,218.188,221.43,98606158
22/1/2025,218.595,222.903,218.595,222.614,64476803
23/1/2025,223.519,225.797,221.092,222.444,60563803
24/1/2025,223.559,224.404,220.207,221.57,54996705
27/1/2025,222.804,230.888,222.764,228.611,95381628
28/1/2025,229.595,238.884,229.556,236.965,76121137
29/1/2025,232.848,238.553,232.738,238.059,45734576
30/1/2025,237.369,239.483,235.921,236.299,55962323
31/1/2025,245.847,245.847,232.173,234.717,101627272
3/2/2025,228.74,230.57,224.474,226.772,73462424
4/2/2025,226.016,231.863,225.418,231.534,45313489
5/2/2025,227.288,231.405,227.03,231.208,39881666
6/2/2025,230.028,232.529,229.174,231.953,30088821
7/2/2025,231.338,232.728,226.026,226.393,39924132
10/2/2025,228.573,229.584,226.214,226.662,33259977
11/2/2025,227.21,234.21,227.14,231.61,53952489
12/2/2025,230.197,235.932,229.679,235.842,45440481
13/2/2025,235.882,241.288,234.547,240.483,53847727
14/2/2025,240.203,244.484,239.943,243.539,41074470
18/2/2025,242.852,244.116,240.79,243.409,49035280
19/2/2025,243.599,244.942,242.105,243.807,32344574
20/2/2025,243.877,245.71,243.229,244.764,32457758
21/2/2025,244.883,247.61,244.156,244.484,53429288
24/2/2025,243.862,247.78,243.359,246.099,51550098
25/2/2025,246.923,248.915,243.847,245.967,48222534
26/2/2025,243.269,243.917,238.092,239.317,44627224
27/2/2025,238.371,241.407,236.032,236.27,41333004
28/2/2025,235.922,241.039,229.202,240.79,57081064
3/3/2025,240.74,242.969,235.088,236.997,47389633
4/3/2025,236.674,239.028,233.661,234.906,54032537
5/3/2025,234.399,235.523,228.235,234.716,47433481
6/3/2025,233.419,236.827,232.147,234.31,45367291
7/3/2025,234.085,240.323,233.741,238.032,46475245
10/3/2025,234.518,235.136,223.246,226.492,72385314
11/3/2025,222.834,224.86,216.506,219.882,76469250
12/3/2025,219.185,220.788,213.978,216.038,62820076
13/3/2025,215.013,215.899,207.516,208.77,61635800
14/3/2025,210.333,213.022,208.672,212.563,60369557
17/3/2025,212.384,214.285,209.058,213.072,48282950
18/3/2025,213.231,214.216,210.573,211.767,42617364
19/3/2025,213.289,217.811,212.822,214.305,54622425
20/3/2025,213.062,216.546,211.299,213.172,49075912
21/3/2025,210.642,217.89,210.363,217.323,94538017
24/3/2025,220.041,220.519,217.632,219.772,44492558
25/3/2025,219.812,223.127,219.125,222.78,34643920
26/3/2025,222.54,224.043,219.513,220.569,34683164
27/3/2025,220.429,224.013,219.603,222.879,37256449
28/3/2025,220.708,222.839,216.736,216.954,39992163
31/3/2025,216.063,224.642,215.292,221.166,65583924
1/4/2025,218.851,222.71,217.95,222.221,36571442
2/4/2025,220.354,224.212,220.061,222.919,36062396
3/4/2025,204.648,206.59,200.377,202.309,103869751
4/4/2025,193.048,199.013,186.527,187.562,126459687
7/4/2025,176.431,193.307,173.861,180.673,161165668
8/4/2025,185.89,189.51,168.475,171.671,121386249
9/4/2025,171.204,199.739,171.144,197.988,185199563
10/4/2025,188.244,193.935,182.206,189.594,122411186
11/4/2025,185.292,198.674,185.252,197.29,87816998
14/4/2025,210.523,212.016,200.29,201.641,101794651
15/4/2025,200.979,202.626,198.933,201.263,51567650
16/4/2025,197.498,199.829,191.535,193.427,59992763
17/4/2025,196.344,197.971,193.576,196.125,52392031
21/4/2025,192.426,192.959,188.988,192.321,46946260
22/4/2025,195.269,200.715,195.119,198.873,53207264
23/4/2025,205.106,207.098,201.918,203.711,53159853
24/4/2025,204.001,207.923,202.059,207.466,47517190
25/4/2025,205.47,208.84,205.306,208.372,38388846
28/4/2025,209.088,210.583,206.56,209.228,38911932
29/4/2025,207.788,211.319,207.466,210.293,36988143
30/4/2025,208.392,212.653,205.773,211.578,52514340
1/5/2025,208.172,213.629,207.992,212.394,57615699
2/5/2025,205.196,206.092,201.283,204.46,101450869
5/5/2025,202.219,203.215,197.35,198.028,69319263
6/5/2025,197.35,199.779,196.165,197.648,51439705
7/5/2025,198.306,198.574,192.411,195.398,68916005
8/5/2025,196.862,199.183,193.836,196.632,50698880
9/5/2025,198.137,199.669,196.677,197.668,36612804
12/5/2025,210.33,210.627,206.123,210.15,63969890
13/5/2025,209.791,212.753,208.366,212.284,52067297
14/5/2025,211.786,213.29,209.941,211.686,49475928
15/5/2025,210.31,212.314,208.904,210.808,45166501
16/5/2025,211.716,211.925,209.133,210.62,54904422
19/5/2025,207.279,208.845,203.639,208.146,46280936
20/5/2025,207.04,207.838,204.409,206.232,42625956
21/5/2025,204.548,206.412,200.101,201.477,59391961
22/5/2025,200.101,202.135,199.095,200.749,46884649
23/5/2025,193.077,197.101,192.874,194.678,78671597
27/5/2025,197.698,200.131,196.831,199.602,56459766
28/5/2025,199.982,202.115,199.294,199.812,45477650
29/5/2025,202.957,203.192,197.908,199.343,51634590
30/5/2025,198.765,201.348,196.183,200.241,71035454
2/6/2025,199.672,201.516,199.512,201.088,35531090
3/6/2025,200.739,203.152,200.346,202.653,46522710
4/6/2025,202.295,205.614,201.486,202.205,43736676
5/6/2025,202.882,204.129,199.542,200.022,55389278
6/6/2025,202.385,205.076,201.438,203.302,46749524
9/6/2025,203.769,205.375,199.413,200.839,73084284
10/6/2025,199.992,203.729,199.962,202.055,54838982
11/6/2025,202.882,203.879,197.808,198.178,61175454
12/6/2025,198.475,199.075,196.761,198.595,44038241
13/6/2025,199.125,199.762,195.106,195.854,51603908
16/6/2025,196.701,198.083,195.968,197.818,43151607
17/6/2025,196.601,197.788,194.618,195.046,38974395
18/6/2025,195.345,196.971,194.478,195.984,45532829
20/6/2025,197.633,201.088,196.258,200.39,97108155
23/6/2025,201.013,201.686,198.356,200.889,55984120
24/6/2025,201.975,202.822,199.592,199.692,54228555
25/6/2025,200.839,203.052,200.012,200.949,39646011
26/6/2025,200.819,202.025,198.855,200.39,50953707
27/6/2025,201.278,202.603,199.393,200.469,73411291
30/6/2025,201.398,206.761,198.656,204.548,92192516
1/7/2025,206.038,209.549,205.515,207.189,79028629
2/7/2025,208.276,212.693,207.509,211.795,68148564
3/7/2025,211.502,213.999,211.167,212.902,35062209
7/7/2025,212.035,215.574,208.166,209.313,50381835
8/7/2025,209.463,210.788,207.818,209.373,42979321
9/7/2025,208.894,210.689,206.592,210.5,48897715
10/7/2025,209.866,212.832,209.393,211.766,44578881
11/7/2025,209.926,211.487,209.223,210.52,39886823
14/7/2025,209.288,210.27,206.91,207.987,38958305
15/7/2025,208.586,211.247,208.286,208.476,42425050
16/7/2025,209.658,211.756,208.006,209.523,47635050
17/7/2025,209.931,211.157,208.953,209.383,48214417
18/7/2025,210.23,211.147,209.068,210.54,49123625
21/7/2025,211.457,215.125,210.988,211.835,51533780
22/7/2025,212.493,214.297,211.587,213.75,46545283
23/7/2025,214.347,214.497,211.766,213.5,47132293
24/7/2025,213.251,215.035,212.882,213.112,46162671
25/7/2025,214.049,214.587,212.753,213.231,40391322
28/7/2025,213.38,214.193,212.413,213.4,37973222
29/7/2025,213.525,214.158,210.18,210.629,51568174
30/7/2025,211.252,211.746,207.09,208.416,45651012
31/7/2025,207.858,209.203,206.532,206.94,80944004
1/8/2025,210.225,212.932,200.889,201.766,104752277
4/8/2025,203.884,207.249,201.063,202.732,75337863
5/8/2025,202.782,204.716,201.546,202.305,44289446
6/8/2025,205.006,214.727,204.966,212.603,108813227
7/8/2025,218.211,220.18,215.922,219.363,90499397
8/8/2025,220.16,230.3,218.584,228.654,114200436
11/8/2025,227.486,229.124,224.332,226.748,61923935
12/8/2025,227.571,230.36,226.638,229.214,55778413
13/8/2025,230.63,234.553,229.992,232.886,70011735
14/8/2025,233.609,234.672,230.41,232.338,52015228
15/8/2025,233.554,233.834,228.899,231.15,56145467
18/8/2025,231.26,232.676,229.672,230.45,37547618
19/8/2025,230.835,232.427,228.914,230.122,39477665
20/8/2025,229.542,230.032,225.34,225.58,42344420
21/8/2025,225.84,226.089,223.355,224.472,30679612
22/8/2025,225.74,228.654,224.981,227.326,42558773
25/8/2025,226.049,228.864,225.8,226.728,31042186
26/8/2025,226.438,229.054,224.262,228.874,54679127
27/8/2025,228.175,230.46,227.826,230.052,31319093
28/8/2025,230.38,232.966,228.899,232.118,38147270
29/8/2025,232.068,232.936,230.93,231.698,39493568
2/9/2025,228.814,230.41,226.538,229.283,44159646
3/9/2025,236.758,238.396,233.914,238.016,66554447
4/9/2025,237.996,239.444,236.29,239.324,47640058
5/9/2025,239.539,240.861,238.036,239.234,54974980
8/9/2025,238.845,239.693,235.89,237.428,49092888
9/9/2025,236.549,238.326,232.916,233.904,66440313
10/9/2025,231.743,231.978,225.52,226.358,83599849
11/9/2025,226.443,230.012,226.219,229.592,50304275
12/9/2025,228.784,234.064,228.584,233.624,55930617
15/9/2025,236.549,237.737,234.582,236.25,42780909
16/9/2025,236.723,240.761,235.874,237.697,63541980
17/9/2025,238.516,239.643,237.278,238.536,46596661
18/9/2025,239.514,240.741,236.2,237.428,44333916
19/9/2025,240.766,245.831,239.754,245.033,164053408
22/9/2025,247.828,256.151,247.648,255.593,105718533
23/9/2025,255.388,256.851,253.097,253.946,60390072
24/9/2025,254.735,255.253,250.563,251.83,42384340
25/9/2025,252.724,256.681,251.233,256.381,55307290
26/9/2025,253.612,257.11,253.297,254.974,46164079
29/9/2025,254.075,254.515,252.529,253.946,40204170
30/9/2025,254.37,255.432,252.629,254.145,37776123
1/10/2025,254.555,258.297,254.445,254.964,48806788
2/10/2025,256.087,257.689,253.667,256.641,42711492
3/10/2025,254.18,258.747,253.467,257.529,49249304
6/10/2025,257.499,258.577,254.565,256.201,44749247
7/10/2025,256.316,256.911,254.944,255.992,32016683
8/10/2025,256.032,258.029,255.623,257.569,36566458
9/10/2025,257.314,257.509,252.659,253.557,38395053
10/10/2025,254.455,255.893,243.536,244.803,62117269
13/10/2025,248.905,249.215,245.093,247.189,38215642
14/10/2025,246.131,248.372,244.234,247.299,35545606
15/10/2025,249.01,251.341,246.999,248.866,33958212
16/10/2025,247.778,248.566,244.664,246.979,39852789
17/10/2025,247.548,252.898,246.8,251.81,49240635
20/10/2025,255.398,263.872,255.143,261.741,90655491
21/10/2025,261.381,264.785,261.331,262.271,46784950
22/10/2025,262.151,262.35,254.944,257.959,45101053
23/10/2025,259.445,260.125,257.519,259.087,32817372
24/10/2025,260.693,263.627,258.687,262.32,38326628
27/10/2025,264.376,268.608,264.147,268.299,44973709
28/10/2025,268.474,269.377,267.64,268.488,41613924
29/10/2025,268.763,270.894,266.602,269.187,51184113
30/10/2025,271.473,273.619,267.969,270.884,70019738
31/10/2025,276.463,276.792,268.648,269.855,86331358
3/11/2025,269.905,270.335,265.743,268.538,50290254
4/11/2025,267.814,270.969,267.106,269.526,49368764
5/11/2025,268.099,271.183,266.422,269.626,43766331
6/11/2025,267.381,272.88,267.381,269.257,51301640
7/11/2025,269.282,271.772,266.263,267.959,48319287
10/11/2025,268.709,273.474,267.205,269.178,41351068
11/11/2025,269.558,275.652,269.548,274.993,46251556
12/11/2025,274.743,275.472,271.446,273.214,48443269
13/11/2025,273.854,276.44,271.836,272.695,49649208
14/11/2025,270.797,275.702,269.348,272.155,47475713
17/11/2025,268.564,270.237,265.482,267.21,45060384
18/11/2025,269.738,270.457,265.072,267.19,45720019
19/11/2025,265.277,271.956,265.252,268.309,40462318
20/11/2025,270.577,275.173,265.671,266.001,45866446
21/11/2025,265.701,273.074,265.422,271.236,59086068
24/11/2025,270.647,276.741,270.647,275.662,65647166
25/11/2025,275.013,280.118,274.993,276.711,46958118
26/11/2025,276.701,279.269,276.371,277.291,33462705
28/11/2025,277.001,278.739,275.728,278.589,20154461
1/12/2025,277.75,283.155,275.882,282.835,46631315
2/12/2025,282.735,287.131,282.366,285.922,53719751
3/12/2025,285.932,288.35,283.035,283.884,43579427
4/12/2025,283.829,284.464,278.33,280.438,44030217
5/12/2025,280.278,280.877,277.79,278.519,47310072
8/12/2025,277.87,279.408,275.892,277.63,38247587
9/12/2025,277.9,279.768,276.661,276.921,32223379
10/12/2025,277.49,279.488,276.182,278.519,33069232
11/12/2025,278.834,279.329,273.554,277.77,33279096
12/12/2025,277.64,278.959,276.561,278.02,39569878
15/12/2025,279.888,279.888,272.585,273.854,50456246
16/12/2025,272.565,275.242,271.536,274.353,37683856
17/12/2025,274.753,275.902,271.386,271.586,50185658
18/12/2025,273.349,273.374,266.7,271.936,51679033
19/12/2025,271.891,274.343,269.648,273.414,144767383
22/12/2025,272.605,273.624,270.252,270.717,36606048
23/12/2025,270.587,272.245,269.308,272.105,29669735
24/12/2025,272.085,275.173,271.941,273.554,17927333
26/12/2025,273.904,275.113,272.605,273.144,21541940
29/12/2025,272.435,274.104,272.095,273.504,23737403
30/12/2025,272.555,273.824,272.025,272.825,22160333
31/12/2025,272.805,273.424,271.496,271.606,27319178
2/1/2026,272,277.58,268.749,270.757,37873459
5/1/2026,270.387,271.256,265.891,267.01,45689903
6/1/2026,266.75,267.3,261.875,262.115,52401077
7/1/2026,262.954,263.433,259.567,260.087,48355008
8/1/2026,256.78,259.048,255.461,258.798,50466515
9/1/2026,258.833,259.967,255.98,259.128,40034393
12/1/2026,258.918,261.056,256.56,260.007,45306121
13/1/2026,258.478,261.565,258.148,260.806,45773638
14/1/2026,259.247,261.575,256.47,259.717,40056868
15/1/2026,260.406,260.796,256.81,257.969,39425420
16/1/2026,257.659,258.658,254.692,255.291,72210278
20/1/2026,252.494,254.552,243.192,246.469,80342625
21/1/2026,248.468,251.325,244.951,247.418,54692854
22/1/2026,248.967,250.765,247.918,248.118,39745496
23/1/2026,247.089,249.177,244.451,247.808,41727991
26/1/2026,251.245,256.32,249.566,255.171,56021605
27/1/2026,258.928,261.705,257.969,258.029,49694728
28/1/2026,257.409,258.613,254.272,256.2,41326605
29/1/2026,257.759,259.407,254.172,258.039,67315939
30/1/2026,254.926,261.655,251.944,259.237,92529909
2/2/2026,259.787,270.237,258.963,269.758,73982587
3/2/2026,268.948,271.621,267.36,269.228,64454910
4/2/2026,272.03,278.689,272.03,276.232,90630435
5/2/2026,277.87,279.239,272.975,275.652,53027013
6/2/2026,276.861,280.642,276.666,277.86,50500624
9/2/2026,277.905,278.2,271.7,274.62,44623396
10/2/2026,274.885,275.37,272.94,273.68,34376898
11/2/2026,274.695,280.18,274.45,275.5,51931283
12/2/2026,275.59,275.72,260.18,261.73,81077229
13/2/2026,262.01,262.23,255.45,255.78,56290673
17/2/2026,258.05,266.29,255.54,263.88,58469094
18/2/2026,263.6,266.82,262.45,264.35,34203337
19/2/2026,262.6,264.48,260.05,260.58,30845294
20/2/2026,258.97,264.75,258.16,264.58,42070499
23/2/2026,263.49,269.43,263.381,266.18,37308200
24/2/2026,267.86,274.89,267.71,272.14,47014619
25/2/2026,271.78,274.94,271.05,274.23,33714342
26/2/2026,274.945,276.11,270.795,272.95,32191569
27/2/2026,272.81,272.81,262.89,264.18,72232024
2/3/2026,262.41,266.53,260.2,264.72,41827946
3/3/2026,263.48,265.56,260.13,263.69,38568921
4/3/2026,264.65,266.15,261.42,262.45,39803119
5/3/2026,260.79,261.555,257.25,260.25,49658626
6/3/2026,258.63,258.77,254.37,257.46,41120042
9/3/2026,255.69,261.15,253.68,259.89,38218533
10/3/2026,257.645,262.48,256.95,260.72,30590765
11/3/2026,261.09,262.13,259.55,260.81,26218927
12/3/2026,258.66,258.95,254.18,255.76,40794020
13/3/2026,255.48,256.33,249.52,250.12,36929988
16/3/2026,252.105,253.885,249.88,252.82,32074210
17/3/2026,252.955,255.13,252.18,254.23,32361607
18/3/2026,252.625,254.94,249,249.94,35757874
19/3/2026,249.4,251.83,247.3,248.96,34864082
20/3/2026,247.975,249.199,246,247.99,88331081
23/3/2026,253.97,254.6,250.28,251.49,40546109
24/3/2026,250.35,254.825,249.55,251.64,45152288
25/3/2026,254.095,255,251.6,252.62,28476668
26/3/2026,252.115,257,250.77,252.89,41796650
27/3/2026,253.9,255.493,248.07,248.8,47899998
30/3/2026,250.07,250.87,245.51,246.63,39446213
31/3/2026,247.91,255.48,247.101,253.79,49598091
1/4/2026,254.08,256.18,253.33,255.63,40059432
2/4/2026,254.2,256.13,250.65,255.92,31289369
6/4/2026,256.51,262.16,256.46,258.86,29329911
7/4/2026,256.155,256.2,245.7,253.5,62148008
8/4/2026,258.45,259.7499,256.53,258.9,41032772
9/4/2026,259,261.12,256.07,260.49,28121574
10/4/2026,259.98,262.19,259.02312,260.48,31291473
13/4/2026,259.73,260.18,256.66,259.2,36234698
14/4/2026,259.245,261.93,257.19,258.83,48370710
15/4/2026,258.16,266.56,257.81,266.43,49913510
16/4/2026,266.8,267.16,261.27,263.4,43323112
17/4/2026,266.96,272.3,266.72,270.23,61436228
20/4/2026,270.33,274.275,270.29,273.05,36590169
21/4/2026,271.5,272.8,265.4,266.17,50209755
22/4/2026,267.82,273.74,266.87,273.17,43249204
23/4/2026,275.045,275.77,271.65,273.43,33399639
24/4/2026,272.755,273.06,269.65,271.06,38157110
27/4/2026,266.09,268.36,265.07,267.61,41466762
28/4/2026,272.335,273.23,268.66,270.71,40018940
29/4/2026,267.55,271.04,267.04,270.17,30047869
30/4/2026,270.5,276,268.14,271.35,91848230
1/5/2026,278.855,287.22,278.37,280.14,79915442
4/5/2026,279.655,280.63,274.8601,276.83,46668401
5/5/2026,276.925,284.57,276.501,284.18,49311712
6/5/2026,281.915,288.03,281.07,287.51,58336072
7/5/2026,289.27,292.13,285.78,287.44,45224300
8/5/2026,290.01,294.76,290,293.32,52692761
11/5/2026,291.979,293.88,290.23,292.68,42247285
12/5/2026,292.56,295.27,292.56,294.8,45748129
13/5/2026,293.5,300.92,293.5,298.87,52684260
14/5/2026,299.82,300.45,295.38,298.21,35324922
15/5/2026,297.9,303.2,296.52,300.23,54862836
18/5/2026,300.24,300.66,294.91,297.84,34482959
19/5/2026,296.97,300.51,296.35,298.97,42243561
20/5/2026,298.18,302.8,298.08,302.25,38229843
21/5/2026,301.055,305.54,300.4,304.99,42965126
22/5/2026,306.12,311.4,305.84,308.82,43670223
26/5/2026,309.56,311.82,307.67,308.33,48000493
27/5/2026,308.33,313.26,308.3,310.85,50430919
28/5/2026,310.68,312.8,309.57,312.51,48220390
29/5/2026,311.775,315,309.53,312.06,70026752
1/6/2026,309.625,310.94,305.02,306.31,48849933
2/6/2026,307.46,315.45,306.685,315.2,44534716
3/6/2026,314.175,316.94,308.85,310.26,50836705
4/6/2026,313.23,313.54,309.65,311.23,44869134
5/6/2026,312.86,315.17,307.15,307.34,65310502
