Date,Open,High,Low,Close,Volume
2016-06-06,36.325,36.575,36.221,36.3365,40553460
2016-06-07,36.4945,36.5,36.0275,36.187,42266000
2016-06-08,36.32,36.471,36.08,36.332,32320680
2016-06-09,36.155,36.4455,36.115,36.3825,39159600
2016-06-10,36.1175,36.249,35.7105,35.901,57297780
2016-06-13,35.7005,36.0995,35.558,35.762,46279120
2016-06-14,35.6165,36.0402,35.6135,35.965,36090040
2016-06-15,36.1,36.128,35.6676,35.713,44850340
2016-06-16,35.6025,35.9,35.265,35.8755,43891540
2016-06-17,35.9095,35.91,34.959,35.3195,100658740
2016-06-20,35.675,36.0655,35.5405,35.7005,53201240
2016-06-21,35.786,35.92,35.636,35.791,36672880
2016-06-22,35.829,35.85,35.3782,35.53,32082260
2016-06-23,35.775,36.106,35.625,36.104,46664360
2016-06-24,34.65,35.6264,34.61,34.948,141258420
2016-06-27,34.6005,34.841,34.1058,34.568,99330000
2016-06-28,35,35.4,34.9086,35.3975,73526220
2016-06-29,35.7875,35.975,35.677,35.773,43673460
2016-06-30,35.86,35.9685,35.627,35.781,46810560
2016-07-01,35.866,36.4,35.827,36.281,51660740
2016-07-05,36.14,36.478,35.9805,36.405,39571240
2016-07-06,36.2855,36.8885,36.129,36.8785,72800680
2016-07-07,36.9665,36.9771,36.5815,36.8285,44845240
2016-07-08,37.007,37.305,36.9,37.2905,55811760
2016-07-11,37.5,37.795,37.35,37.689,48256760
2016-07-12,37.843,37.867,37.0165,37.4105,88228600
2016-07-13,37.338,37.8435,37.0625,37.1315,66712620
2016-07-14,37.443,37.452,36.951,37.06,45870760
2016-07-15,37.3275,37.3275,36.7025,36.7715,50355780
2016-07-18,36.7745,37.0798,36.436,36.8035,53866780
2016-07-19,36.625,37.1665,36.6155,36.9975,41067900
2016-07-20,37.2,37.3125,37.035,37.286,39872580
2016-07-21,37.375,37.468,37.1396,37.2215,35023020
2016-07-22,37.3895,37.564,37.1765,37.243,35510940
2016-07-25,37.3275,37.425,36.7675,36.9805,47924420
2016-07-26,37.1355,37.1565,36.6376,36.7795,40502820
2016-07-27,36.8985,37.047,36.693,36.8335,40579820
2016-07-28,37.299,37.668,36.985,37.6305,88152820
2016-07-29,38.25,38.3,37.75,37.9405,130592860
2016-08-01,37.9935,38.525,37.853,38.387,61077240
2016-08-02,38.1905,38.2505,37.851,38.029,63356720
2016-08-03,37.853,37.9445,37.6125,37.7275,61668760
2016-08-04,37.685,38.25,37.5175,38.0385,51150240
2016-08-05,38.2405,38.4235,38.1545,38.299,50324920
2016-08-08,38.3405,38.35,38.0508,38.328,34192780
2016-08-09,38.3695,38.63,38.345,38.4155,27709220
2016-08-10,38.49,38.605,38.3095,38.428,23900620
2016-08-11,38.497,38.6875,38.456,38.562,29223700
2016-08-12,38.423,38.6575,38.4212,38.628,22325320
2016-08-15,38.595,38.602,38.3855,38.4245,30532460
2016-08-16,38.431,38.4366,38.191,38.202,22316020
2016-08-17,38.2205,38.261,37.96,38.2315,34897440
2016-08-18,38.2,38.2585,38.03,38.223,23605340
2016-08-19,38.095,38.1245,37.8445,37.8655,42144380
2016-08-22,37.875,37.9925,37.605,37.974,25407220
2016-08-23,38.1655,38.235,38.05,38.1225,22000400
2016-08-24,38.15,38.1705,37.768,37.8625,28727780
2016-08-25,37.8,38.028,37.737,37.961,25933980
2016-08-26,38.0025,38.5,37.9898,38.45,41565840
2016-08-29,38.436,38.749,38.43,38.5645,38932080
2016-08-30,38.5525,38.5918,38.278,38.379,25728020
2016-08-31,38.33,38.482,38.2,38.458,23999340
2016-09-01,38.545,38.602,38.3375,38.531,29562680
2016-09-02,38.7055,38.8,38.585,38.622,35744160
2016-09-06,38.702,39.474,38.511,39.443,64408880
2016-09-07,39.4765,39.5395,39.2165,39.224,42333360
2016-09-08,39.1945,39.325,39.072,39.203,36876800
2016-09-09,38.968,39.05,38.0055,38.0925,56989820
2016-09-12,37.8675,38.633,37.8,38.5745,45796300
2016-09-13,38.4385,38.4945,37.9525,38.0505,45426620
2016-09-14,38.11,38.375,37.9425,38.0545,36946680
2016-09-15,38.1,38.5435,37.879,38.4845,46600540
2016-09-16,38.664,39.023,38.583,38.926,82317640
2016-09-19,38.9985,39.097,38.55,38.755,44751460
2016-09-20,38.8,39.0685,38.8,39.011,34376060
2016-09-21,39.1625,39.5345,38.9505,39.487,41243080
2016-09-22,39.7135,40.2944,39.7135,40.235,74052960
2016-09-23,40.1565,40.3875,40.106,40.2905,42547880
2016-09-26,40.09,40.2965,39.8572,39.958,39722200
2016-09-27,40.0925,40.832,40.0555,40.8055,68354300
2016-09-28,40.9,41.507,40.8517,41.436,84982580
2016-09-29,41.413,41.875,41.2315,41.4525,95415900
2016-09-30,41.6305,41.9975,41.62,41.8655,68700300
2016-10-03,41.8,41.993,41.5625,41.837,42393560
2016-10-04,42.0455,42.1183,41.513,41.7015,44984740
2016-10-05,41.9,42.2835,41.806,42.218,63634060
2016-10-06,42.185,42.3605,42.03,42.083,42406280
2016-10-07,42.2895,42.2975,41.8725,41.9715,40525800
2016-10-10,42.1625,42.26,42.0135,42.0855,33626380
2016-10-11,42.051,42.0645,41.4175,41.55,65468040
2016-10-12,41.7,41.8833,41.505,41.7045,42292000
2016-10-13,41.45,41.59,41.0605,41.473,53794200
2016-10-14,41.754,41.787,41.148,41.148,58169720
2016-10-17,41.075,41.1,40.584,40.6475,63321180
2016-10-18,41.1055,41.163,40.751,40.8825,38473500
2016-10-19,41.02,41.0335,40.7585,40.8845,31780500
2016-10-20,40.6995,40.7855,40.155,40.516,60089500
2016-10-21,40.468,40.971,40.45,40.9495,41357420
2016-10-24,41.2475,41.915,41.1105,41.9045,79707820
2016-10-25,41.965,42.1545,41.661,41.759,63698540
2016-10-26,41.638,41.672,41,41.1295,78152820
2016-10-27,41.562,41.586,40.7715,40.918,108743960
2016-10-28,39.1,39.4745,38.7305,38.816,215598260
2016-10-31,39.0515,39.685,39.0055,39.491,108266520
2016-11-01,39.95,40.042,38.8356,39.2705,106108560
2016-11-02,39.1965,39.2375,38.1775,38.278,100530080
2016-11-03,38.2525,38.85,38.2,38.3515,77449920
2016-11-04,38.1395,38.3,37.6615,37.7525,102442060
2016-11-07,38.582,39.3866,38.547,39.2468,111450900
2016-11-08,39.2485,39.587,38.955,39.3875,65864320
2016-11-09,38.2,38.875,38.0045,38.594,169703020
2016-11-10,38.9405,38.9415,35.885,37.119,253562180
2016-11-11,36.7865,37.163,36.445,36.9505,128195360
2016-11-14,37.2755,37.3,35.505,35.9535,146426880
2016-11-15,36.5,37.339,36.2995,37.162,135115700
2016-11-16,36.994,37.4935,36.7805,37.3245,70916000
2016-11-17,37.466,37.875,37.4,37.8195,70065900
2016-11-18,38.05,38.387,37.8822,38.008,84559860
2016-11-21,38.3,39.0175,38.2555,39,91219480
2016-11-22,39.4085,39.62,39.05,39.2665,102138400
2016-11-23,39.0865,39.0875,38.656,39.006,69413120
2016-11-25,39.325,39.3375,38.895,39.0185,35954800
2016-11-28,38.8495,38.85,38.212,38.3385,84996540
2016-11-29,38.4,38.4945,38.066,38.126,63698740
2016-11-30,38.1,38.4045,37.5125,37.5285,89330340
2016-12-01,37.6205,37.6685,36.9015,37.1825,91043380
2016-12-02,37.17,37.4245,36.835,37.017,68476180
2016-12-05,37.25,38.0745,37.1,37.968,85238200
2016-12-06,38.1995,38.412,37.8625,38.236,74208960
2016-12-07,38.2275,38.521,37.791,38.521,70774880
2016-12-08,38.5935,38.6895,38.2595,38.3665,62626140
2016-12-09,38.5,38.5125,38.267,38.433,47850460
2016-12-12,38.32,38.3445,37.86,38.006,58381800
2016-12-13,38.248,39.123,38.1,38.717,103071140
2016-12-14,38.9125,39.043,38.1405,38.441,104645500
2016-12-15,38.314,38.455,38.0155,38.05,74713660
2016-12-16,38.25,38.2565,37.7,37.8885,86651880
2016-12-19,37.9445,38.525,37.808,38.3,61197400
2016-12-20,38.4325,38.7195,38.3855,38.561,52568740
2016-12-21,38.5,38.561,38.285,38.53,40564600
2016-12-22,38.406,38.5605,38.151,38.313,44810920
2016-12-23,38.2275,38.325,37.8995,38.0295,39038480
2016-12-27,38.17,38.7325,38.06,38.57,51946460
2016-12-28,38.8125,39,38.525,38.6065,65467320
2016-12-29,38.62,38.67,38.0425,38.2575,62784700
2016-12-30,38.3235,38.37,37.414,37.4935,82788980
2017-01-03,37.896,37.938,37.385,37.6835,69365480
2017-01-04,37.9195,37.984,37.71,37.859,48464360
2017-01-05,38.0775,39.12,38.0128,39.0225,115366620
2017-01-06,39.118,39.972,38.924,39.7995,115860340
2017-01-09,39.9,40.0887,39.5885,39.846,67984860
2017-01-10,39.83,39.9,39.4772,39.795,49958480
2017-01-11,39.683,39.975,39.4755,39.951,57888000
2017-01-12,40.0155,40.7065,39.975,40.682,95762140
2017-01-13,40.716,41.0825,40.57,40.862,72214140
2017-01-17,40.785,40.8,40.172,40.486,71220120
2017-01-18,40.475,40.5865,40.2135,40.374,45052360
2017-01-19,40.5,40.6755,40.366,40.452,50005540
2017-01-20,40.764,40.801,40.313,40.4165,64512720
2017-01-23,40.34,40.925,40.254,40.894,52486940
2017-01-24,41.1,41.1995,40.725,41.122,58057420
2017-01-25,41.2895,41.8709,41.2644,41.826,75984940
2017-01-26,41.7765,42.192,41.65,41.9575,68857840
2017-01-27,41.95,41.985,41.472,41.7875,55343920
2017-01-30,41.65,41.675,40.819,41.519,72606780
2017-01-31,41.1875,41.3495,40.978,41.174,60648420
2017-02-01,41.4605,41.689,41.247,41.6175,74390600
2017-02-02,41.8295,42.1245,41.413,41.9975,111901520
2017-02-03,40.336,40.915,40.2,40.51,217375460
2017-02-06,40.49,40.536,40.15,40.382,73705800
2017-02-07,40.4655,40.808,40.375,40.625,67970340
2017-02-08,40.6345,41.074,40.625,40.9855,55596560
2017-02-09,41.08,41.25,40.9855,41.068,48471000
2017-02-10,41.191,41.4,41.1425,41.373,46385400
2017-02-13,41.581,42.15,41.4275,41.8265,80790320
2017-02-14,41.85,41.9155,41.5726,41.8195,49874020
2017-02-15,41.7,42.1405,41.641,42.135,57634600
2017-02-16,42.092,42.25,41.9688,42.214,51356780
2017-02-17,42.1,42.3635,42.0365,42.2535,57410920
2017-02-21,42.442,42.899,42.3625,42.822,67048280
2017-02-22,42.8475,42.9215,42.609,42.7805,50103460
2017-02-23,42.8785,43.043,42.4,42.6095,63090180
2017-02-24,42.2345,42.2905,41.8875,42.262,71837020
2017-02-27,42.119,42.625,41.9835,42.432,49752000
2017-02-28,42.5725,42.7045,42.1025,42.252,54200000
2017-03-01,42.6525,42.7415,42.4505,42.654,53005500
2017-03-02,42.654,42.741,42.364,42.4455,41896320
2017-03-03,42.36,42.5992,42.3135,42.494,37651660
2017-03-06,42.2615,42.4245,42.056,42.3305,48050860
2017-03-07,42.274,42.423,42.1875,42.301,42354360
2017-03-08,42.4,42.6535,42.3395,42.525,43611100
2017-03-09,42.55,42.82,42.5155,42.65,39434920
2017-03-10,42.85,42.8675,42.586,42.61,43137660
2017-03-13,42.6555,42.7845,42.5855,42.7295,38193440
2017-03-14,42.6775,42.6875,42.3775,42.6265,42611720
2017-03-15,42.7165,42.7225,42.3555,42.6485,51243520
2017-03-16,42.765,42.775,42.5255,42.671,36845920
2017-03-17,42.6745,42.6915,42.532,42.6155,59199780
2017-03-20,42.5755,42.89,42.5505,42.8485,45654540
2017-03-21,42.942,43.1398,42.0655,42.16,87657040
2017-03-22,42.0215,42.4685,41.9525,42.403,53173380
2017-03-23,42.41,42.5445,42.24,42.369,39059280
2017-03-24,42.584,42.59,42.1765,42.2805,41725220
2017-03-27,41.9035,42.515,41.675,42.341,53741620
2017-03-28,42.5875,42.923,42.505,42.8,57036640
2017-03-29,42.9525,43.8219,42.951,43.716,84589400
2017-03-30,43.7475,43.853,43.583,43.817,54246980
2017-03-31,43.85,44.5175,43.8325,44.327,76322540
2017-04-03,44.4,44.6745,44.271,44.5755,68446560
2017-04-04,44.575,45.4269,44.514,45.3415,98757680
2017-04-05,45.541,46.186,45.281,45.464,147937080
2017-04-06,45.69,45.8595,44.7247,44.914,123786220
2017-04-07,44.9825,45.0045,44.4655,44.744,74218440
2017-04-10,44.9815,45.4255,44.95,45.352,60944480
2017-04-11,45.352,45.562,44.875,45.118,60254860
2017-04-12,45.1545,45.2045,44.7625,44.8115,48157360
2017-04-13,44.5725,44.7485,44.2245,44.2335,61918440
2017-04-17,44.375,45.119,44.375,45.0995,53977140
2017-04-18,45.0495,45.4805,45.039,45.189,53754160
2017-04-19,45.392,45.525,44.8684,44.96,55963140
2017-04-20,44.985,45.266,44.8145,45.103,54476080
2017-04-21,45.1335,45.1825,44.8385,44.9265,45831460
2017-04-24,45.434,45.4995,45.191,45.3705,62364780
2017-04-25,45.352,45.474,45.15,45.3815,67553960
2017-04-26,45.515,45.7874,45.378,45.4645,52092340
2017-04-27,45.7195,46.093,45.6055,45.919,104201180
2017-04-28,47.4415,47.4795,46.2167,46.2495,147293620
2017-05-01,46.39,47.72,46.39,47.4115,109227820
2017-05-02,47.3322,47.505,47.0706,47.347,76325300
2017-05-03,47.3,47.3,46.795,47.0515,71580760
2017-05-04,47.2375,47.25,46.7108,46.8765,48280420
2017-05-05,47.026,47.0395,46.515,46.7075,57327940
2017-05-08,47.0475,47.4525,46.9605,47.452,68140720
2017-05-09,47.64,47.8945,47.51,47.641,65129760
2017-05-10,47.675,47.6875,47.25,47.4475,41867940
2017-05-11,47.2555,47.5145,47.0388,47.381,43813760
2017-05-12,47.725,48.1395,47.5765,48.0675,72446240
2017-05-15,47.9365,48.1575,47.8027,47.8985,85235120
2017-05-16,48.05,48.503,48.0455,48.3035,62320680
2017-05-17,47.735,48.0198,47.206,47.238,102620540
2017-05-18,47.24,48.1375,47.238,47.9245,78786940
2017-05-19,48.142,48.446,47.986,47.992,79176300
2017-05-22,48.2,48.569,48.145,48.5335,52685240
2017-05-23,48.751,48.76,48.3425,48.577,48248780
2017-05-24,48.8,49.05,48.5115,49.0175,49138620
2017-05-25,49.2425,49.95,49.1055,49.669,96362280
2017-05-26,49.75,49.9325,49.4625,49.789,69227180
2017-05-30,49.8255,50.06,49.776,49.835,65132520
2017-05-31,50,50.006,49.108,49.731,78277280
2017-06-01,49.9295,49.9495,49.5685,49.7975,49042960
2017-06-02,49.9495,50.424,49.7835,50.3365,74911980
2017-06-05,50.3615,50.6605,50.1755,50.567,54348040
2017-06-06,50.6,50.825,50.0625,50.15,66873540
2017-06-07,50.2975,50.5125,50.1,50.5035,56378960
2017-06-08,50.603,50.6805,50.3055,50.5135,55143700
2017-06-09,50.625,50.6495,46.35,48.9155,152736620
2017-06-12,48.35,48.7975,47.25,48.2455,188753880
2017-06-13,48.8995,49.225,48.305,49.0395,91422380
2017-06-14,49.4295,49.517,48.3355,48.8235,79370560
2017-06-15,47.935,48.2865,47.543,48.2085,104747880
2017-06-16,49.8,49.9875,49.1,49.3855,228796340
2017-06-19,50.85,50.85,49.495,49.7585,100674140
2017-06-20,49.9,50.244,49.601,49.6295,81439540
2017-06-21,49.935,50.136,49.6326,50.1115,58449460
2017-06-22,50.1115,50.348,49.86,50.065,45007920
2017-06-23,50.127,50.231,49.901,50.187,57549780
2017-06-26,50.425,50.49,49.6,49.699,67648600
2017-06-27,49.5345,49.94,48.8,48.839,75504380
2017-06-28,48.9275,49.534,48.4605,49.5165,74672620
2017-06-29,48.95,49.378,48.2625,48.7965,85947180
2017-06-30,49.006,49.1735,48.3805,48.4,67707080
2017-07-03,48.6395,48.7245,47.55,47.683,58182160
2017-07-05,48.0765,48.75,47.7625,48.57,72982060
2017-07-06,48.233,48.72,47.951,48.257,65148760
2017-07-07,48.4775,49.0055,48.457,48.938,52101760
2017-07-10,49.25,49.972,49.175,49.8235,70775340
2017-07-11,49.65,49.7995,49.186,49.7065,59585000
2017-07-12,50.0325,50.4275,49.905,50.3255,72109200
2017-07-13,50.231,50.344,49.795,50.0315,57558080
2017-07-14,50.12,50.2225,49.8445,50.0905,42020380
2017-07-17,50.2345,50.7375,50.1905,50.502,74006660
2017-07-18,50.3,51.3015,50.2,51.2225,80048260
2017-07-19,51.25,51.5795,51.125,51.3435,59182800
2017-07-20,51.5795,51.7485,51.126,51.435,61613960
2017-07-21,51.064,51.305,50.55,51.2835,54538080
2017-07-24,51.417,52.1505,51.3715,51.9475,65583160
2017-07-25,51.9025,52.1665,51.624,52.0065,48903760
2017-07-26,52.16,52.66,52.16,52.64,57930520
2017-07-27,53.4775,54.1655,52.009,52.3,217416380
2017-07-28,50.607,51.6425,50.05,51.002,154063540
2017-07-31,50.9525,50.9525,49.351,49.389,146637440
2017-08-01,49.8055,50.32,49.579,49.8095,91248680
2017-08-02,50.0885,50.1605,49.0865,49.7945,81274300
2017-08-03,49.9735,49.975,49.2295,49.346,65060280
2017-08-04,49.484,49.5836,49.1,49.3705,54544520
2017-08-07,49.5325,49.75,49.357,49.6135,53405640
2017-08-08,49.7175,49.814,49.2895,49.492,57790300
2017-08-09,49.13,49.4,48.7635,49.1005,71362860
2017-08-10,48.8147,48.993,47.734,47.846,112060180
2017-08-11,48,48.5195,47.569,48.3995,69297680
2017-08-14,48.9205,49.275,48.8095,49.165,63370360
2017-08-15,49.445,49.587,49.1,49.137,50893440
2017-08-16,49.0825,49.323,48.661,48.909,62515860
2017-08-17,48.892,48.892,48.016,48.0285,69487160
2017-08-18,48.07,48.2715,47.7325,47.9235,65534360
2017-08-21,47.8785,48.06,47.273,47.6645,63152400
2017-08-22,47.776,48.3965,47.7748,48.345,54916040
2017-08-23,47.969,48.1,47.71,47.9,52897660
2017-08-24,47.871,47.95,47.057,47.6225,103856440
2017-08-25,47.8,47.881,47.205,47.263,66369080
2017-08-28,47.327,47.65,47.1125,47.301,51608020
2017-08-29,47,47.8,46.8165,47.703,57435780
2017-08-30,47.922,48.4705,47.8453,48.3795,57962960
2017-08-31,48.735,49.05,48.638,49.03,66540860
2017-09-01,49.21,49.225,48.8438,48.9125,50679500
2017-09-05,48.77,48.8385,48.0185,48.2635,59933800
2017-09-06,48.416,48.592,48.03,48.39,42514060
2017-09-07,48.7,49.0295,48.6275,48.9735,51251340
2017-09-08,48.955,48.994,48.1735,48.295,51792060
2017-09-11,48.723,49.097,48.711,48.898,43440240
2017-09-12,49.1635,49.2336,48.7759,49.129,49534940
2017-09-13,49.1985,50,48.971,49.98,67244360
2017-09-14,49.84,49.928,49.387,49.6105,78016020
2017-09-15,49.6505,49.8125,49.2015,49.3395,75026540
2017-09-18,49.52,49.6396,48.4085,48.7095,68016480
2017-09-19,48.8625,48.912,48.373,48.493,53021300
2017-09-20,48.5895,48.7405,48.1082,48.6605,55114720
2017-09-21,48.5655,48.585,48.101,48.2325,45534760
2017-09-22,48.0505,48.2805,47.721,47.755,52655400
2017-09-25,47.4655,47.471,46.6445,46.9895,102309160
2017-09-26,47.2745,47.4315,46.5875,46.93,71255840
2017-09-27,47.4,47.765,47.165,47.5435,62923440
2017-09-28,47.593,47.985,47.505,47.82,50427800
2017-09-29,48.0055,48.2415,47.9188,48.0675,50273080
2017-10-02,48.2,48.3652,47.606,47.9595,48514080
2017-10-03,47.9,48.1845,47.5185,47.855,53302380
2017-10-04,47.7105,48.3895,47.7025,48.2725,50371280
2017-10-05,48.5,49.0755,48.482,49.0425,64471460
2017-10-06,48.782,49.7875,48.782,49.4755,75588980
2017-10-09,49.662,49.925,49.375,49.5495,58725800
2017-10-10,49.8335,49.8975,49.005,49.36,61663680
2017-10-11,49.5635,49.775,49.3348,49.75,46703420
2017-10-12,49.8405,50.422,49.62,50.0465,81671800
2017-10-13,50.3675,50.3885,50.0515,50.147,48589720
2017-10-16,50.422,50.4785,50.052,50.317,40108200
2017-10-17,50.2795,50.5735,50.219,50.4565,46376700
2017-10-18,50.4635,51.1155,49.8275,49.85,49948000
2017-10-19,49.5,49.5525,49.012,49.3305,61712800
2017-10-20,49.6765,49.731,49.1,49.1455,46874960
2017-10-23,49.3365,49.3365,48.125,48.315,69761440
2017-10-24,48.45,48.9925,48.25,48.795,54271400
2017-10-25,48.9,49.222,48.312,48.6455,60603920
2017-10-26,49.0165,49.145,48.4275,48.6215,108428620
2017-10-27,52.8505,55.279,52.5275,55.0475,331051960
2017-10-30,54.7505,56.1395,54.678,55.5425,132261280
2017-10-31,55.45,55.527,55.056,55.264,69539340
2017-11-01,55.27,55.4485,54.837,55.184,75110220
2017-11-02,54.8905,55.097,54.3435,54.711,73697520
2017-11-03,54.5575,55.634,54.426,55.58,75029600
2017-11-06,55.4575,56.2705,55.4385,56.033,66634760
2017-11-07,56.237,56.53,55.875,56.1585,53688860
2017-11-08,56.141,56.777,55.9555,56.644,51520200
2017-11-09,56.298,56.481,55.7885,56.4565,74599560
2017-11-10,56.305,56.5875,56.203,56.2675,43583620
2017-11-13,56.15,56.995,56.117,56.4585,58300020
2017-11-14,56.5055,56.9,56.1945,56.842,62727620
2017-11-15,56.3505,56.5875,56.0815,56.3345,78345400
2017-11-16,56.508,56.908,56.5025,56.8645,44230960
2017-11-17,56.914,56.94,56.2905,56.494,47214080
2017-11-20,56.4885,56.671,56.1275,56.3155,43212720
2017-11-21,56.643,57,56.41,56.9745,49260500
2017-11-22,57.05,58.0135,57.05,57.808,71011640
2017-11-24,58.035,59.342,58.035,59.3,70560220
2017-11-27,60.133,60.6705,59.5575,59.7915,134428220
2017-11-28,60.244,60.267,59.426,59.68,91014500
2017-11-29,59.74,59.74,57.2595,58.0605,184935720
2017-11-30,58.355,58.9285,58,58.8375,89562560
2017-12-01,58.6025,58.9825,57.6,58.1175,82030140
2017-12-04,58.6925,58.76,56.4,56.6975,118546300
2017-12-05,56.413,57.9635,56.237,57.0785,81503780
2017-12-06,56.8995,57.7945,56.804,57.647,55552840
2017-12-07,57.8295,58.1595,57.55,57.9895,50176480
2017-12-08,58.52,58.6395,57.855,58.1,59595440
2017-12-11,58.23,58.495,57.85,58.4575,47224700
2017-12-12,58.3255,58.68,58.0805,58.254,44685080
2017-12-13,58.5,58.5435,58.0135,58.2065,51781280
2017-12-14,58.1855,58.8965,58.1225,58.713,62411680
2017-12-15,58.9515,59.1375,58.4665,58.949,95512600
2017-12-18,59.3685,59.739,59.0455,59.529,58878240
2017-12-19,59.4575,59.6485,58.957,59.3715,51503240
2017-12-20,59.525,59.55,58.8,58.881,47315520
2017-12-21,58.795,58.9585,58.382,58.738,41102340
2017-12-22,58.604,58.731,58.3915,58.418,31551240
2017-12-26,58.418,58.916,58.0275,58.838,40031140
2017-12-27,58.9955,59.3645,58.7805,59.113,37325360
2017-12-28,59.45,59.505,59.219,59.305,36792900
2017-12-29,59.1175,59.2,58.375,58.4735,53581000
2018-01-02,58.6,59.5,58.5255,59.45,53811180
2018-01-03,59.415,60.2745,59.415,60.21,61890620
2018-01-04,60.25,60.7935,60.233,60.482,60348520
2018-01-05,60.8755,61.457,60.5,61.457,70731320
2018-01-08,61.8,62.654,61.6015,62.3435,85409700
2018-01-09,62.845,62.9665,62.088,62.635,73152440
2018-01-10,62.2575,62.7165,61.8615,62.7165,53654260
2018-01-11,62.987,63.8385,62.823,63.834,62395900
2018-01-12,63.6695,65.288,63.6695,65.26,108750540
2018-01-16,66.15,66.997,64.615,65.243,143108320
2018-01-17,65.612,65.7,64.044,64.75,104815680
2018-01-18,64.6975,65.23,64.201,64.666,80444540
2018-01-19,65.6,65.65,64.6495,64.729,90395880
2018-01-22,64.8585,66.3725,64.833,66.3655,82537660
2018-01-23,66.9045,68.245,66.867,68.127,102883040
2018-01-24,68.741,69.408,66.9,67.8755,135630340
2018-01-25,68.4,68.917,67.881,68.8975,94845860
2018-01-26,69.6005,70.1265,69.0455,70.1025,96650760
2018-01-29,70.459,71.5695,70.022,70.884,113810020
2018-01-30,70.1585,71.9625,69.6,71.891,116264840
2018-01-31,72.565,73.629,72.502,72.5445,127929900
2018-02-01,72.25,72.994,69.257,69.5,180185900
2018-02-02,73.8695,74.9,70.7,71.4975,220446440
2018-02-05,70.131,72.949,66.036,69.5,228542940
2018-02-06,68.073,72.1995,67.5895,72.142,221336380
2018-02-07,72.45,73.0495,70.7575,70.7575,142705120
2018-02-08,71.484,71.6875,67.5,67.525,170100620
2018-02-09,68.6745,69.1745,63.2965,66.98,282597020
2018-02-12,68.2335,69.6905,67.2005,69.3665,134481180
2018-02-13,69.2965,70.986,69.1765,70.7255,117654340
2018-02-14,70.3125,72.603,70.168,72.5525,119040740
2018-02-15,73.3445,73.447,71.842,73.088,112725360
2018-02-16,72.8685,73.29,72.328,72.4345,89286380
2018-02-20,72.3245,74.4385,72.3245,73.418,129663200
2018-02-21,74.25,75.1745,73.946,74.146,125436800
2018-02-22,74.768,75.127,73.788,74.267,96136760
2018-02-23,74.767,75,74.325,75,88144160
2018-02-26,75.46,76.142,75.35,76.0975,98900740
2018-02-27,76.225,76.339,75.3605,75.599,96175520
2018-02-28,75.9755,76.435,75.6,75.6225,90300460
2018-03-01,75.68,75.9245,73.25,74.6725,136704600
2018-03-02,73.455,75.0525,72.7505,75.0125,131751280
2018-03-05,74.712,76.269,74.05,76.1805,104678680
2018-03-06,76.66,77.1065,76.4,76.882,91234360
2018-03-07,76.326,77.295,76.1255,77.25,83482460
2018-03-08,77.5,77.744,77.2625,77.593,77252300
2018-03-09,78.175,78.947,77.954,78.9445,90685000
2018-03-12,79.63,80.2665,79.335,79.9195,103484220
2018-03-13,80.798,80.877,78.9005,79.409,130637840
2018-03-14,79.85,80.322,79.5445,79.55,85188860
2018-03-15,79.75,79.8455,78.9055,79.116,81394020
2018-03-16,79.1725,79.472,78.375,78.584,108500240
2018-03-19,77.7265,78.083,76.2675,77.2465,131615320
2018-03-20,77.517,79.35,77.2705,79.3255,91631360
2018-03-21,79.3225,79.5,78.1585,79.093,95015420
2018-03-22,78.2735,78.6925,77.12,77.246,126411020
2018-03-23,76.9505,77.451,74.768,74.778,160120660
2018-03-26,76.5,77.8495,74.9625,77.793,112494000
2018-03-27,78.62,78.7985,74.116,74.8525,139992620
2018-03-28,72.35,72.795,69.3085,71.571,274106340
2018-03-29,70.3,72.7735,68.26,72.367,251622420
2018-04-02,70.881,71.068,67.75,68.5995,209272140
2018-04-03,69.569,70.7,67.7665,69.6025,204624240
2018-04-04,67.912,70.7695,67.644,70.5285,139646100
2018-04-05,72.0995,72.978,71.3535,72.5875,128269180
2018-04-06,71.4985,72.625,70.013,70.2615,117645140
2018-04-09,71.2515,71.924,70.1285,70.304,84164120
2018-04-10,71.5995,71.919,70.785,71.811,85602880
2018-04-11,71.972,72.439,71.2445,71.3525,71650660
2018-04-12,71.975,72.606,71.753,72.425,62700540
2018-04-13,72.457,72.989,71.226,71.5395,73705340
2018-04-16,72.25,72.35,71.374,72.075,56172480
2018-04-17,73.115,75.3595,72.851,75.1915,102288060
2018-04-18,75.7325,76.69,75.2055,76.392,104550180
2018-04-19,77.161,78.426,76.953,77.8455,130474560
2018-04-20,78.06,78.06,75.8045,76.3745,110832440
2018-04-23,75.893,77.4,75.1705,75.893,89308480
2018-04-24,76.79,76.975,72.4225,73.0045,149893980
2018-04-25,72.9,73.4995,70.751,73.0085,131745800
2018-04-26,74.2505,76.471,73.925,75.898,176022020
2018-04-27,81.7005,81.905,78.3695,78.631,261064820
2018-04-30,79.125,79.8,78.047,78.3065,109281700
2018-05-01,78.161,79.25,77.609,79.113,91441420
2018-05-02,79.049,79.425,78.318,78.484,87205460
2018-05-03,78.0005,78.74,77.301,78.604,85038340
2018-05-04,78.1225,79.245,78.1095,79.0475,68871340
2018-05-07,79.467,80.3475,79.3915,80.007,76037100
2018-05-08,79.75,79.844,79.1255,79.6195,61358980
2018-05-09,80,80.4,79.6,80.4,72746040
2018-05-10,80.424,80.78,80.172,80.454,56349000
2018-05-11,80.5495,80.555,79.8945,80.166,45278000
2018-05-14,80.2,80.559,80.0025,80.077,50189660
2018-05-15,79.39,79.39,78.261,78.806,101549300
2018-05-16,78.875,79.7215,78.8335,79.364,51411440
2018-05-17,79.028,79.702,78.65,79.088,42952120
2018-05-18,79.0665,79.1795,78.605,78.7185,52851680
2018-05-21,79.25,79.6025,78.75,79.273,58504700
2018-05-22,79.4945,79.4945,78.7625,79.07,42312780
2018-05-23,78.5525,80.093,78.317,80.093,67237840
2018-05-24,79.9015,80.412,79.419,80.1535,68599500
2018-05-25,80.15,80.706,80.0225,80.5075,53968000
2018-05-29,80.0355,81.0895,80.0075,80.6435,76929540
2018-05-30,80.905,81.3,80.6465,81.2445,58147140
2018-05-31,81.15,81.75,81.0675,81.481,63326600
2018-06-01,81.8515,82.3365,81.7545,82.077,66267700
2018-06-04,82.445,83.284,82.2745,83.2635,63754740
2018-06-05,83.6495,84.95,83.503,84.8175,95643540
2018-06-06,85.2255,85.725,84.3235,84.7875,109464260
2018-06-07,84.928,84.995,83.8055,84.465,75313740
2018-06-08,84.056,84.472,83.6505,84.1995,59102200
2018-06-11,84.0755,84.712,84.0295,84.456,46709680
2018-06-12,84.65,84.9755,84.576,84.9375,45184300
2018-06-13,85.1405,85.6875,85.006,85.243,66550580
2018-06-14,85.674,86.24,85.4435,86.193,63488300
2018-06-15,85.7,86.0435,85.426,85.7985,95552920
2018-06-18,85.313,86.337,85.128,86.1895,62154840
2018-06-19,85.452,86.8055,85.0195,86.739,85802340
2018-06-20,87.125,88.1465,87.068,87.504,86651820
2018-06-21,88,88.155,85.878,86.511,98822960
2018-06-22,87.131,87.15,85.595,85.7835,81502480
2018-06-25,85.1255,85.25,82.3155,83.1575,150223920
2018-06-26,83.6185,85.0785,83.167,84.5545,87731700
2018-06-27,85.4055,85.5975,83,83.0255,97444020
2018-06-28,83.627,85.275,83.0585,85.0725,90594000
2018-06-29,85.85,86.1705,84.716,84.99,90870160
2018-07-02,84.135,85.6945,83.903,85.689,63713920
2018-07-03,86.198,86.25,84.624,84.698,43545520
2018-07-05,85.269,85.5345,84.1075,84.9865,59662200
2018-07-06,84.8,85.7635,84.5835,85.5315,53005240
2018-07-09,86.2025,86.978,85.8115,86.951,60239760
2018-07-10,86.9265,87.5,86.55,87.1535,60058100
2018-07-11,86.8995,87.848,86.7,87.75,64195640
2018-07-12,88.2255,89.9,88.109,89.831,90654860
2018-07-13,90.1965,90.765,89.7615,90.6515,87733580
2018-07-16,91.0975,92.0975,90.7225,91.1245,109323900
2018-07-17,90.578,92.5845,89.869,92.1965,113657620
2018-07-18,92.4,92.944,91.5635,92.146,97238260
2018-07-19,91.473,92.05,90.5635,90.6485,93538840
2018-07-20,91.2505,91.742,90.503,90.685,77831320
2018-07-23,90.6105,90.95,88.4995,90.1,77769240
2018-07-24,91.4505,92,90.469,91.462,85574460
2018-07-25,91.465,93.192,91.132,93.1805,76726660
2018-07-26,91.95,92.234,90.225,90.4,198487420
2018-07-27,93.8025,94.0025,90.3265,90.8635,193619180
2018-07-30,91.3665,91.475,88.301,88.961,131246420
2018-07-31,89.3245,90.0915,86.966,88.872,114774260
2018-08-01,89.2,89.922,88.801,89.8585,83061920
2018-08-02,89.4385,91.828,89.3,91.7165,87093620
2018-08-03,91.887,92.05,91.075,91.1645,69209740
2018-08-06,91.2905,92.3885,90.946,92.3875,67836500
2018-08-07,92.7265,93.486,92.3135,93.124,67549460
2018-08-08,93.05,94.5755,92.725,94.326,79260340
2018-08-09,94.1,95.7285,93.874,94.926,97207480
2018-08-10,94.4255,94.975,93.9105,94.315,72798540
2018-08-13,94.925,96.25,94.6835,94.81,110629500
2018-08-14,95.9695,96.0505,95,95.9825,79722460
2018-08-15,95.4775,95.8105,93.4895,94.131,154013640
2018-08-16,95.197,95.25,94.1775,94.326,79141800
2018-08-17,94.29,94.4,92.7775,94.111,82086000
2018-08-20,94.5285,94.5875,93.303,93.8355,57240320
2018-08-21,94,94.8875,93.7205,94.171,62112520
2018-08-22,93.832,95.29,93.832,95.245,61609280
2018-08-23,95.3585,95.975,95.038,95.145,71259940
2018-08-24,95.5255,95.8005,95.127,95.2695,56017260
2018-08-27,95.75,96.385,95.464,96.384,71380740
2018-08-28,96.8865,97.089,96.441,96.641,62014540
2018-08-29,97.6725,99.9345,97.447,99.905,130635220
2018-08-30,99.871,101.278,99.345,100.119,145545140
2018-08-31,100.35,101.119,100.237,100.636,84087560
2018-09-04,101.325,102.525,100.65,101.976,114421860
2018-09-05,101.905,102.019,99.4945,99.741,164411520
2018-09-06,100.326,100.375,96.7605,97.9155,149773600
2018-09-07,96.9355,98.76,96.8675,97.6035,97852860
2018-09-10,98.55,98.652,96.576,96.9505,90896620
2018-09-11,96.4135,99.444,95.85,99.3575,100672900
2018-09-12,99.7,100,98.122,99.5,88280240
2018-09-13,100,100.438,99.1015,99.4935,72430220
2018-09-14,99.6465,99.6825,97.961,98.5095,72840600
2018-09-17,97.7365,97.841,94.3705,95.4015,141003840
2018-09-18,95.9325,97.91,95.772,97.0525,85374120
2018-09-19,97.025,97.0415,95.245,96.321,81136440
2018-09-20,96.929,97.75,96.6125,97.215,63098680
2018-09-21,97.711,97.8655,95.525,95.7505,137117960
2018-09-24,95.1895,96.844,93.25,96.718,84274560
2018-09-25,97.145,98.7955,96.9425,98.7275,90768140
2018-09-26,98.425,99.7625,98.076,98.7425,86269180
2018-09-27,99.662,100.808,99.429,100.649,86587820
2018-09-28,100.22,101.326,99.823,100.15,81702700
2018-10-01,101.1,101.66,100.18,100.218,69365700
2018-10-02,99.9995,100.67,98.2885,98.5655,108014980
2018-10-03,99.085,99.485,97.4905,97.638,105062620
2018-10-04,97.45,97.8,94.8285,95.471,145139460
2018-10-05,95.8995,96.454,93.1415,94.4825,136446540
2018-10-08,93.7,95.1,91.533,93.221,147863980
2018-10-09,92.9995,94.834,92.616,93.516,95457320
2018-10-10,92.8945,92.928,87.7205,87.7625,219777100
2018-10-11,86.2,87.77,84.255,85.968,278717440
2018-10-12,90.4,90.4475,87.1265,89.4305,188891740
2018-10-15,89.75,89.7525,86.7115,88.0475,128743240
2018-10-16,89.175,91.194,88.0775,90.998,117198360
2018-10-17,92.1395,92.25,90.35,91.5865,105903540
2018-10-18,91.0745,91.5075,88.3935,88.536,117479900
2018-10-19,89.258,90.455,87.65,88.2015,118144920
2018-10-22,89.2,90.475,87.8,89.465,90000300
2018-10-23,87.112,88.817,85.7,88.435,134478260
2018-10-24,88.685,88.8855,82.828,83.21,138567660
2018-10-25,85.167,89.7405,84.6005,89.1085,205714840
2018-10-26,82.4795,84.923,80.15,82.1405,299275660
2018-10-29,83,83.287,74.75,76.944,277321540
2018-10-30,74.308,77.0495,73.818,76.521,249201720
2018-10-31,78.4995,81.1955,78.2545,79.9005,187804220
2018-11-01,81.1765,83.5225,79.922,83.2765,162710780
2018-11-02,83.9295,84.872,82.5915,83.2765,139110960
2018-11-05,82.8785,82.9045,79.818,81.39,112494540
2018-11-06,80.9175,83.25,80.7275,82.1405,85147060
2018-11-07,83.65,87.9615,83.204,87.7745,163844680
2018-11-08,87.75,89.2,86.2555,87.7455,130697320
2018-11-09,86.625,87.196,85.0935,85.6215,118043720
2018-11-12,84.912,85.4275,81.5005,81.8425,136124900
2018-11-13,82.4645,83.853,80.6875,81.5585,118665420
2018-11-14,82.816,83.65,79.8535,79.9505,129737820
2018-11-15,79.0505,81.241,77.3255,80.972,168546740
2018-11-16,79.375,80.724,78.656,79.6705,121321600
2018-11-19,78.8505,79.0595,75.168,75.6145,155799620
2018-11-20,71.875,76.7375,71,74.773,217576460
2018-11-21,77.1495,77.5,75.75,75.8365,114336000
2018-11-23,75.85,76.81,75.0905,75.103,54152840
2018-11-26,76.95,79.2405,76.211,79.0665,125154320
2018-11-27,78.7995,79.8825,77.9005,79.071,115664540
2018-11-28,80.696,84.0725,80.061,83.8875,169174760
2018-11-29,83.7495,84.4995,82.6165,83.6785,132264860
2018-11-30,83.975,84.8,83.325,84.5085,115235220
2018-12-03,88.473,88.917,86.5,88.618,137243200
2018-12-04,87.8,88.517,83.25,83.42,173889100
2018-12-06,80.7435,85.0525,80.4925,84.9595,175787880
2018-12-07,85.2535,85.9465,81.273,81.4565,151522640
2018-12-10,81.192,82.8995,79.5435,82.0515,149896160
2018-12-11,83.9,83.9735,80.98,82.162,124893900
2018-12-12,83.45,85.2495,83.0135,83.177,131959360
2018-12-13,84,84.606,82.075,82.919,105423240
2018-12-14,81.9,82.1285,79.25,79.5955,127343260
2018-12-17,78.3,78.8065,75.2505,76.0455,176595240
2018-12-18,77,78.3775,76.1505,77.574,130459500
2018-12-19,77.1525,79.2265,74.159,74.754,175843780
2018-12-20,74.2,75.475,71.6345,73.0415,199836660
2018-12-21,73.2495,74,68.198,68.8725,272806400
2018-12-24,67.3,69.8015,65.35,67.198,144399920
2018-12-26,68.4445,73.658,68.1505,73.545,208236020
2018-12-27,72.71,73.45,69.5155,73.082,194440680
2018-12-28,73.6675,75.6735,72.45,73.901,176579000
2018-12-31,75.54,76.038,74.35,75.0985,139090140
2019-01-02,73.26,77.668,73.0465,76.9565,159662060
2019-01-03,76.0005,76.9,74.8555,75.014,139511440
2019-01-04,76.5,79.7,75.9155,78.7695,183651500
2019-01-07,80.1155,81.728,79.4595,81.4755,159864260
2019-01-08,83.2345,83.8305,80.8305,82.829,177628560
2019-01-09,82.649,83.39,82.07,82.971,126976020
2019-01-10,82.0505,83.1625,81.081,82.811,130153860
2019-01-11,82.0275,83.0145,81.811,82.028,93724440
2019-01-14,80.75,82.41,79.7575,80.8605,120117760
2019-01-15,81.6,83.758,81.3005,83.728,119970200
2019-01-16,84.211,85.25,83.794,84.189,127337280
2019-01-17,84,85.0085,83.875,84.661,84177500
2019-01-18,85.6,85.81,84.577,84.81,120410060
2019-01-22,84.05,84.0935,80.51,81.6085,128335920
2019-01-23,82.8,82.8715,80.6,82.001,104504240
2019-01-24,82.0535,82.863,81.589,82.7465,81798860
2019-01-25,83.525,84.174,83.0805,83.5285,99193580
2019-01-28,82.1795,82.25,80.7045,81.8945,96754220
2019-01-29,81.5635,81.619,79.536,79.694,92655640
2019-01-30,81.15,83.8475,80.984,83.5215,115676440
2019-01-31,84.6425,86.8205,83.954,85.9365,218206760
2019-02-01,81.944,83.653,81.1005,81.3115,230124260
2019-02-04,81.15,82.4815,80.675,81.6655,98583740
2019-02-05,82.167,83.263,82.125,82.9405,89062100
2019-02-06,83.5375,83.613,81.667,82.013,78797660
2019-02-07,81.25,81.277,79.6455,80.7185,92531780
2019-02-08,79.3,79.4295,78.338,79.411,113149140
2019-02-11,80.049,80.4645,79.3,79.55,66346560
2019-02-12,80.2,81.97,79.944,81.9005,97172080
2019-02-13,82.35,82.819,81.8555,82,71206420
2019-02-14,81.225,81.895,80.303,81.1325,82410480
2019-02-15,81.393,81.4455,80.225,80.3975,86877860
2019-02-19,80.05,81.7,80.028,81.379,73633120
2019-02-20,81.5,81.7465,80.506,81.105,66751780
2019-02-21,80.9925,81.178,80.0455,80.972,69667840
2019-02-22,81.175,81.747,81.0585,81.578,61923820
2019-02-25,82.0725,82.73,81.5195,81.65,63689240
2019-02-26,81.299,81.9995,80.8065,81.82,53316300
2019-02-27,81.409,82.0905,80.755,82.0545,62976480
2019-02-28,81.7625,82.5885,81.6915,81.9915,60517820
2019-03-01,82.7565,83.713,82.55,83.5865,99497540
2019-03-04,84.25,85.4715,83.718,84.8085,123347160
2019-03-05,85.1475,85.39,84.4505,84.6215,73630440
2019-03-06,84.7985,84.8875,83.414,83.4475,79920020
2019-03-07,83.3685,83.4875,81.0255,81.2975,99140340
2019-03-08,80.2005,81.136,79.3285,81.04,93340280
2019-03-11,81.306,83.6145,81.3005,83.531,77527040
2019-03-12,83.45,84.2135,83.049,83.655,72289960
2019-03-13,84.15,85,83.9675,84.5405,71040820
2019-03-14,84.56,85.1,84.217,84.311,58932360
2019-03-15,85.15,85.94,84.6565,85.618,151017400
2019-03-18,85.635,87.5,85.6315,87.1075,108581160
2019-03-19,87.6755,89.208,87.6755,88.0925,127283220
2019-03-20,88.497,89.975,88.3515,89.8635,125312660
2019-03-21,89.813,91.1875,89.364,90.963,115355940
2019-03-22,90.5085,90.949,88.1555,88.2385,127259660
2019-03-25,87.8895,89.134,87.375,88.713,102076060
2019-03-26,89.65,90.2885,88.668,89.188,97317600
2019-03-27,89.2065,89.375,87.284,88.285,86496020
2019-03-28,88.5,88.8965,87.6735,88.671,60859160
2019-03-29,89.329,89.643,88.8315,89.0375,66415860
2019-04-01,90.0055,90.7835,89.9365,90.7095,84775040
2019-04-02,90.551,91,90.256,90.699,68962300
2019-04-03,91.336,91.5,90.481,91.035,79611800
2019-04-04,91.0325,91.4375,90.21,90.943,72477340
2019-04-05,91.45,91.929,91.2595,91.864,72809520
2019-04-08,91.6615,92.51,91.2555,92.493,75056820
2019-04-09,92.2745,92.6545,91.589,91.792,74287360
2019-04-10,92.05,92.4,91.4405,92.3665,59279460
2019-04-11,92.435,92.4975,92.0155,92.2035,53096840
2019-04-12,92.42,92.575,92.065,92.153,62288260
2019-04-15,92.1,92.3425,90.945,92.2435,74488460
2019-04-16,92.5675,93.4885,92.4,93.152,60892360
2019-04-17,93.6495,93.8235,93.022,93.241,57870340
2019-04-18,93.4395,93.541,92.974,93.0845,54997640
2019-04-22,92.77,94.421,92.282,94.3655,67476140
2019-04-23,94.56,96.463,94.479,96.1885,92808820
2019-04-24,96.25,96.4845,94.908,95.0875,73515620
2019-04-25,95.85,96.1225,95.0155,95.1125,121984020
2019-04-26,96.45,97.55,94.9,97.5315,168651260
2019-04-29,97.45,97.817,96.7045,96.9215,80425100
2019-04-30,96.505,96.7855,95.3475,96.326,70120140
2019-05-01,96.6545,97.182,95.5275,95.576,62339280
2019-05-02,95.6665,96.0775,94.0935,95.041,79258300
2019-05-03,97.45,98.22,96.8,98.123,127631280
2019-05-06,95.899,97.95,95.525,97.5275,108356820
2019-05-07,96.9995,97.455,95.169,96.05,118042680
2019-05-08,95.9435,96.7685,95.5,95.8885,81571360
2019-05-09,95,95.47,93.8,94.9935,106165260
2019-05-10,94.9,95.1895,92.8,94.499,114359880
2019-05-13,91.828,92.327,90.9,91.134,115668200
2019-05-14,91.975,92.622,90.7875,92.006,92582140
2019-05-15,91.3975,93.7215,91.15,93.5575,93852840
2019-05-16,94.297,95.8755,94.1145,95.3785,94156440
2019-05-17,94.6525,95.5265,93.3665,93.45,94732360
2019-05-20,92.6345,93.389,91.777,92.9485,75963960
2019-05-21,93.7395,93.95,92.3,92.876,80102440
2019-05-22,92.589,93.5745,92.55,92.984,58732020
2019-05-23,91.8295,92.2,90.21,90.774,88485300
2019-05-24,91.7945,92.088,90.8925,91.164,67393460
2019-05-28,91.6375,92.4635,91.3675,91.8215,63999300
2019-05-29,91.156,91.5,90.3765,90.9595,85580500
2019-05-30,91.2745,91.4735,90.3915,90.816,62937000
2019-05-31,89.5005,89.7795,88.635,88.7535,92376380
2019-06-03,88.0005,88.3145,83.6,84.6345,181974160
2019-06-04,84.962,86.541,84.0445,86.478,113582420
2019-06-05,87.48,87.6,85.7625,86.925,84795640
2019-06-06,86.8855,88,86.3065,87.718,73785440
2019-06-07,88.185,90.3125,87.9745,90.2015,96164920
2019-06-10,91.1,94.2435,90.9,93.0315,107420140
2019-06-11,94.1625,94.685,92.9,93.185,80853880
2019-06-12,92.699,93.25,92.219,92.766,53566700
2019-06-13,93.336,94.1545,93.111,93.515,55916200
2019-06-14,93.2,93.8,92.95,93.4835,57023260
2019-06-17,93.825,94.7845,93.7725,94.3015,52686840
2019-06-18,95.0675,96.0835,94.9895,95.0685,77914560
2019-06-19,95.392,95.979,94.6235,95.4395,57906940
2019-06-20,96.6665,96.76,95.29,95.9095,64343060
2019-06-21,95.805,96.2975,95.379,95.565,78671520
2019-06-24,95.633,95.843,95.065,95.695,45659380
2019-06-25,95.592,95.8195,93.621,93.9135,60246940
2019-06-26,94.624,95.19,94.366,94.8915,48838200
2019-06-27,95.1,95.562,94.902,95.214,42834420
2019-06-28,95.455,95.647,94.2,94.6815,60747160
2019-07-01,96.149,96.491,95.733,96.1095,64066940
2019-07-02,95.969,96.7395,95.3315,96.7155,53025980
2019-07-03,96.7945,97.0795,96.525,96.95,33805880
2019-07-05,96.43,97.295,96.265,97.1455,52567180
2019-07-08,96.706,97.8,96.4125,97.616,57667420
2019-07-09,97.39,99.5005,97.174,99.415,86913960
2019-07-10,99.8255,101.247,99.77,100.87,98638040
2019-07-11,101.281,101.79,99.765,100.054,86355320
2019-07-12,100.414,100.85,100.194,100.55,50185940
2019-07-15,101.07,101.145,100.078,101.05,59626860
2019-07-16,100.529,101.316,100.061,100.495,52363960
2019-07-17,100.352,100.6,99.6015,99.6015,51176180
2019-07-18,98.895,99.375,97.5775,98.895,70085040
2019-07-19,99.5605,99.8,98.1115,98.226,63712240
2019-07-22,98.557,99.45,97.913,99.2815,58162220
2019-07-23,99.7995,99.8895,98.6565,99.7245,54069600
2019-07-24,98.465,100.065,98.2935,100.04,52626000
2019-07-25,100.05,100.06,98.636,98.691,82729220
2019-07-26,97.1,97.545,96.2255,97.1525,98542860
2019-07-29,96.5,96.6115,94.527,95.6225,89863800
2019-07-30,94.556,95.4945,94.174,94.9265,58217760
2019-07-31,94.9055,94.9775,92.472,93.339,89414540
2019-08-01,93.586,94.896,92.2005,92.766,94266220
2019-08-02,92.2535,92.318,90.401,91.162,99124500
2019-08-05,88.511,89.4335,87.439,88.2565,121164240
2019-08-06,89.3915,89.6885,87.67,89.3915,101405160
2019-08-07,88.6995,89.9465,87.85,89.67,90537680
2019-08-08,90.3,91.713,89.9055,91.6445,74024840
2019-08-09,91.4475,91.5545,90.111,90.379,57595400
2019-08-12,89.7995,90.049,88.85,89.246,58109960
2019-08-13,89.15,91.587,89,91.217,81500420
2019-08-14,89.6505,89.7825,87.861,88.148,97872980
2019-08-15,89.0995,89.4,88.098,88.806,76198960
2019-08-16,89.6445,90.1455,89.2275,89.6285,61084800
2019-08-19,90.904,91.3,90.6305,90.806,56406060
2019-08-20,90.725,90.841,89.994,90.069,38656700
2019-08-21,90.9695,91.479,90.75,91.177,40784620
2019-08-22,91.4,91.4705,90.005,90.28,53167760
2019-08-23,89.6515,90.245,87.2615,87.481,105557960
2019-08-26,88.3455,88.5,87.1755,88.4435,61706400
2019-08-27,88.7865,88.97,87.334,88.0915,60544900
2019-08-28,87.75,88.393,87.2025,88.2125,48437860
2019-08-29,89.15,89.9275,88.8625,89.32,60360240
2019-08-30,89.8745,89.987,88.2285,88.8145,61282940
2019-09-03,88.5,90.04,88.4,89.492,70937180
2019-09-04,90.25,90.3815,89.8115,90.031,46524560
2019-09-05,91.0975,92.1,90.779,92.036,66503780
2019-09-06,91.911,92.0325,91.32,91.6755,49938660
2019-09-09,92.05,92.5,91.2305,91.5675,59990300
2019-09-10,91.1375,91.2905,90.267,91.0275,52277580
2019-09-11,90.607,91.671,90.454,91.1495,48655340
2019-09-12,91.8815,92.683,91.714,92.1775,56470100
2019-09-13,92.1005,92.306,91.7585,91.967,39426340
2019-09-16,91.201,91.2845,90.01,90.392,73509460
2019-09-17,90.354,91.1995,90.205,91.1275,40661160
2019-09-18,90.852,91.103,89.775,90.873,50720240
2019-09-19,91.051,91.6285,90.895,91.075,41566700
2019-09-20,91.0855,91.5315,89.046,89.708,111116780
2019-09-23,88.85,89.635,88.366,89.265,62782840
2019-09-24,89.5305,89.7855,86.7775,87.0805,92758020
2019-09-25,87.368,88.65,86.15,88.4165,70621960
2019-09-26,88.1395,88.1685,86.575,86.992,71439040
2019-09-27,87.4,87.456,85.691,86.2725,78960580
2019-09-30,86.3495,86.873,85.461,86.7955,55215360
2019-10-01,87.3,87.78,86.4205,86.7825,63409200
2019-10-02,86.387,86.4445,85.25,85.6615,66769520
2019-10-03,85.65,86.25,84.253,86.221,72487420
2019-10-04,86.301,87.029,85.9615,86.9825,49785540
2019-10-07,86.5815,87.3915,86.185,86.633,43751960
2019-10-08,86.1245,86.35,85.25,85.2755,52536800
2019-10-09,85.9805,86.4975,85.718,86.0995,41786700
2019-10-10,86.262,86.9145,85.6875,86.013,54430620
2019-10-11,87.146,87.2725,86.493,86.596,65590680
2019-10-14,86.4455,87.0945,86.1,86.8215,38577960
2019-10-15,87.107,88.8225,87.031,88.369,62584880
2019-10-16,88.6665,89.312,88.526,88.8715,56081360
2019-10-17,89.8245,89.9425,89.101,89.374,54275460
2019-10-18,89.39,89.699,87.46,87.8755,67321820
2019-10-21,88.483,89.294,88.25,89.283,44498040
2019-10-22,89.4075,89.489,88.1,88.2865,44688500
2019-10-23,88.065,88.5025,87.1,88.1085,43807600
2019-10-24,88.5545,89.417,88.0135,89.039,104087000
2019-10-25,84.8775,88.2105,84.75,88.0665,192528040
2019-10-28,87.403,88.935,87.125,88.854,74177020
2019-10-29,88.7405,88.85,87.7905,88.1355,45537100
2019-10-30,88.012,89.119,87.956,88.9995,48988100
2019-10-31,88.7995,89.6,88.574,88.833,55623700
2019-11-01,89.4005,89.8725,89.2605,89.572,55807080
2019-11-04,90.0505,90.753,90.0505,90.233,55438440
2019-11-05,90.458,90.5125,89.7,90.0855,37710860
2019-11-06,90.05,90.125,89.429,89.7885,40595660
2019-11-07,90.188,90.295,89.174,89.41,53021720
2019-11-08,89.3945,89.494,88.702,89.294,42523960
2019-11-11,88.9,89,88.3565,88.5825,38956200
2019-11-12,88.733,89.311,88.5955,88.9,40778500
2019-11-13,88.6695,88.75,87.366,87.6555,58537840
2019-11-14,87.5715,88.3295,87.478,87.73,45388340
2019-11-15,88.0025,88.084,86.643,86.9745,78622820
2019-11-18,86.915,87.685,86.1355,87.6265,56838140
2019-11-19,87.8495,88.034,87.1515,87.6395,45490700
2019-11-20,87.457,88.126,86.706,87.2765,55875180
2019-11-21,87.15,87.3435,86.518,86.7355,53258760
2019-11-22,86.951,87.3215,86.55,87.286,49581620
2019-11-25,87.6625,88.871,87.662,88.692,69789340
2019-11-26,88.996,89.8515,88.9175,89.847,63808560
2019-11-27,90.05,91.225,89.8655,90.9255,60467100
2019-11-29,90.889,91.2345,90.0395,90.04,38468800
2019-12-02,90.22,90.2775,88.134,89.08,78635000
2019-12-03,88,88.6435,87.3615,88.498,70591640
2019-12-04,88.7005,89.4545,88.011,88.0345,53614000
2019-12-05,88.175,88.175,87,87.024,56557040
2019-12-06,87.56,87.72,87.0065,87.58,62399580
2019-12-09,87.533,88.3445,87.2805,87.471,50049780
2019-12-10,87.37,87.5335,86.75,86.9605,50312880
2019-12-11,87.0835,87.5,86.7855,87.436,42026360
2019-12-12,87.5,88.2,87.272,88.0165,62078980
2019-12-13,88.25,88.4495,87.75,88.047,54958180
2019-12-16,88.35,88.475,87.8525,88.4605,62986900
2019-12-17,88.9005,89.6,88.8695,89.533,72933940
2019-12-18,89.751,89.91,89.118,89.2015,67082740
2019-12-19,89.025,89.6495,88.703,89.614,54766400
2019-12-20,89.981,90.1485,89.1225,89.325,103049200
2019-12-23,89.413,89.65,89.2255,89.65,42749860
2019-12-24,89.6905,89.7785,89.379,89.4605,17626740
2019-12-26,90.0505,93.523,89.975,93.4385,120492160
2019-12-27,94.146,95.07,93.3005,93.49,123775080
2019-12-30,93.7,94.2,92.031,92.3445,73546120
2019-12-31,92.1,92.663,91.6115,92.392,50207600
2020-01-02,93.75,94.9005,93.2075,94.9005,80718200
2020-01-03,93.225,94.31,93.225,93.7485,75332080
2020-01-06,93,95.1845,93,95.144,81313960
2020-01-07,95.225,95.6945,94.602,95.343,82680200
2020-01-08,94.902,95.55,94.322,94.5985,70239320
2020-01-09,95.4945,95.891,94.79,95.0525,63499240
2020-01-10,95.2685,95.347,94,94.158,57139180
2020-01-13,94.5655,94.9,94.04,94.565,55716880
2020-01-14,94.294,94.3555,92.9275,93.472,68927620
2020-01-15,93.6125,93.943,92.7545,93.101,57931840
2020-01-16,94.1495,94.2795,93.301,93.897,53189860
2020-01-17,94.2945,94.332,92.8625,93.236,79946800
2020-01-21,93.25,94.7135,93,94.6,74155700
2020-01-22,94.8045,95.125,94.167,94.373,64325140
2020-01-23,94.2555,94.499,93.638,94.229,49692260
2020-01-24,94.5685,94.7495,92.372,93.082,75323620
2020-01-27,91,92.05,90.767,91.417,70570180
2020-01-28,92.025,92.9055,91.501,92.6625,56160800
2020-01-29,93.2,93.7375,92.751,92.9,42027800
2020-01-30,92.9,93.6435,92.5305,93.534,126548760
2020-01-31,102.574,102.786,100.114,100.436,311345660
2020-02-03,100.53,102.425,100.012,100.21,117981880
2020-02-04,101.494,102.99,100.768,102.484,105786760
2020-02-05,103.551,103.551,101.6,101.994,87523480
2020-02-06,102.051,102.815,101.24,102.512,63659080
2020-02-07,102.1,104.926,101.905,103.964,101906940
2020-02-10,104.251,106.78,104.248,106.696,101124700
2020-02-11,107.545,109.297,106.8,107.54,114920220
2020-02-12,108.16,109.012,107.764,108,66685280
2020-02-13,107.249,108.514,107.1,107.494,60635820
2020-02-14,107.784,107.952,106.294,106.744,52123380
2020-02-18,106.251,108.304,106.206,107.784,59021400
2020-02-19,108.39,109.255,108.056,108.511,51223300
2020-02-20,108.654,108.84,106.372,107.655,62626840
2020-02-21,107.108,107.228,104.4,104.798,93014800
2020-02-24,100.159,101.965,99.3985,100.464,130939940
2020-02-25,101.321,101.73,97.921,98.637,124381880
2020-02-26,98.514,100.734,98.0225,98.9795,104808040
2020-02-27,96.719,98.75,94.138,94.215,162879860
2020-02-28,90.7295,94.488,90.5565,94.1875,189875940
2020-03-02,95.476,97.7255,93.5,97.6975,135233020
2020-03-03,98.7685,99.8165,94.4045,95.4495,150689820
2020-03-04,97.3285,98.9,96.1,98.7915,95458380
2020-03-05,96.65,98.036,95.5,96.2015,94964200
2020-03-06,93.75,95.5435,93.475,95.0545,105471600
2020-03-09,88.693,93.1385,88.0645,90.0305,156264640
2020-03-10,93.544,94.7135,90.9085,94.591,142666200
2020-03-11,92.8925,93.566,90.075,91.043,112936620
2020-03-12,86.099,88.25,83.75,83.8305,226924280
2020-03-13,87.75,89.3155,84.031,89.25,176194500
2020-03-16,82.0755,87.9726,81.3016,84.4575,178345300
2020-03-17,88.7735,92.8888,84.462,90.392,218342580
2020-03-18,87.5,92.083,87.25,91.5,192904360
2020-03-19,93,97.25,91.6325,94.0465,207998860
2020-03-20,96.3155,97.85,91.0365,92.3045,196357000
2020-03-23,91.3875,95.97,90.6,95.1415,156169780
2020-03-24,97.5748,97.75,95.017,97.005,142941600
2020-03-25,96.0345,97.513,94.289,94.292,129581460
2020-03-26,95.1,97.8245,94.4645,97.7745,124702360
2020-03-27,96.543,96.9895,94.996,95.005,107757940
2020-03-30,96.1415,98.6815,95.617,98.1975,122521740
2020-03-31,98.2175,99.651,97.2005,97.486,102472520
2020-04-01,96.6485,97.248,94.65,95.385,82437500
2020-04-02,95.082,96.3763,94.5,95.9415,86719700
2020-04-03,95.5575,96.3165,94.4575,95.3295,72197400
2020-04-06,96.8,99.926,96.501,99.8795,115463620
2020-04-07,100.855,101.786,99.881,100.58,102279660
2020-04-08,101.05,102.2,100.558,102.15,79546260
2020-04-09,102.215,102.65,100.883,102.138,93112340
2020-04-13,102,109,101.9,108.444,134334180
2020-04-14,110.023,114.6,109.31,114.166,161743860
2020-04-15,112.884,116.668,112.25,115.384,137331340
2020-04-16,117.3,123.05,116.75,120.41,240764020
2020-04-17,118.616,120,115.801,118.75,158600200
2020-04-20,119.497,122.249,119.303,119.681,115413880
2020-04-21,120.83,121.415,113.983,116.406,149533580
2020-04-22,118.45,119.7,117.55,118.174,84365900
2020-04-23,119.999,121.211,119.104,119.972,101331040
2020-04-24,120.85,121.022,119.1,120.511,76635940
2020-04-27,122.16,122.244,118.15,118.8,112912900
2020-04-28,118.605,118.675,115.3,115.704,105388920
2020-04-29,116.501,119.594,115.5,118.636,91831860
2020-04-30,120.992,123.75,119.801,123.7,190692220
2020-05-01,116.84,118.122,112.91,114.302,195452100
2020-05-04,112.819,116.349,112.819,115.8,97318520
2020-05-05,117,117.55,115.356,115.89,64849920
2020-05-06,116.472,117.872,116,117.563,62356280
2020-05-07,118.739,118.8,117.156,118.381,67928220
2020-05-08,118.607,119.362,117.85,118.98,64224560
2020-05-11,118.735,120.983,118.606,120.45,65184620
2020-05-12,120.592,120.95,117.75,117.848,61498320
2020-05-13,118.34,120.385,116.89,118.396,95658380
2020-05-14,118.051,119.568,117.66,119.442,72962560
2020-05-15,118.426,120.55,117.818,120.489,84699020
2020-05-18,120.217,121.65,119.2,121.313,87331440
2020-05-19,121.492,124.25,121.448,122.466,86409960
2020-05-20,123.893,125.001,123.364,124.897,79962860
2020-05-21,125,126.272,122.127,122.337,102288060
2020-05-22,122.751,123.492,121.506,121.844,57341580
2020-05-26,122.9,123.1,120.703,121.093,71363060
2020-05-27,120.249,120.679,116.5,120.52,101138900
2020-05-28,119.216,121.848,118.912,120.055,63862720
2020-05-29,120.797,122.118,119.91,122.118,70586580
2020-06-01,122.4,123.846,122.208,123.552,58760640
2020-06-02,123.35,123.676,122.266,123.62,50598060
2020-06-03,123.401,124.4,123.059,123.92,53420480
2020-06-04,123.872,125.377,122.501,123.03,58974200
2020-06-05,122.226,124.432,121.857,124.15,66128900
2020-06-08,125.01,126.5,124.367,126.203,79413080
2020-06-09,126.472,131.322,126.25,130.043,103519000
2020-06-10,132.25,136.118,131.313,132.372,98920620
2020-06-11,130.175,133.569,126.812,127.898,116002140
2020-06-12,130.06,131.074,125.167,127.251,108722540
2020-06-15,126.33,129.2,125.4,128.634,77466700
2020-06-16,131,131,128.8,130.764,71912980
2020-06-17,132.375,132.75,131.591,132.049,59186320
2020-06-18,132.35,132.982,131.806,132.699,49755480
2020-06-19,133.904,134.872,132.95,133.751,115539260
2020-06-22,134.225,135.75,133.45,135.691,64175600
2020-06-23,136.301,139.156,135.902,138.22,84634140
2020-06-24,139,139.8,136.05,136.72,90532100
2020-06-25,136.978,137.812,135.607,137.729,59373140
2020-06-26,138.753,139.128,134.4,134.644,130015680
2020-06-29,134.501,134.84,131.504,134.019,84468440
2020-06-30,134.253,138.482,133.752,137.941,75393720
2020-07-01,137.9,144.75,137.7,143.935,127268780
2020-07-02,145.6,147.778,143.555,144.515,131867740
2020-07-06,146.748,152.994,146.5,152.852,137612840
2020-07-07,152.928,153.478,149.5,150.006,105150280
2020-07-08,151.13,154.198,150.622,154.056,100752700
2020-07-09,155.8,159.694,153.7,159.132,127773180
2020-07-10,159.588,160.75,156.785,160,109719640
2020-07-13,162.553,167.214,153.42,155.2,154408400
2020-07-14,154.45,156.369,147.5,154.2,144638660
2020-07-15,154.012,154.918,148.659,150.444,115777480
2020-07-16,148.553,151.6,145.912,149.995,127884920
2020-07-17,150.45,151.2,147.422,148.098,95226380
2020-07-20,150.01,160.068,149.701,159.842,151963520
2020-07-21,161.624,162.029,155.286,156.914,122699300
2020-07-22,156.25,157.5,153.263,154.996,82084500
2020-07-23,154.914,154.914,148.5,149.328,113138120
2020-07-24,146.5,151.579,144.4,150.445,112648260
2020-07-27,153.1,154.9,150.788,152.76,83409840
2020-07-28,152.714,153.855,149.788,150.016,62533020
2020-07-29,151.55,151.958,149.838,151.676,59481200
2020-07-30,150.7,154.6,150.25,152.594,122565300
2020-07-31,162.2,162.341,157.55,158.234,161667380
2020-08-03,159.026,159.2,155.2,155.594,101493260
2020-08-04,155.06,158.362,155.06,156.942,93885880
2020-08-05,157.188,160.679,156.365,160.252,78600500
2020-08-06,159.718,162.373,158.272,161.25,78812040
2020-08-07,161.2,162.04,157.034,158.373,78722540
2020-08-10,158.516,158.626,155.076,157.408,63345480
2020-08-11,155.66,157.961,153.65,154.034,74361140
2020-08-12,155.4,158.719,155.071,158.112,70544580
2020-08-13,159.15,160.876,157.75,158.051,62980860
2020-08-14,158.909,158.912,156,157.401,55034460
2020-08-17,158.656,159.748,157.709,159.12,53824740
2020-08-18,160.6,166,160.291,165.624,106919480
2020-08-19,165.151,165.795,162.8,163.024,83702740
2020-08-20,162.6,165.631,161.9,164.868,66649560
2020-08-21,164.75,165.72,163.77,164.236,71517240
2020-08-24,165.508,169.016,162.878,165.373,93325160
2020-08-25,164.749,167.87,163.35,167.324,79856840
2020-08-26,167.556,172.587,167.228,172.092,130174860
2020-08-27,172.502,172.65,168.9,170,85295900
2020-08-28,171.15,171.668,169.325,170.09,57939560
2020-08-31,170.45,174.75,170.25,172.548,83717700
2020-09-01,174.479,175.694,173.35,174.956,69528140
2020-09-02,177.35,177.612,174.334,176.572,78629520
2020-09-03,174.25,174.42,165.15,168.4,163222260
2020-09-04,165.9,169.075,155.556,164.731,175635080
2020-09-08,157.2,162.542,156.5,157.492,121884100
2020-09-09,160.15,165.159,159.25,163.43,103773500
2020-09-10,165.361,167.494,158.528,158.756,106614820
2020-09-11,160.434,160.867,154.199,155.811,101879640
2020-09-14,158.647,159.37,154.8,155.148,90591920
2020-09-15,156.808,158.751,155.446,157.806,80430700
2020-09-16,158.999,159.362,153.708,153.905,90623780
2020-09-17,150.462,151.472,148.628,150.436,128981000
2020-09-18,151.587,151.89,145.277,147.746,177851600
2020-09-21,145.325,148.1,143.55,148.023,122358500
2020-09-22,151.692,156.7,150.01,156.45,138976320
2020-09-23,156.022,156.35,149.619,149.993,113053300
2020-09-24,148.89,153.465,148.25,150.99,110587840
2020-09-25,152.743,155.077,149.95,154.757,92304040
2020-09-28,157.442,158.752,155.858,158.703,84483300
2020-09-29,158.77,159.413,156.627,157.244,70067960
2020-09-30,157.057,160.644,156.7,157.436,97922020
2020-10-01,160.4,161.2,158.6,161.063,99438440
2020-10-02,157.682,159.79,156.15,156.25,112261960
2020-10-05,157.292,160.127,157.042,159.96,75506640
2020-10-06,158.25,159.1,154.5,154.998,101737140
2020-10-07,156.75,160,156.619,159.784,86188780
2020-10-08,161.249,161.665,158.749,159.528,63482280
2020-10-09,160.5,164.45,159.892,164.332,98157420
2020-10-12,167.497,174.812,166.978,172.146,167283960
2020-10-13,173.4,174.619,171.211,172.182,114893940
2020-10-14,172.35,173.244,167,168.186,116578320
2020-10-15,164.6,167.794,164,166.932,104468960
2020-10-16,168.162,169.983,158,163.636,129487060
2020-10-19,164.98,166.45,159.637,160.36,104472520
2020-10-20,161.114,163.3,159.6,160.85,90193560
2020-10-21,160.625,161.694,158,159.247,91854720
2020-10-22,159.493,159.938,156.097,158.82,84240100
2020-10-23,159.55,160.266,157,160.22,69333740
2020-10-26,159.937,164.149,157.665,160.352,118023020
2020-10-27,161.247,164.583,160.565,164.316,85820940
2020-10-28,162.465,163.201,158.123,158.139,111766600
2020-10-29,160.064,162.862,158.2,160.55,131930580
2020-10-30,157.888,158.35,150.95,151.808,167921620
2020-11-02,153.087,153.985,147.506,150.224,145147000
2020-11-03,150.926,153.745,149.049,152.42,97957600
2020-11-04,157.999,162.242,156.986,162.058,136780820
2020-11-05,165.998,168.34,164.444,166.1,115785700
2020-11-06,165.232,166.1,161.6,165.568,92946600
2020-11-09,161.552,164.45,155.605,157.187,143808120
2020-11-10,154.751,155.7,150.974,151.751,131819120
2020-11-11,153.089,156.957,152.5,156.87,87338460
2020-11-12,157.998,158.794,154.302,155.514,87424160
2020-11-13,156.1,157.086,154.27,156.44,75251740
2020-11-16,154.66,157.135,153.634,156.553,76173520
2020-11-17,159.177,159.462,156.763,156.783,68894700
2020-11-18,156.7,157,155.255,155.273,58336720
2020-11-19,155.266,156.25,154.046,155.851,60205400
2020-11-20,155.851,156.644,154.902,154.97,67602760
2020-11-23,155.835,156.987,153.273,154.92,94177740
2020-11-24,155.025,156.712,154.313,155.903,72042040
2020-11-25,157.094,159.9,157.013,159.254,75808060
2020-11-27,160.563,160.81,159.502,159.767,47857340
2020-11-30,160.424,161.42,156.278,158.402,81278320
2020-12-01,159.425,162.448,157.859,161.004,90887640
2020-12-02,161.082,161.6,158.663,160.176,62586080
2020-12-03,160.273,161.432,159.066,159.336,57840780
2020-12-04,158.129,159.91,157.938,158.129,58272220
2020-12-07,157.824,159.038,157.084,157.9,54917500
2020-12-08,157.945,159.206,156.001,158.864,65580980
2020-12-09,158.394,158.722,154.4,155.21,81925180
2020-12-10,154.45,157.105,153.8,155.074,60603580
2020-12-11,154.833,155.934,153.641,155.821,61293900
2020-12-14,157.15,159.523,156.3,157.848,83115880
2020-12-15,159.05,159.425,156.524,158.256,66473720
2020-12-16,158.8,162.35,158.184,162.048,88552320
2020-12-17,162.5,163.176,161.05,161.804,69486940
2020-12-18,162.2,162.471,158.58,160.082,119914260
2020-12-21,160.001,161.348,158.3,160.309,76736920
2020-12-22,160.142,161.1,159.004,160.326,47635620
2020-12-23,160.25,160.507,159.209,159.264,41875740
2020-12-24,159.695,160.1,158.45,158.634,29038340
2020-12-28,159.7,165.2,158.634,164.198,113735740
2020-12-29,165.497,167.532,164.061,166.1,97458660
2020-12-30,167.05,167.105,164.123,164.292,64186200
2020-12-31,163.75,164.146,162.06,162.846,59144120
2021-01-04,163.5,163.6,157.201,159.332,88228980
2021-01-05,158.3,161.169,158.253,160.926,53110960
2021-01-06,157.324,159.875,156.558,156.919,87896300
2021-01-07,157.85,160.427,157.75,158.108,70290900
2021-01-08,159,159.532,157.11,159.135,70754880
2021-01-11,157.401,157.819,155.5,155.71,73381900
2021-01-12,156,157.107,154.3,156.041,70291640
2021-01-13,156.422,159.498,156.104,158.294,66424880
2021-01-14,158.376,158.9,156.03,156.373,61418380
2021-01-15,156.151,157.127,154.758,155.212,84879900
2021-01-19,155.35,157.25,154.8,156.038,66102840
2021-01-20,159.099,163.99,158.75,163.169,106196700
2021-01-21,164.65,167.428,164.478,165.349,98901020
2021-01-22,165.216,166.096,164.158,164.612,56438280
2021-01-25,166.425,168.194,162.157,164.7,74995160
2021-01-26,164.818,166.9,164.144,166.306,59104700
2021-01-27,167.074,167.326,160.354,161.629,93203160
2021-01-28,161.752,165.084,161.434,161.881,62984560
2021-01-29,161.5,161.849,159.228,160.31,85871120
2021-02-01,162.118,167.513,161.751,167.144,83204240
2021-02-02,169,171.387,168.056,169,141972740
2021-02-03,171.251,171.7,165.431,165.627,141775620
2021-02-04,166.5,167.35,163.888,166.55,73413220
2021-02-05,165.95,168.85,165.136,167.608,72416160
2021-02-08,167.925,168.25,165.2,166.147,65147820
2021-02-09,165.624,166.9,164.892,165.25,44070520
2021-02-10,165.7,165.898,162.7,164.329,63031000
2021-02-11,164.6,164.6,162.403,163.106,46028340
2021-02-12,162.5,164.012,161.666,163.886,46706780
2021-02-16,162.703,165.415,162.68,163.448,51494420
2021-02-17,163.18,166.046,162.975,165.432,66041980
2021-02-18,164.121,166.9,163.697,166.412,60672140
2021-02-19,166.412,166.675,162.288,162.495,86103680
2021-02-22,160.406,161.616,158.613,159.037,70313580
2021-02-23,156.551,160.236,154.68,159.725,93348020
2021-02-24,158.338,158.562,156.269,157.977,60225500
2021-02-25,156.837,158.913,152.388,152.858,90676020
2021-02-26,154.76,156.122,151.835,154.646,85518600
2021-03-01,156.394,157.478,154.9,157.307,54679260
2021-03-02,157.174,158.176,154.356,154.727,51915240
2021-03-03,154.059,155.389,149.75,150.25,79774500
2021-03-04,150.6,152.906,147.272,148.878,109631560
2021-03-05,150.25,150.45,144.05,150.023,107771020
2021-03-08,150.75,153.23,147.566,147.598,83700160
2021-03-09,150.9,154.548,150.257,153.142,80600640
2021-03-10,154.922,155.823,151.502,152.882,60249780
2021-03-11,155.2,156.589,154.146,155.68,55527820
2021-03-12,153.75,154.949,152.275,154.474,48437760
2021-03-15,153.728,154.112,151.604,154.084,58371840
2021-03-16,155.248,156.445,153.793,154.593,50775280
2021-03-17,153.661,158.652,153.511,156.786,62371680
2021-03-18,155.05,155.832,151.25,151.4,73140540
2021-03-19,151.462,153.864,150.832,153.748,92507080
2021-03-22,153.392,156.329,153.002,155.544,58043580
2021-03-23,156.35,159.1,156.043,156.875,76345260
2021-03-24,157.552,158.016,154.258,154.354,59179620
2021-03-25,153.65,155.489,151.857,152.313,71269380
2021-03-26,152.203,152.833,149.8,152.602,66258480
2021-03-29,152.772,154.562,151.422,153.786,54919360
2021-03-30,153.501,153.65,151.7,152.764,46752060
2021-03-31,153.203,155.966,153.125,154.704,61877920
2021-04-01,155.897,158.122,155.778,158.05,58806360
2021-04-05,158.65,161.798,158.062,161.336,66697640
2021-04-06,161.188,162.366,160.852,161.191,50756180
2021-04-07,161.69,165.181,161.182,163.969,66924540
2021-04-08,165.545,166.225,164.6,164.965,56241800
2021-04-09,165.235,168.61,164.445,168.61,86829460
2021-04-12,167.76,169.752,167.558,168.969,65635960
2021-04-13,170.042,171.6,169.782,170,66316740
2021-04-14,170.202,170.206,166.3,166.65,62904080
2021-04-15,168.55,169.85,167.6,168.954,64671600
2021-04-16,169,170.34,167.78,169.972,63720980
2021-04-19,169.516,171.797,168.008,168.6,54508100
2021-04-20,168.68,169.15,165.8,166.734,52460640
2021-04-21,165.8,168.143,165.19,168.101,44223320
2021-04-22,168.584,168.644,165.072,165.452,51611800
2021-04-23,165.955,168.75,165.425,167.044,63933040
2021-04-26,167.4,171.422,166.547,170.45,97614160
2021-04-27,172.174,173,169.901,170.872,76542800
2021-04-28,171.74,174.494,171.25,172.925,92637680
2021-04-29,175.255,175.722,171.75,173.566,153647620
2021-04-30,176.256,177.7,173.125,173.371,140186920
2021-05-03,174.236,174.332,168.635,169.324,117510600
2021-05-04,167.81,168.399,163.606,165.594,108788980
2021-05-05,166.943,167.735,163.218,163.527,74226160
2021-05-06,163.5,165.72,162.36,165.318,88953920
2021-05-07,165.954,166.544,164.454,164.58,94205520
2021-05-10,164.116,164.15,159.5,159.524,116772060
2021-05-11,156.814,161.9,156.368,161.195,92395620
2021-05-12,159.25,160.397,156.655,157.597,98728200
2021-05-13,159.273,160.192,156.65,158.074,67137540
2021-05-14,159.278,161.443,159.15,161.145,66500440
2021-05-17,162.296,164.638,161.73,163.52,74478500
2021-05-18,164.629,165.6,161.518,161.614,56567820
2021-05-19,159.75,161.738,159.2,161.59,53594160
2021-05-20,162.22,162.984,161.809,162.384,52663840
2021-05-21,162.5,162.835,159.85,160.154,82097640
2021-05-24,160.775,162.897,160.525,162.249,48456260
2021-05-25,163.334,163.991,160.688,162.953,65222180
2021-05-26,163.73,164.786,162.926,163.258,47679720
2021-05-27,162.8,163.018,161.502,161.506,51223140
2021-05-28,162.1,162.4,160.985,161.154,46630180
2021-06-01,162.175,162.549,160.453,160.932,48600900
2021-06-02,161.155,161.75,160.4,161.7,40290480
2021-06-03,160.212,160.722,159.202,159.35,47965860
2021-06-04,160.6,161.05,159.94,160.311,44994980
2021-06-07,159.866,160.4,158.61,159.901,44315120
2021-06-08,161.13,163.977,160.901,163.206,68334600
2021-06-09,163.644,164.879,163.535,164.058,49110600
2021-06-10,164.1,167.55,164.058,167.483,69529600
2021-06-11,167.483,168.329,166.672,167.342,56347040
2021-06-14,167.342,169.25,166.775,169.194,51393100
2021-06-15,169.2,169.849,168.156,169.156,48524000
2021-06-16,169.6,171.318,168.026,170.762,84055640
2021-06-17,170.159,174.86,170.05,174.462,102730620
2021-06-18,173.999,175.35,173.686,174.345,104954740
2021-06-21,173.821,174.1,171.7,172.698,65542600
2021-06-22,172.903,176.189,172.805,175.272,66901640
2021-06-23,175.25,176.05,174.16,175.191,56266820
2021-06-24,175.382,176.243,171.542,172.454,76639980
2021-06-25,173.2,173.241,169.709,170.073,78819940
2021-06-28,170.8,172.4,170.675,172.194,44855860
2021-06-29,171.941,172.802,171.152,172.407,41968780
2021-06-30,172.053,173.58,171.75,172.008,48079840
2021-07-01,171.73,172.85,170.471,171.648,40741060
2021-07-02,172.582,175.586,171.846,175.549,63533940
2021-07-06,176.506,184.274,176.45,183.787,134895360
2021-07-07,185.869,186.71,183.945,184.829,106561240
2021-07-08,182.178,187.999,181.056,186.57,103612460
2021-07-09,186.126,187.4,184.67,185.967,74964740
2021-07-12,187.2,187.864,184.84,185.928,51432700
2021-07-13,185.105,188.654,183.566,183.868,76918340
2021-07-14,185.442,185.883,183.041,184.084,65931360
2021-07-15,184.71,184.77,181.046,181.56,63705840
2021-07-16,181.666,182.303,178.523,178.682,80874120
2021-07-19,176.629,177.51,174.958,177.48,75691900
2021-07-20,178.366,179.6,175.9,178.66,65113600
2021-07-21,178.819,179.322,177.182,179.26,46379780
2021-07-22,179.362,182.001,179.114,181.902,65307040
2021-07-23,182,183.306,181.102,182.832,48725840
2021-07-26,183.658,185.604,182.362,184.991,58001360
2021-07-27,184.925,184.925,179.308,181.32,82637800
2021-07-28,181.689,182.921,180.05,181.516,59987560
2021-07-29,181.388,181.897,179.001,179.996,110399040
2021-07-30,167.397,168.407,165.349,166.38,199311860
2021-08-02,167.655,167.946,165.85,166.574,67078300
2021-08-03,167.036,169.55,164.988,168.312,83146860
2021-08-04,168.968,169.444,167.278,167.736,43678900
2021-08-05,167.811,169.45,167.046,168.8,48670060
2021-08-06,168.75,168.75,166.452,167.247,52752880
2021-08-09,167.18,167.744,166.426,167.094,42964400
2021-08-10,167.251,167.9,165.75,166.034,48251020
2021-08-11,166.572,166.885,163.89,164.606,58944980
2021-08-12,164.5,165.726,163.484,165.175,46476460
2021-08-13,165.284,165.303,164.15,164.698,41133980
2021-08-16,164.15,165,160.556,164.95,66569880
2021-08-17,163.875,164.024,161.284,162.098,67758440
2021-08-18,162.099,162.705,160,160.061,56086220
2021-08-19,159.701,161.65,159.123,159.388,75657240
2021-08-20,160.194,160.39,158.788,159.998,67168560
2021-08-23,160.595,164.045,160.5,163.294,65362620
2021-08-24,164,165.775,163.729,165.289,51036820
2021-08-25,165.493,166.05,164.308,164.959,33606120
2021-08-26,164.95,166.6,164.8,165.8,41975220
2021-08-27,166.662,167.616,165.688,167.482,48047380
2021-08-30,167.871,172.25,167.761,171.079,63844880
2021-08-31,171.24,173.629,169.78,173.54,87128260
2021-09-01,174.82,176.35,173.762,173.95,72598220
2021-09-02,174.738,175.598,172.75,173.156,58511880
2021-09-03,172.6,174.134,171.822,173.902,51566480
2021-09-07,173.9,176.404,173.847,175.464,54823680
2021-09-08,175.582,177.282,174.784,176.275,61067280
2021-09-09,176.301,177.499,174.018,174.208,54384820
2021-09-10,175.092,175.422,173.145,173.458,47945380
2021-09-13,174.14,174.898,171.9,172.858,51380440
2021-09-14,173.778,174.34,171.886,172.5,38737940
2021-09-15,172.126,174.271,170.1,173.79,59150740
2021-09-16,172.998,174.628,172.307,174.412,51671960
2021-09-17,174.421,174.87,172.606,173.126,92331120
2021-09-20,169.8,170.95,165.251,167.786,93382600
2021-09-21,168.75,168.985,166.62,167.182,55617560
2021-09-22,167.55,169.45,167.052,169.002,48228060
2021-09-23,169.002,171.448,169.002,170.8,47588280
2021-09-24,170.1,171.463,169.67,171.276,42324820
2021-09-27,168.575,170.778,166.98,170.29,72689000
2021-09-28,167.886,168.46,164.505,165.798,88616380
2021-09-29,166.106,167.565,164.894,165.056,51245360
2021-09-30,165.8,166.392,163.7,164.252,56940660
2021-10-01,164.45,165.459,162.797,164.163,56712340
2021-10-04,163.969,163.999,158.812,159.489,90461140
2021-10-05,160.225,163.036,160.123,161.05,65384160
2021-10-06,160.676,163.217,159.931,163.1,50659540
2021-10-07,164.577,166.287,164.153,165.122,48181500
2021-10-08,165.85,166.072,164.41,164.431,39964340
2021-10-11,163.75,164.629,161.905,162.315,40684060
2021-10-12,162.85,163.376,161.814,162.366,36391420
2021-10-13,163.486,164.419,163.054,164.214,48501720
2021-10-14,165.123,165.63,164.539,164.993,42240400
2021-10-15,165.571,170.521,165.2,170.451,103598820
2021-10-18,169.418,172.459,169.255,172.337,63482300
2021-10-19,171.714,172.734,171.1,172.208,47721580
2021-10-20,172.633,173.143,170.018,170.753,42795540
2021-10-21,170.712,172.014,170.15,171.751,37627700
2021-10-22,171.05,171.492,166.565,166.778,62781060
2021-10-25,166.75,167.39,164.885,166.018,44519120
2021-10-26,167.476,170.806,167.199,168.804,53966840
2021-10-27,169.4,171.85,168.573,169.624,54044480
2021-10-28,170.105,173.95,169.3,172.329,114174660
2021-10-29,165.001,168.741,163.666,168.622,129721540
2021-11-01,168.09,168.793,164.601,165.906,72177580
2021-11-02,165.751,166.556,164.178,165.638,52551800
2021-11-03,165.45,169.746,164.876,169.2,67943780
2021-11-04,168.5,174.931,168.25,173.85,107060400
2021-11-05,173.85,178.312,173.849,175.95,99939020
2021-11-08,176.162,178.95,174.393,174.449,61479840
2021-11-09,175.762,179.688,175.071,178.812,85898440
2021-11-10,178.194,180.272,173.154,174.103,80548440
2021-11-11,175.65,177.162,173.373,173.625,45288120
2021-11-12,174.25,177.036,172.353,176.258,53788680
2021-11-15,176.85,179.694,176.29,177.284,58594380
2021-11-16,176.95,178.825,176.257,177.035,44341420
2021-11-17,178.236,179.362,177.267,177.45,51205400
2021-11-18,178.318,185.21,178.05,184.803,114070760
2021-11-19,185.634,188.107,183.786,183.829,98924060
2021-11-22,183.819,185.673,178.375,178.628,96957000
2021-11-23,179.252,181.052,176.386,179.002,73844920
2021-11-24,178.134,180.682,176.842,179.02,46560360
2021-11-26,180.105,181.675,175.208,175.228,59825940
2021-11-29,177.382,179.8,176.575,178.079,65311140
2021-11-30,178.175,179.288,174.6,175.354,80022140
2021-12-01,177.25,177.994,172.08,172.186,75139900
2021-12-02,173,174.635,171.188,171.868,64725760
2021-12-03,172.75,173.493,166.93,169.49,80711000
2021-12-06,169.65,173.695,166.934,171.368,68860000
2021-12-07,174.6,177.499,173.334,176.164,66410720
2021-12-08,176.151,177.18,174.751,176.158,45253660
2021-12-09,175.75,176.969,174.14,174.171,46061820
2021-12-10,175.417,175.927,170.5,172.212,60689760
2021-12-13,172,172.1,169.13,169.568,62169000
2021-12-14,167.55,169.499,166.44,169.092,55975280
2021-12-15,168.598,173.6,165.195,173.315,75794260
2021-12-16,173.369,174.166,168.16,168.871,60876840
2021-12-17,167.71,170.898,165.614,170.017,85755160
2021-12-20,166.85,167.874,165.6,167.079,57372660
2021-12-21,167.85,170.716,165.647,170.417,55955820
2021-12-22,169.27,172.05,168.501,171.037,55035460
2021-12-23,170.428,171.975,170.15,171.068,36788240
2021-12-27,171.037,172.943,169.216,169.67,58846820
2021-12-28,170.182,172.176,169.136,170.661,54711860
2021-12-29,170.84,171.212,168.601,169.201,35754040
2021-12-30,169.7,170.888,168.524,168.644,37583100
2021-12-31,168.956,169.35,166.558,166.717,47830380
2022-01-03,167.55,170.704,166.16,170.404,63869140
2022-01-04,170.438,171.4,166.349,167.522,70725160
2022-01-05,166.883,167.126,164.357,164.357,64302720
2022-01-06,163.45,164.8,161.937,163.254,51957780
2022-01-07,163.839,165.243,162.031,162.554,46605900
2022-01-10,160.586,161.662,156.305,161.486,87798300
2022-01-11,161.5,166.35,160.702,165.362,62805580
2022-01-12,166.575,166.878,164.417,165.207,50029120
2022-01-13,165.251,166.221,161.091,161.214,52188300
2022-01-14,160.15,162.25,159.8,162.138,45974860
2022-01-18,159.105,159.734,157.664,158.918,67441440
2022-01-19,158.762,159.25,156.25,156.299,53241920
2022-01-20,156.766,158,151.351,151.668,71973320
2022-01-21,149.95,150.9,142.07,142.643,163971440
2022-01-24,139,144.945,135.352,144.544,156044740
2022-01-25,142.242,143.6,138.145,139.986,90824660
2022-01-26,144.75,145.185,137.318,138.872,95601700
2022-01-27,140.8,144.243,139.35,139.638,77515800
2022-01-28,140.86,143.998,137.929,143.978,74391980
2022-01-31,144.75,150.36,144.301,149.574,78307440
2022-02-01,150,151.708,147.628,151.194,59219840
2022-02-02,155.05,155.075,148.864,150.612,87329760
2022-02-03,141.738,144.248,138.333,138.846,225531360
2022-02-04,155.606,161.2,150.608,157.64,253455860
2022-02-07,158.52,162.691,157.25,157.936,102624380
2022-02-08,156.751,161.792,155.55,161.414,76040360
2022-02-09,162.873,163.834,160.25,161.19,68785600
2022-02-10,158.35,160.716,157.75,159.004,68268120
2022-02-11,158.135,159,152.734,153.294,77100440
2022-02-14,151.751,158.448,151.65,155.167,83230700
2022-02-15,157.606,158.007,154.638,156.51,56970660
2022-02-16,155.79,158.834,154.734,158.1,52704280
2022-02-17,158.146,160.349,154.5,154.652,64032500
2022-02-18,155.499,155.499,150.893,152.602,63604100
2022-02-22,150.478,152.983,148.486,150.198,66128240
2022-02-23,151.651,151.763,144.651,144.827,64243560
2022-02-24,139.838,151.749,139.5,151.358,100785760
2022-02-25,150.55,153.99,149.214,153.788,62395360
2022-02-28,152.425,154.45,150.85,153.563,57683420
2022-03-01,152.733,154.099,149.977,151.142,44873580
2022-03-02,150.908,152.999,148.75,152.052,47334720
2022-03-03,153.532,153.929,146.856,147.898,65197200
2022-03-04,147.159,147.85,143.807,145.641,60983120
2022-03-07,145.444,146.094,137.416,137.453,86933860
2022-03-08,136.684,140.7,133.572,136.014,91662580
2022-03-09,139.5,140.25,136.828,139.279,82656660
2022-03-10,145.685,148.674,143.978,146.818,135062900
2022-03-11,149.574,149.675,145.369,145.524,68900560
2022-03-14,145.981,147.45,140.884,141.853,74086100
2022-03-15,142.85,147.985,142,147.366,75584600
2022-03-16,148.5,153.15,147.354,153.104,84957680
2022-03-17,152.64,157.498,152.14,157.239,72934840
2022-03-18,156.813,161.594,156.011,161.251,102962760
2022-03-21,161.121,163.084,159.553,161.492,66537520
2022-03-22,161.806,166.167,161.699,164.889,64086120
2022-03-23,163.705,166.37,162.687,163.408,55811860
2022-03-24,163.749,164.118,160.05,163.65,56798060
2022-03-25,164,165.368,162.25,164.773,49085500
2022-03-28,164.975,169.038,164.9,168.99,59853820
2022-03-29,170.384,170.832,167.868,169.315,66153600
2022-03-30,168.51,168.95,165.5,166.301,56167260
2022-03-31,166.445,166.495,162.954,162.998,59965780
2022-04-01,164.15,165.827,162.32,163.56,57089500
2022-04-04,164.125,168.394,163.206,168.346,50007960
2022-04-05,167.742,168.11,163.266,164.055,53728560
2022-04-06,161.651,162.2,157.254,158.756,79055760
2022-04-07,158.4,160.079,154.512,157.784,68136780
2022-04-08,156.75,157.368,154.231,154.46,46001660
2022-04-11,152.713,154.136,150.534,151.122,52112340
2022-04-12,153.692,155.099,150.383,150.788,55177440
2022-04-13,150.018,156.025,149.6,155.541,53390880
2022-04-14,155.39,155.897,151.472,151.706,51598140
2022-04-18,151.523,154.04,150.251,152.785,46513520
2022-04-19,152.03,158.649,151.55,158.116,54926420
2022-04-20,157.603,157.603,153.604,153.998,59630020
2022-04-21,154.714,156.738,147.59,148.296,63969320
2022-04-22,148.25,149.615,143.698,144.35,73078580
2022-04-25,144.023,146.222,142.307,146.074,61874980
2022-04-26,144.8,144.856,138.93,139.391,77529160
2022-04-27,140.192,141.948,135.784,138.167,71336300
2022-04-28,142.178,145.938,140.3,144.596,117316940
2022-04-29,129.849,130.761,121.625,124.282,272661720
2022-05-02,122.401,124.668,118.375,124.5,148788980
2022-05-03,124.054,126.22,122.825,124.254,79133360
2022-05-04,123.6,126,119.183,125.929,110745360
2022-05-05,123,123.499,115.072,116.407,144391220
2022-05-06,114.85,119.051,113.081,114.772,124259900
2022-05-09,111.312,114,107.957,108.789,128124380
2022-05-10,111.25,112.642,107.171,108.859,105433820
2022-05-11,108.104,110.156,104.429,105.372,109703640
2022-05-12,102.75,110.781,102.406,106.931,132025140
2022-05-13,109.069,113.184,107.8,113.055,93684560
2022-05-16,113.1,113.992,110.354,110.81,74565740
2022-05-17,113.275,115.8,111.277,115.368,76447740
2022-05-18,111.44,112.853,106.249,107.112,108379180
2022-05-19,106.28,110.034,106.193,107.319,88142540
2022-05-20,109.568,109.898,105.009,107.591,99500640
2022-05-23,108.461,108.819,103.95,107.557,107797360
2022-05-24,104.025,105.4,101.26,104.1,102934680
2022-05-25,103.656,108.175,103.65,106.775,93120100
2022-05-26,107.97,112.665,107.454,111.078,93002600
2022-05-27,113.55,115.187,112.628,115.146,93660160
2022-05-31,116.28,121.994,115.675,120.21,144634160
2022-06-01,122.256,125.179,120.622,121.684,127528980
2022-06-02,121.684,125.61,120.045,125.511,100560680
2022-06-03,124.2,124.4,121.046,122.35,97603320
2022-06-06,125.245,128.99,123.81,124.79,135269024
2022-06-07,122.005,124.1,120.63,123,85156712
2022-06-08,122.61,123.75,120.75,121.18,64926594
2022-06-09,119.99,121.3,116.1,116.15,67029842
2022-06-10,113.415,114.5,109.05,109.65,87412245
2022-06-13,104.19,106.54,101.86,103.67,99277742
2022-06-14,104.19,104.88,101.43,102.31,69728761
2022-06-15,103.86,109.06,103.53,107.67,85011060
2022-06-16,104.47,104.58,102.01,103.66,82186301
2022-06-17,102.8,106.98,102.51,106.22,99772147
2022-06-21,108.2,111.6299,103.56,108.68,70901245
2022-06-22,107.43,112.13,107.02,108.95,60040131
2022-06-23,110.39,113,107.93,112.44,64345300
2022-06-24,112.38,116.71,111.43,116.46,69867618
2022-06-27,117.09,117.98,112.7,113.22,62133240
2022-06-28,113.5,114.85,107.04,107.4,75172028
2022-06-29,107.38,110.99,106.91,108.92,66375341
2022-06-30,108.11,108.18,102.52,106.21,97679401
2022-07-01,106.29,109.75,105.8469,109.56,73021171
2022-07-05,107.6,114.08,106.3242,113.5,76684414
2022-07-06,113.21,115.48,112.01,114.33,66958884
2022-07-07,113.85,116.99,113.49,116.33,57872323
2022-07-08,114.6,116.58,113.69,115.54,45719694
2022-07-11,114.08,114.3,110.87,111.75,53540019
2022-07-12,112.16,113.23,108.34,109.22,54280257
2022-07-13,107.03,111.78,106.01,110.4,61353812
2022-07-14,110.24,111.18,107.58,110.63,51163140
2022-07-15,112.5,115.59,111.59,113.55,84317816
2022-07-18,115,117.24,113.15,113.76,59115419
2022-07-19,115.7,118.95,114.03,118.21,60990043
2022-07-20,118.615,123.475,118.32,122.77,71268322
2022-07-21,123.2,124.85,121.26,124.63,60239892
2022-07-22,125.01,125.5,121.3504,122.42,51463797
2022-07-25,122.695,123.64,120.03,121.14,50221259
2022-07-26,115.79,118.15,114.53,114.81,67075064
2022-07-27,117.31,121.9,117.16,120.97,61582015
2022-07-28,121.57,122.84,118.08,122.28,82245543
2022-07-29,134.9,137.65,132.41,134.95,148892889
2022-08-01,134.96,138.8339,133.51,135.39,76846908
2022-08-02,134.72,137.44,134.09,134.16,61922429
2022-08-03,136.21,140.49,136.05,139.52,71827780
2022-08-04,140.58,143.56,139.55,142.57,70585020
2022-08-05,140.1,142.86,139.6,140.8,50686865
2022-08-08,142.05,144.23,138.29,139.41,52303475
2022-08-09,138.052,138.9523,136.21,137.83,40434715
2022-08-10,142.9,144.6,141.01,142.69,54773819
2022-08-11,143.86,144.49,139.76,140.64,44867336
2022-08-12,142.05,143.57,140.1201,143.55,47643484
2022-08-15,142.8,143.76,141.49,143.18,39014583
2022-08-16,143.905,146.57,142,144.78,59102859
2022-08-17,142.69,143.38,140.78,142.1,48149778
2022-08-18,141.32,142.77,140.38,142.3,37458737
2022-08-19,140.47,141.11,137.9142,138.23,47792843
2022-08-22,135.72,136.32,132.85,133.22,50461504
2022-08-23,133.41,134.99,132.95,133.62,36252103
2022-08-24,132.75,135.47,132.1,133.8,38626978
2022-08-25,135.26,137.42,134.28,137.28,37496283
2022-08-26,136.55,137.83,130.5,130.75,53322663
2022-08-29,129.9,131.9499,128.77,129.79,48101638
2022-08-30,131.25,132.0745,126.85,128.73,49202990
2022-08-31,129.45,130.59,126.74,126.77,53648702
2022-09-01,126,128.02,123.66,127.82,56636145
2022-09-02,129.5,131.38,126.39,127.51,57429829
2022-09-06,127.92,128.62,124.74,126.11,43888587
2022-09-07,126.12,129.82,125.4,129.48,47834487
2022-09-08,127.72,130.28,127.1,129.82,43988509
2022-09-09,130.91,133.69,130.76,133.27,49422259
2022-09-12,134.095,136.49,134,136.45,53826859
2022-09-13,131.01,131.4,126.27,126.82,72694010
2022-09-14,127.364,128.84,126.33,128.55,45316772
2022-09-15,127.38,130.37,125.495,126.28,52887196
2022-09-16,122.78,123.87,120.7,123.53,115667804
2022-09-19,122.16,124.71,121.8,124.66,47279727
2022-09-20,123.35,124.3963,121.14,122.19,47698432
2022-09-21,122.49,123.76,118.45,118.54,58498887
2022-09-22,117.08,118.79,116.26,117.31,55229190
2022-09-23,116,116.05,112.06,113.78,65126665
2022-09-26,113.295,117.34,113.13,115.15,62723268
2022-09-27,117.195,118.32,113.05,114.41,60094693
2022-09-28,114.38,118.7,113.8,118.01,55763750
2022-09-29,115.6,116.07,113.06,114.8,58969714
2022-09-30,114.075,116.92,112.84,113,59479586
2022-10-03,113.58,116.91,112.45,115.88,50941854
2022-10-04,119.89,123,119.79,121.09,62812564
2022-10-05,118.58,121.75,117.69,120.95,48217535
2022-10-06,120.77,121.53,119.5,120.3,42253755
2022-10-07,118,118.17,113.88,114.56,54677980
2022-10-10,115.1,116.25,112.43,113.67,42339675
2022-10-11,112.71,115.48,110.39,112.21,56432233
2022-10-12,112.49,113.83,111.4,112.9,45728660
2022-10-13,107.88,113.44,105.345,112.53,86868103
2022-10-14,114.1,114.96,106.6,106.9,67737344
2022-10-17,110.11,114.19,110.09,113.79,62781985
2022-10-18,119.06,119.52,114.79,116.36,65607448
2022-10-19,114.71,116.5932,113.22,115.07,47198122
2022-10-20,113.83,118.24,113.51,115.25,48795104
2022-10-21,114.792,119.59,114.5,119.32,55660485
2022-10-24,119.98,120.39,116.57,119.82,49531523
2022-10-25,119.65,121.3152,118.95,120.6,50934609
2022-10-26,116,119.3457,114.76,115.66,69002457
2022-10-27,113.92,114.12,109.77,110.96,129605362
2022-10-28,97.905,103.96,97.66,103.41,223133398
2022-10-31,103.56,104.87,100.74,102.44,99251395
2022-11-01,103.99,104.58,96.06,96.79,153370032
2022-11-02,97.315,97.74,92.01,92.12,135761798
2022-11-03,92.47,93.5,89.02,89.3,136683303
2022-11-04,91.49,92.44,88.04,90.98,129101336
2022-11-07,91.95,92.1,89.04,90.53,77495728
2022-11-08,90.79,91.72,88.23,89.98,88703370
2022-11-09,89.47,89.48,85.87,86.14,90796249
2022-11-10,92.935,98.69,91.65,96.63,173414862
2022-11-11,97.88,101.19,96.66,100.79,111590544
2022-11-14,98.77,100.1199,97.29,98.49,99533072
2022-11-15,103.21,103.79,97.34,98.94,111336317
2022-11-16,96.85,98.4879,95.54,97.12,87958828
2022-11-17,95.37,96.97,94.03,94.85,82617865
2022-11-18,95.95,95.99,92.48,94.14,72428185
2022-11-21,93.97,95.02,90.59,92.46,84330270
2022-11-22,92.62,93.35,90.87,93.2,62191962
2022-11-23,93.24,94.58,92.83,94.13,59414684
2022-11-25,93.79,94.43,93.065,93.41,35088609
2022-11-28,93.93,96.4,93.43,93.95,75062316
2022-11-29,94.04,94.41,91.44,92.42,65567286
2022-11-30,92.47,96.54,91.525,96.54,102805806
2022-12-01,96.99,97.23,94.92,95.5,68487969
2022-12-02,94.475,95.36,93.78,94.13,72496388
2022-12-05,93.05,94.06,90.82,91.01,71535526
2022-12-06,90.5,91.04,87.9,88.25,75503628
2022-12-07,88.34,89.89,87.48,88.46,68086880
2022-12-08,89.24,90.86,87.88,90.35,73305887
2022-12-09,88.9,90.3,88.63,89.09,67398506
2022-12-12,89.21,90.58,87.87,90.55,61999762
2022-12-13,95.23,96.25,90.52,92.49,100212038
2022-12-14,92.502,93.4581,89.87,91.58,70298006
2022-12-15,89.89,89.97,87.47,88.45,84802877
2022-12-16,88.265,89.35,86.73,87.86,146144064
2022-12-19,87.51,87.63,84.51,84.92,83531460
2022-12-20,85.33,86.61,84.33,85.19,74348301
2022-12-21,86.175,87.225,85.21,86.77,59267156
2022-12-22,85.52,85.68,82.25,83.79,81431314
2022-12-23,83.25,85.78,82.9344,85.25,57433655
2022-12-27,84.97,85.35,83,83.04,57284035
2022-12-28,82.8,83.48,81.69,81.82,58228575
2022-12-29,82.87,84.55,82.55,84.18,54995895
2022-12-30,83.12,84.05,82.47,84,62401194
2023-01-03,85.46,86.96,84.205,85.82,76706040
2023-01-04,86.55,86.98,83.36,85.14,68885123
2023-01-05,85.33,85.42,83.07,83.12,67930825
2023-01-06,83.03,86.4,81.43,86.08,83303361
2023-01-09,87.46,89.48,87.08,87.36,65266056
2023-01-10,87.57,90.185,87.29,89.87,67756601
2023-01-11,90.93,95.26,90.93,95.09,103126183
2023-01-12,96.93,97.19,93.5,95.27,85254781
2023-01-13,94.18,98.37,94.12,98.12,85549432
2023-01-17,98.68,98.89,95.73,96.05,72755001
2023-01-18,97.25,99.32,95.38,95.46,79570370
2023-01-19,94.74,95.44,92.86,93.68,69002663
2023-01-20,93.86,97.354,93.2025,97.25,67481539
2023-01-23,97.56,97.78,95.86,97.52,76501103
2023-01-24,96.93,98.09,96,96.32,66929452
2023-01-25,92.56,97.24,91.52,97.18,94261570
2023-01-26,98.235,99.49,96.92,99.22,68523557
2023-01-27,99.53,103.485,99.53,102.24,87775614
2023-01-30,101.09,101.74,99.01,100.55,70691860
2023-01-31,101.155,103.3484,101.14,103.13,66527253
2023-02-01,102.53,106.24,101.24,105.15,80450121
2023-02-02,110.245,114,108.88,112.91,158154243
2023-02-03,105.26,108.78,102.52,103.39,144374828
2023-02-06,102.925,103.9484,100.65,102.18,81945199
2023-02-07,101.17,102.41,98.08,102.11,119501301
2023-02-08,102.04,102.6699,98.775,100.05,75878304
2023-02-09,101.32,101.78,97.57,98.24,64622489
2023-02-10,97.56,98.8163,96.23,97.61,52740133
2023-02-13,97.85,99.68,96.91,99.54,52841464
2023-02-14,98.41,100.9207,97.52,99.7,56202898
2023-02-15,99.09,101.17,98.45,101.16,48053879
2023-02-16,99.21,100.63,98.1,98.15,56339173
2023-02-17,97.8,97.94,95.65,97.2,60029405
2023-02-21,95.335,95.605,94.27,94.58,56580360
2023-02-22,95.1,97.01,94.8,95.79,59534094
2023-02-23,96.12,96.43,93.67,95.82,48466994
2023-02-24,93.53,94.14,92.3186,93.5,57053812
2023-02-27,94.28,94.78,93.14,93.76,47470321
2023-02-28,93.14,94.69,92.92,94.23,43959290
2023-03-01,93.87,94.68,91.59,92.17,52299524
2023-03-02,91.41,92.23,90.39,92.13,55574820
2023-03-03,92.74,94.94,92.66,94.9,55759609
2023-03-06,95.19,96.545,93.74,93.75,52112355
2023-03-07,94.06,95.09,92.78,93.55,49100668
2023-03-08,93.6,94.165,92.18,93.92,44899128
2023-03-09,93.68,96.21,92.18,92.25,56218705
2023-03-10,92.67,93.57,90.245,90.73,69827490
2023-03-13,89.97,94.02,88.12,92.43,72397053
2023-03-14,93.83,95.07,92.71,94.88,60912674
2023-03-15,93.22,96.67,93.07,96.2,70731792
2023-03-16,95.75,100.99,95.61,100.04,84558934
2023-03-17,99.79,100.66,97.455,98.95,87300242
2023-03-20,98.41,98.48,95.7,97.71,62388911
2023-03-21,98.14,100.845,98,100.61,58597275
2023-03-22,100.45,102.1,98.61,98.7,57475365
2023-03-23,100.43,101.06,97.62,98.71,57559310
2023-03-24,98.065,98.3,96.4,98.13,56144801
2023-03-27,99.07,99.34,97.08,98.04,46721296
2023-03-28,98.11,98.44,96.29,97.24,38720050
2023-03-29,98.69,100.4218,98.56,100.25,49783279
2023-03-30,101.55,103.04,101.01,102,53633398
2023-03-31,102.16,103.49,101.95,103.29,56750317
2023-04-03,102.3,103.29,101.43,102.41,41135733
2023-04-04,102.75,104.2,102.11,103.95,48662496
2023-04-05,103.91,103.91,100.7506,101.1,45175393
2023-04-06,100.75,102.3817,99.8008,102.06,43808020
2023-04-10,100.96,102.2,99.57,102.17,37261185
2023-04-11,100.8,101,99.01,99.92,60417847
2023-04-12,100.4,100.51,97.705,97.83,56735007
2023-04-13,98.95,102.57,98.71,102.4,67925138
2023-04-14,102.07,103.2013,101.11,102.51,51450522
2023-04-17,103.16,103.73,101.59,102.74,39919457
2023-04-18,103.95,104.2,101.52,102.3,39790518
2023-04-19,101.58,105.12,101.39,104.3,58398890
2023-04-20,103.53,105.25,103.21,103.81,57696866
2023-04-21,106.1,108.15,105.08,106.96,86774185
2023-04-24,107.655,109.23,105.07,106.21,69575610
2023-04-25,104.91,105.45,102.45,102.57,65026818
2023-04-26,105.04,106.62,104.1,104.98,73803790
2023-04-27,108.16,110.86,106.8,109.82,149961167
2023-04-28,107.73,109.48,104.33,105.45,130715946
2023-05-01,104.95,105.23,101.82,102.05,74728096
2023-05-02,101.47,103.9,101.15,103.63,73469350
2023-05-03,103.735,105.96,103.28,103.65,65051925
2023-05-04,104.04,105.39,103.3117,104,45345523
2023-05-05,104.27,105.76,103.55,105.655,56951744
2023-05-08,105.04,106.095,104.7001,105.83,49430909
2023-05-09,105.48,106.79,105.1567,106.62,44089359
2023-05-10,108.1,110.67,108.05,110.19,78627616
2023-05-11,111.03,113.28,110.49,112.18,74924841
2023-05-12,112.16,112.64,109.3185,110.26,49852671
2023-05-15,111.15,112.29,109.25,111.2,53011145
2023-05-16,111.05,114.7899,111.05,113.4,71472908
2023-05-17,114.89,115.83,114.22,115.5,65655177
2023-05-18,116.69,118.6,116.335,118.15,73174087
2023-05-19,118.16,118.31,115.7,116.25,55056307
2023-05-22,116.77,116.77,114.25,115.01,70741123
2023-05-23,114.27,117.14,113.78,114.99,67576262
2023-05-24,115.35,117.34,115.02,116.75,63487938
2023-05-25,116.63,116.87,114.31,115,66496681
2023-05-26,116.04,121.5,116.02,120.11,96779889
2023-05-30,122.37,122.92,119.855,121.66,64314808
2023-05-31,121.45,122.04,119.17,120.58,72800787
2023-06-01,120.69,123.49,119.93,122.77,54375131
2023-06-02,124.92,126.39,124.015,124.25,61264414
2023-06-05,123.36,125.8,123.03,125.3,47950128
2023-06-06,125.07,127.4,125,126.61,45695212
2023-06-07,127.01,127.365,120.63,121.23,95663275
2023-06-08,123.01,125.625,122.2579,124.25,62159270
2023-06-09,124.08,125.8,123.19,123.43,51396018
2023-06-12,124.02,126.78,123.53,126.57,51473376
2023-06-13,128.12,128.41,125.18,126.66,50564785
2023-06-14,126.7,126.95,124.12,126.42,52422463
2023-06-15,125.21,127.69,124.32,127.11,60458471
2023-06-16,127.71,127.9,125.3,125.49,84247104
2023-06-20,124.97,127.25,124.5,125.78,56930122
2023-06-21,125.64,126.73,123.85,124.83,52137670
2023-06-22,125.31,130.33,125.14,130.15,90354572
2023-06-23,129.11,130.84,128.28,129.33,71927776
2023-06-26,130.27,131.49,127.1,127.33,59989317
2023-06-27,128.63,130.085,127.55,129.18,46801008
2023-06-28,128.94,131.48,128.44,129.04,52149512
2023-06-29,128.77,129.26,127.255,127.9,40760959
2023-06-30,129.47,131.245,128.95,130.36,54350684
2023-07-03,130.82,131.85,130.065,130.22,28264785
2023-07-05,130.24,131.4,129.64,130.38,35895409
2023-07-06,128.25,128.73,127.37,128.36,40697848
2023-07-07,128.59,130.97,128.1294,129.78,41992251
2023-07-10,129.07,129.28,125.915,127.13,61889289
2023-07-11,127.75,129.77,127.35,128.78,49951460
2023-07-12,130.31,131.26,128.83,130.8,54022847
2023-07-13,134.04,134.67,132.71,134.3,61170883
2023-07-14,134.06,136.65,134.06,134.68,54487090
2023-07-17,134.56,135.62,133.21,133.56,48450198
2023-07-18,132.71,133.86,131.355,132.83,54969133
2023-07-19,133.39,135.99,132.53,135.36,54531037
2023-07-20,134.07,134.7915,129.33,129.96,59820579
2023-07-21,131.34,131.37,128.415,130,133307294
2023-07-24,130.305,131.66,128.35,128.8,45671535
2023-07-25,129.31,129.58,128.53,129.13,39236663
2023-07-26,126.51,129.08,126.11,128.15,53910087
2023-07-27,131,132.63,127.79,128.25,52610661
2023-07-28,129.69,133.01,129.33,132.21,46317381
2023-07-31,133.2,133.87,132.38,133.68,41901516
2023-08-01,133.55,133.69,131.6199,131.69,42298925
2023-08-02,130.154,130.23,126.82,128.21,51027614
2023-08-03,127.48,129.84,126.41,128.91,91163736
2023-08-04,141.06,143.63,139.32,139.57,153128470
2023-08-07,140.99,142.54,138.95,142.22,71213112
2023-08-08,140.62,140.84,138.42,139.94,51710497
2023-08-09,139.97,140.32,137.1,137.85,50017349
2023-08-10,139.075,140.41,137.49,138.56,58928402
2023-08-11,137.4,139.33,137,138.41,42905833
2023-08-14,138.3,140.59,137.75,140.57,47148699
2023-08-15,140.05,141.2778,137.23,137.67,42781521
2023-08-16,137.19,137.27,135.01,135.07,41675903
2023-08-17,135.46,136.085,133.53,133.98,48354085
2023-08-18,131.62,134.065,131.15,133.22,48497698
2023-08-21,133.74,135.185,132.71,134.68,41442483
2023-08-22,135.08,135.65,133.73,134.25,32935104
2023-08-23,134.5,135.95,133.22,135.52,42801043
2023-08-24,136.4,136.775,131.83,131.84,43646250
2023-08-25,132.47,133.87,130.58,133.26,44147451
2023-08-28,133.78,133.95,131.85,133.14,34108410
2023-08-29,133.38,135.14,133.25,134.91,38646093
2023-08-30,134.93,135.68,133.92,135.07,36137015
2023-08-31,135.06,138.7885,135,138.01,58781314
2023-09-01,139.455,139.96,136.875,138.12,40991536
2023-09-05,137.73,137.8,135.82,137.27,40636738
2023-09-06,136.32,137.45,134.61,135.36,41785507
2023-09-07,133.9,138.03,133.16,137.85,48498912
2023-09-08,136.86,138.8519,136.75,138.23,38365929
2023-09-11,138.75,143.62,138.64,143.1,56764525
2023-09-12,142.32,143,140.61,141.23,42668452
2023-09-13,140.95,144.98,140.865,144.85,60465175
2023-09-14,145.08,145.86,142.95,144.72,64033607
2023-09-15,142.69,143.57,140.09,140.39,102909327
2023-09-18,140.48,141.75,139.22,139.98,42823480
2023-09-19,138.7,138.84,135.56,137.63,61482470
2023-09-20,138.55,139.37,135.2,135.29,46263716
2023-09-21,131.94,132.24,129.31,129.33,70343342
2023-09-22,131.11,132.03,128.52,129.12,59904348
2023-09-25,129.36,131.78,128.77,131.27,46017825
2023-09-26,130.12,130.39,125.28,125.98,73048207
2023-09-27,125.76,127.48,124.13,125.98,66553449
2023-09-28,124.04,126.5801,123.04,125.98,54554968
2023-09-29,128.2,129.15,126.32,127.12,62411730
2023-10-02,127.28,130.47,126.54,129.46,48029744
2023-10-03,128.06,128.52,124.2544,124.72,51564991
2023-10-04,126.06,127.36,125.68,127,44203870
2023-10-05,126.71,126.73,124.33,125.96,39660643
2023-10-06,124.16,128.45,124.13,127.96,46836698
2023-10-09,126.22,128.79,124.76,128.26,38773738
2023-10-10,128.82,130.74,128.05,129.48,42178619
2023-10-11,129.74,132.05,129.61,131.83,40741842
2023-10-12,132.17,134.48,131.23,132.33,55528581
2023-10-13,132.98,133.3145,128.95,129.79,45824685
2023-10-16,130.69,133.07,130.425,132.55,42832918
2023-10-17,130.39,132.58,128.71,131.47,49344550
2023-10-18,129.9,130.6699,127.51,128.13,42699479
2023-10-19,130.565,132.24,127.47,128.4,60961355
2023-10-20,128.05,128.17,124.97,125.17,56406410
2023-10-23,124.63,127.88,123.98,126.56,48259953
2023-10-24,127.74,128.8,126.34,128.56,46477355
2023-10-25,126.04,126.34,120.79,121.39,74577544
2023-10-26,120.63,121.6393,118.35,119.57,100419516
2023-10-27,126.2,130.02,125.52,127.74,125309313
2023-10-30,129.72,133,128.56,132.71,72485542
2023-10-31,132.75,133.57,131.71,133.09,51589380
2023-11-01,133.96,137.35,133.71,137,61529409
2023-11-02,138.73,138.81,136.47,138.07,52236693
2023-11-03,138.99,139.49,137.45,138.6,44059805
2023-11-06,138.76,140.73,138.36,139.74,44970417
2023-11-07,140.55,143.37,140.5,142.71,53553537
2023-11-08,142.97,143.12,141.2183,142.08,44521658
2023-11-09,142.02,142.65,139.84,140.6,36235367
2023-11-10,140.46,143.65,139.91,143.56,49349937
2023-11-13,142.08,143.23,140.67,142.59,35680570
2023-11-14,145,147.26,144.68,145.8,56674551
2023-11-15,147.06,147.29,142.59,143.2,63875720
2023-11-16,140.91,143.32,139.52,142.83,49653512
2023-11-17,142.66,145.23,142.545,145.18,49678437
2023-11-20,145.13,146.63,144.725,146.13,41978766
2023-11-21,143.91,144.05,141.5,143.9,71225992
2023-11-22,144.57,147.74,144.57,146.71,45700002
2023-11-24,146.7,147.2,145.32,146.74,22378379
2023-11-27,147.53,149.26,146.88,147.73,53762428
2023-11-28,146.98,147.5999,145.53,147.03,42711682
2023-11-29,147.85,148.54,145.97,146.32,40610907
2023-11-30,144.76,146.93,144.332,146.09,65814022
2023-12-01,146,147.245,145.55,147.03,39951833
2023-12-04,145.25,145.35,142.81,144.84,48294244
2023-12-05,143.55,148.57,143.13,146.88,46822411
2023-12-06,147.58,147.85,144.28,144.52,39678960
2023-12-07,146.15,147.92,145.34,146.88,52352830
2023-12-08,145.48,147.84,145.4,147.42,41905965
2023-12-11,145.66,146.19,143.64,145.89,50907288
2023-12-12,145.52,147.5,145.3,147.48,44944264
2023-12-13,148.12,149.46,146.82,148.84,52766196
2023-12-14,149.93,150.54,145.52,147.42,58400848
2023-12-15,148.38,150.57,147.88,149.97,110089342
2023-12-18,150.56,154.855,150.05,154.07,62512828
2023-12-19,154.4,155.12,152.69,153.79,43171292
2023-12-20,152.9,155.63,151.56,152.12,50322106
2023-12-21,153.3,153.97,152.1,153.84,36305733
2023-12-22,153.77,154.35,152.71,153.42,29514093
2023-12-26,153.56,153.975,153.03,153.41,25067222
2023-12-27,153.56,154.78,153.12,153.34,31434733
2023-12-28,153.72,154.08,152.95,153.38,27057002
2023-12-29,153.1,153.89,151.03,151.94,39823204
2024-01-02,151.54,152.38,148.39,149.93,47339424
2024-01-03,149.2,151.05,148.33,148.47,49425495
2024-01-04,145.59,147.38,144.05,144.57,56039807
2024-01-05,144.69,146.59,144.53,145.24,45153147
2024-01-08,146.74,149.4,146.15,149.1,46757053
2024-01-09,148.33,151.71,148.21,151.37,43812567
2024-01-10,152.06,154.42,151.881,153.73,44421830
2024-01-11,155.04,157.17,153.12,155.18,49072691
2024-01-12,155.39,156.2,154.01,154.62,40484155
2024-01-16,153.53,154.99,152.15,153.16,41384636
2024-01-17,151.49,152.15,149.91,151.71,34953363
2024-01-18,152.77,153.775,151.82,153.5,37850245
2024-01-19,153.83,155.76,152.74,155.34,51651628
2024-01-22,156.89,157.05,153.9,154.78,43687468
2024-01-23,154.85,156.21,153.93,156.02,37986039
2024-01-24,157.8,158.51,156.48,156.87,48547315
2024-01-25,156.95,158.505,154.5501,157.75,43638592
2024-01-26,158.42,160.72,157.91,159.12,51047353
2024-01-29,159.34,161.29,158.9,161.26,45270385
2024-01-30,160.7,161.73,158.49,159,45207430
2024-01-31,157,159.01,154.81,155.2,50284371
2024-02-01,155.87,159.76,155.62,159.28,76542419
2024-02-02,169.19,172.5,167.33,171.81,117218313
2024-02-05,170.2,170.55,167.7,170.31,55081297
2024-02-06,169.39,170.71,167.65,169.15,42505518
2024-02-07,169.48,170.88,168.94,170.53,47174060
2024-02-08,169.65,171.43,168.88,169.84,42316454
2024-02-09,170.9,175,170.5803,174.45,56985986
2024-02-12,174.8,175.39,171.54,172.34,51050440
2024-02-13,167.73,170.95,165.75,168.64,56345122
2024-02-14,169.21,171.21,168.28,170.98,42815544
2024-02-15,170.58,171.17,167.59,169.8,49855196
2024-02-16,168.74,170.42,167.17,169.51,48107744
2024-02-20,167.83,168.71,165.74,167.08,41980326
2024-02-21,168.94,170.23,167.14,168.59,44575623
2024-02-22,173.1,174.8,171.77,174.58,55392354
2024-02-23,174.28,175.75,173.7,174.99,59715243
2024-02-26,175.7,176.37,174.26,174.73,44368614
2024-02-27,174.075,174.62,172.86,173.54,31141732
2024-02-28,172.44,174.05,172.27,173.16,28180482
2024-02-29,173.01,177.22,172.85,176.76,53805359
2024-03-01,176.75,178.725,176.07,178.22,31981152
2024-03-04,177.53,180.14,177.49,177.58,37381520
2024-03-05,176.93,176.93,173.303,174.12,37228343
2024-03-06,175.54,176.46,173.26,173.51,32090926
2024-03-07,174.83,177.99,173.72,176.82,34063283
2024-03-08,176.44,178.785,174.33,175.35,37893242
2024-03-11,174.31,174.47,171.47,171.96,28484777
2024-03-12,173.5,176.76,171.98,175.39,36610604
2024-03-13,175.9,177.62,175.55,176.555,30772600
2024-03-14,177.69,179.53,176.465,178.75,43705840
2024-03-15,176.64,177.93,173.9,174.42,72147390
2024-03-18,175.8,176.69,174.28,174.48,31250688
2024-03-19,174.215,176.09,173.52,175.9,26880893
2024-03-20,176.14,178.53,174.64,178.15,29947150
2024-03-21,179.988,181.415,178.15,178.15,32824320
2024-03-22,177.752,179.255,176.75,178.87,27995378
2024-03-25,178.01,180.99,177.24,179.71,29815464
2024-03-26,180.15,180.45,177.95,178.3,29658982
2024-03-27,179.88,180,177.3099,179.83,33272551
2024-03-28,180.17,181.7,179.26,180.38,38051588
2024-04-01,180.79,183,179.95,180.97,29174521
2024-04-02,179.07,180.79,178.3762,180.69,32611546
2024-04-03,179.9,182.87,179.8,182.41,31046638
2024-04-04,184,185.1,180,180,41624261
2024-04-05,182.38,186.27,181.97,185.07,42373992
2024-04-08,186.9,187.29,184.81,185.32,39154806
2024-04-09,187.24,187.34,184.2,185.67,36546946
2024-04-10,182.765,186.2699,182.67,185.95,35879151
2024-04-11,186.74,189.77,185.51,189.05,40020742
2024-04-12,187.72,188.38,185.08,186.13,38608849
2024-04-15,187.425,188.69,183,183.62,48052395
2024-04-16,183.27,184.83,182.26,183.32,32891265
2024-04-17,184.31,184.57,179.82,181.28,31359673
2024-04-18,181.47,182.39,178.65,179.22,30723793
2024-04-19,178.74,179,173.44,174.62,55944410
2024-04-22,176.94,178.87,174.56,177.23,37924890
2024-04-23,178.08,179.93,175.975,179.54,37046519
2024-04-24,179.94,180.323,176.18,176.59,34185109
2024-04-25,169.68,173.92,166.32,173.67,49249390
2024-04-26,177.795,180.82,176.13,179.62,43919765
2024-04-29,182.75,183.53,179.39,180.96,54063937
2024-04-30,181.09,182.99,174.8,175,94639786
2024-05-01,181.635,185.15,176.56,179,94645148
2024-05-02,180.85,185.1,179.91,184.72,54303510
2024-05-03,186.99,187.87,185.42,186.21,39172004
2024-05-06,186.28,188.745,184.8,188.7,34725295
2024-05-07,188.92,189.94,187.305,188.76,34048902
2024-05-08,187.44,188.43,186.385,188,26136350
2024-05-09,188.88,191.7,187.44,189.5,43368377
2024-05-10,189.16,189.892,186.93,187.48,34141771
2024-05-13,188,188.31,185.36,186.57,24898613
2024-05-14,183.82,187.72,183.45,187.07,38698155
2024-05-15,185.97,186.7193,182.73,185.99,75459927
2024-05-16,185.6,187.31,183.46,183.63,38834450
2024-05-17,183.76,185.3,183.35,184.7,33175655
2024-05-20,184.34,186.665,183.28,183.54,30511768
2024-05-21,182.3,183.26,180.75,183.15,50839129
2024-05-22,183.88,185.22,181.9715,183.13,28148784
2024-05-23,183.66,184.76,180.08,181.05,33670173
2024-05-24,181.65,182.435,180.3,180.75,27471640
2024-05-28,179.93,182.24,179.49,182.15,29926963
2024-05-29,181.7,184.08,181.55,182.02,32009294
2024-05-30,181.31,181.34,178.355,179.32,29249229
2024-05-31,178.3,179.21,173.87,176.44,58903939
2024-06-03,177.7,178.7,175.92,178.34,30786640
2024-06-04,177.64,179.82,176.44,179.34,27198388
2024-06-05,180.1,181.5,178.75,181.28,32116394
2024-06-06,181.745,185,181.49,185,31371151
2024-06-07,184.9,186.2888,183.36,184.3,28021473
2024-06-10,184.07,187.23,183.79,187.06,34494498
2024-06-11,187.06,187.77,184.5373,187.23,27265108
2024-06-12,188.015,188.35,185.43,186.89,33984216
2024-06-13,186.09,187.67,182.666,183.83,39721545
2024-06-14,183.08,183.72,182.23,183.66,25456410
2024-06-17,182.52,185,181.22,184.06,35601907
2024-06-18,183.735,184.29,181.43,182.81,36659157
2024-06-20,182.91,186.51,182.72,186.1,44726779
2024-06-21,187.8,189.275,185.86,189.08,72931754
2024-06-24,189.33,191,185.33,185.57,50610379
2024-06-25,186.81,188.84,185.42,186.34,45898475
2024-06-26,186.92,194.8,186.26,193.61,65103893
2024-06-27,195.005,199.84,194.2,197.85,74397491
2024-06-28,197.73,198.85,192.5,193.25,76930192
2024-07-01,193.49,198.2957,192.82,197.2,41192011
2024-07-02,197.28,200.43,195.93,200,45600013
2024-07-03,199.94,200.029,196.7601,197.59,31597926
2024-07-05,198.65,200.55,198.17,200,39858885
2024-07-08,200.04,201.2,197.96,199.29,34767261
2024-07-09,199.4,200.57,199.045,199.34,32756736
2024-07-10,199.995,200.11,197.69,199.79,32883753
2024-07-11,200.09,200.2699,192.86,195.05,44565041
2024-07-12,194.8,196.47,193.8301,194.49,30598525
2024-07-15,194.56,196.19,190.83,192.72,40683227
2024-07-16,195.59,196.62,192.24,193.02,33994714
2024-07-17,191.35,191.58,185.99,187.93,48076139
2024-07-18,189.59,189.68,181.448,183.75,51043626
2024-07-19,181.14,184.93,180.11,183.13,43081829
2024-07-22,185,185.06,182.48,182.55,39931923
2024-07-23,184.1,189.39,183.56,186.41,47537670
2024-07-24,183.2,185.45,180.41,180.83,41532360
2024-07-25,182.91,183.8958,176.8,179.85,44464163
2024-07-26,180.39,183.19,180.24,182.5,29505964
2024-07-29,183.84,184.75,182.38,183.2,33270123
2024-07-30,184.72,185.86,179.38,181.71,39508574
2024-07-31,185.05,187.94,184.46,186.98,41667326
2024-08-01,189.285,190.6,181.87,184.07,70435635
2024-08-02,166.75,168.77,160.55,167.9,141448365
2024-08-05,154.21,162.96,151.61,161.02,83149437
2024-08-06,161.71,165.08,158.5404,161.93,59950830
2024-08-07,166.55,167.58,161.43,162.77,48408240
2024-08-08,165.165,166.6899,162.55,165.8,44616206
2024-08-09,166.4,168.55,165.85,166.94,36401049
2024-08-12,168.14,168.55,166.1101,166.8,30072788
2024-08-13,167.81,171.04,167.1,170.23,39237915
2024-08-14,172.11,172.28,168.86,170.1,28843804
2024-08-15,174.86,177.91,173.99,177.59,51698513
2024-08-16,177.04,178.34,176.2601,177.06,31489175
2024-08-19,177.64,178.3,176.16,178.22,31129807
2024-08-20,177.92,179.01,177.4308,178.88,26255204
2024-08-21,179.92,182.385,178.8937,180.11,35599120
2024-08-22,181.38,181.47,175.68,176.13,32047482
2024-08-23,177.34,178.9699,175.24,177.04,29150091
2024-08-26,176.7,177.4682,174.3,175.5,22366236
2024-08-27,174.15,174.89,172.25,173.12,29841979
2024-08-28,173.69,173.69,168.92,170.8,29045025
2024-08-29,173.22,174.29,170.81,172.12,26407815
2024-08-30,172.78,178.9,172.6,178.5,43429355
2024-09-03,177.55,178.26,175.26,176.25,37817511
2024-09-04,174.48,175.98,172.54,173.33,30309225
2024-09-05,175,179.875,174.995,177.89,40170526
2024-09-06,177.24,178.38,171.16,171.39,41466537
2024-09-09,174.53,175.85,173.51,175.4,29037362
2024-09-10,177.49,180.5,176.79,179.55,36233796
2024-09-11,180.095,184.99,175.73,184.52,42564698
2024-09-12,184.8,187.41,183.54,187,33622483
2024-09-13,187,188.5,185.91,186.49,26495351
2024-09-16,185.29,185.81,183.36,184.89,26065485
2024-09-17,186.85,189.45,186.14,186.88,26091682
2024-09-18,186.45,188.8,185.06,186.43,34448130
2024-09-19,190.04,190.99,188.47,189.87,39543168
2024-09-20,190.23,191.84,187.41,191.6,100378553
2024-09-23,191.64,194.45,190.57,193.88,36993111
2024-09-24,194.27,195.37,190.13,193.96,43478926
2024-09-25,193.75,193.9498,192.16,192.53,26391144
2024-09-26,194.31,194.53,189.54,191.16,36334854
2024-09-27,190.68,190.9,187.34,187.97,36002316
2024-09-30,187.14,188.49,184.65,186.33,41680400
2024-10-01,184.9,186.19,183.4519,185.13,36044906
2024-10-02,184.44,186.6,184.04,184.76,23704056
2024-10-03,183.045,183.44,180.875,181.96,30204302
2024-10-04,185.75,187.6,183.6,186.51,41079011
2024-10-07,182.95,183.6,180.25,180.8,42364201
2024-10-08,181.915,183.09,180.92,182.72,26372086
2024-10-09,182.82,185.845,182.05,185.17,26343117
2024-10-10,187.13,188.134,185.83,186.65,27785043
2024-10-11,186.63,189.9284,186.3,188.82,25751557
2024-10-14,189.78,189.83,187.36,187.54,22614407
2024-10-15,187.63,188.41,184.58,187.69,32178925
2024-10-16,187.05,187.78,185.61,186.89,23456812
2024-10-17,188.22,188.94,186,187.53,25039414
2024-10-18,187.15,190.74,186.28,188.99,37417670
2024-10-21,188.05,189.46,186.4,189.07,24639393
2024-10-22,188.35,191.5201,186.975,189.7,29650593
2024-10-23,188.85,189.16,183.69,184.71,31937089
2024-10-24,185.25,187.11,183.86,186.38,21647395
2024-10-25,187.85,190.45,187.53,187.83,29362060
2024-10-28,189.565,190.21,188.21,188.39,27930836
2024-10-29,188.58,191.4599,187.815,190.83,35690158
2024-10-30,194.695,195.61,192.42,192.73,37707550
2024-10-31,190.51,190.6,185.23,186.4,75146759
2024-11-01,198.86,200.5,197.02,197.93,99687847
2024-11-04,196.45,197.33,194.3101,195.78,38492062
2024-11-05,196.04,199.82,195.99,199.5,30564784
2024-11-06,200.01,207.55,199.14,207.09,72292167
2024-11-07,207.44,212.25,207.19,210.05,52878383
2024-11-08,209.72,209.9633,207.44,208.18,36075846
2024-11-11,208.5,209.65,205.59,206.84,35456012
2024-11-12,208.37,209.54,206.01,208.91,38942918
2024-11-13,209.4,215.09,209.14,214.1,46212943
2024-11-14,214.16,215.9,210.88,211.48,42620309
2024-11-15,206.76,207.34,199.61,202.61,86591144
2024-11-18,204.15,204.67,200.95,201.7,36512465
2024-11-19,199.33,205.3,198.78,204.61,31197867
2024-11-20,202.98,203.13,199.45,202.88,32768989
2024-11-21,203.49,203.49,195.75,198.38,58800042
2024-11-22,198.25,199.2599,196.75,197.12,31530844
2024-11-25,199.28,201.9499,199,201.45,40685672
2024-11-26,201.9,208,201.79,207.86,41673737
2024-11-27,206.98,207.64,205.05,205.74,28061638
2024-11-29,205.83,208.2,204.59,207.89,24892447
2024-12-02,209.96,212.99,209.5101,210.71,39523185
2024-12-03,210.31,214.02,209.65,213.44,32214828
2024-12-04,215.96,220,215.75,218.16,48745716
2024-12-05,218.03,222.15,217.3,220.55,41140220
2024-12-06,220.75,227.15,220.6,227.03,44178069
2024-12-09,227.21,230.08,225.67,226.09,46819363
2024-12-10,226.09,229.06,224.2002,225.04,31199864
2024-12-11,226.41,231.2,226.26,230.26,35385785
2024-12-12,229.83,231.09,227.63,228.97,28204084
2024-12-13,228.4,230.2,225.8608,227.46,28768080
2024-12-16,230.23,233,228.01,232.93,37552096
2024-12-17,232.39,232.73,227.85,231.15,35948131
2024-12-18,230.77,231.3999,220.11,220.52,43281443
2024-12-19,224.91,226.09,222.92,223.29,39918739
2024-12-20,219.84,226.21,218.73,224.92,88279184
2024-12-23,225.01,226.88,223.9,225.06,28070007
2024-12-24,226.94,229.14,226.13,229.05,15007497
2024-12-26,228.5,228.5,226.6706,227.05,16174500
2024-12-27,225.6,226.03,220.9,223.75,27367147
2024-12-30,220.06,222.9972,218.43,221.3,28321240
2024-12-31,222.965,223.2299,218.94,219.39,24819655
2025-01-02,222.03,225.15,218.19,220.22,33956579
2025-01-03,222.505,225.36,221.62,224.19,27515606
2025-01-06,226.78,228.835,224.84,227.61,31849831
2025-01-07,227.9,228.381,221.46,222.11,28084164
2025-01-08,223.185,223.52,220.2,222.13,25033292
2025-01-10,221.46,221.71,216.5,218.94,36811525
2025-01-13,218.06,219.4,216.47,218.46,27262655
2025-01-14,220.44,221.82,216.2,217.76,24711650
2025-01-15,222.83,223.57,220.75,223.35,31291257
2025-01-16,224.42,224.65,220.31,220.66,24757276
2025-01-17,225.84,226.51,223.08,225.94,42370123
2025-01-21,228.9,231.78,226.94,230.71,39951456
2025-01-22,232.02,235.44,231.19,235.01,41448217
2025-01-23,234.1,235.52,231.51,235.42,26404364
2025-01-24,234.5,236.4,232.93,234.85,25890738
2025-01-27,226.21,235.61,225.86,235.42,49428332
2025-01-28,234.29,241.77,233.98,238.15,41587188
2025-01-29,239.015,240.39,236.15,237.07,26091716
2025-01-30,237.14,237.95,232.22,234.64,32020728
2025-01-31,236.5,240.29,236.41,237.68,36162377
2025-02-03,234.06,239.25,232.9,237.42,37285868
2025-02-04,239.01,242.52,238.03,242.06,29713812
2025-02-05,237.02,238.32,235.2,236.17,38832042
2025-02-06,238.01,239.6599,236.01,238.83,60897095
2025-02-07,232.5,234.81,228.06,229.15,77539276
2025-02-10,230.545,233.92,229.2,233.14,35419926
2025-02-11,231.92,233.44,230.13,232.76,23713726
2025-02-12,230.46,231.18,228.16,228.93,32285249
2025-02-13,228.85,230.42,227.52,230.37,31346512
2025-02-14,229.2,229.89,227.23,228.68,27031084
2025-02-18,228.82,229.3,223.72,226.65,42975133
2025-02-19,225.52,226.83,223.71,226.63,28566709
2025-02-20,224.775,225.13,221.81,222.88,30001665
2025-02-21,223.28,223.31,214.74,216.58,55323850
2025-02-24,217.45,217.715,212.42,212.71,42387585
2025-02-25,211.63,213.34,204.16,212.8,58957977
2025-02-26,214.94,218.16,213.09,214.35,39120603
2025-02-27,218.35,219.97,208.37,208.74,40548571
2025-02-28,209.06,212.62,206.99,212.28,51771737
2025-03-03,213.352,214.01,202.55,205.02,42948447
2025-03-04,200.11,206.8,197.432,203.8,60853084
2025-03-05,204.8,209.98,203.26,208.36,38610085
2025-03-06,204.4,205.77,198.3015,200.7,49863755
2025-03-07,199.49,202.2653,192.53,199.25,59802821
2025-03-10,195.6,196.73,190.85,194.54,62350926
2025-03-11,193.9,200.18,193.4,196.59,54002880
2025-03-12,200.72,201.52,195.29,198.89,43679284
2025-03-13,198.165,198.8799,191.82,193.89,41270761
2025-03-14,197.41,198.65,195.32,197.95,38096663
2025-03-17,198.77,199,194.3247,195.74,47341752
2025-03-18,192.52,194,189.38,192.82,40414867
2025-03-19,193.38,195.965,191.96,195.54,39442878
2025-03-20,193.07,199.32,192.3,194.95,38921113
2025-03-21,192.9,196.99,192.52,196.21,60056917
2025-03-24,200,203.64,199.95,203.26,41625365
2025-03-25,203.595,206.21,203.22,205.71,31171161
2025-03-26,205.835,206.01,199.925,201.13,32990973
2025-03-27,200.89,203.79,199.2821,201.36,27317661
2025-03-28,198.42,199.26,191.881,192.72,52548226
2025-03-31,188.19,191.33,184.4,190.26,63547558
2025-04-01,187.86,193.93,187.2,192.17,41267315
2025-04-02,187.66,198.34,187.66,196.01,53679198
2025-04-03,182.995,184.13,176.92,178.41,95553617
2025-04-04,167.145,178.1436,166,171,123159359
2025-04-07,162,183.4099,161.38,175.26,109327115
2025-04-08,185.23,185.9,168.57,170.66,87710360
2025-04-09,172.115,192.65,169.93,191.1,116804328
2025-04-10,185.44,186.8692,175.8518,181.22,68302045
2025-04-11,179.93,185.86,178,184.87,50594339
2025-04-14,186.84,187.44,179.23,182.12,48002540
2025-04-15,181.41,182.35,177.9331,179.59,43641952
2025-04-16,176.29,179.1046,171.41,174.33,51875316
2025-04-17,176,176.21,172,172.61,44726453
2025-04-21,169.6,169.6,165.285,167.32,48126111
2025-04-22,169.845,176.78,169.35,173.18,56607202
2025-04-23,183.45,187.38,180.19,180.6,63470149
2025-04-24,180.915,186.74,180.18,186.54,43763196
2025-04-25,187.62,189.94,185.49,188.99,36414330
2025-04-28,190.105,190.22,184.885,187.7,33224732
2025-04-29,183.99,188.0158,183.68,187.39,41667255
2025-04-30,182.17,185.05,178.85,184.42,55176543
2025-05-01,190.63,191.80711,187.5,190.2,74265963
2025-05-02,191.435,192.88,186.4,189.98,77903487
2025-05-05,186.51,188.18,185.53,186.35,35217469
2025-05-06,184.57,187.93,183.85,185.01,29314055
2025-05-07,185.56,190.99,185.01,188.71,44002926
2025-05-08,191.43,194.33,188.82,192.08,41043620
2025-05-09,193.375,194.69,191.16,193.06,29663143
2025-05-12,210.71,211.66,205.75,208.64,75205042
2025-05-13,211.08,214.84,210.1,211.37,56193682
2025-05-14,211.45,211.93,208.85,210.25,38492128
2025-05-15,206.45,206.88,202.673,205.17,64347317
2025-05-16,206.85,206.85,204.374,205.59,43318478
2025-05-19,201.645,206.62,201.26,206.16,34314810
2025-05-20,204.628,205.5899,202.65,204.07,29470373
2025-05-21,201.61,203.455,200.06,201.12,42460924
2025-05-22,201.38,205.76,200.16,203.1,38938882
2025-05-23,198.9,202.37,197.85,200.99,33393545
2025-05-27,203.085,206.69,202.19,206.02,34892044
2025-05-28,205.915,207.66,204.41,204.72,28549753
2025-05-29,208.025,208.81,204.23,205.7,34700005
2025-05-30,204.84,205.99,201.695,205.01,51679406
2025-06-02,204.98,207,202.68,206.65,29113319
2025-06-03,207.105,208.9469,205.03,205.71,33139121
2025-06-04,206.55,208.18,205.18,207.23,29915592
2025-06-05,209.55,212.81,207.56,207.91,51979243
2025-06-06,212.4,213.8699,210.5,213.57,39832500
2025-06-09,214.75,217.85,212.88,216.98,38102502
2025-06-10,216.78,217.69,214.15,217.61,31303317
2025-06-11,217.41,218.4,212.89,213.2,39325981
2025-06-12,211.78,213.58,211.33,213.24,27639991
2025-06-13,209.96,214.05,209.62,212.1,29337763
2025-06-16,212.31,217.06,211.6,216.1,33284158
2025-06-17,215.195,217.41,214.56,214.82,32086262
2025-06-18,215.09,217.96,212.34,212.52,44360509
2025-06-20,214.68,214.89,208.2709,209.69,75350733
2025-06-23,209.79,210.39,207.3101,208.47,37311725
2025-06-24,212.135,214.34,211.045,212.77,38378757
2025-06-25,214.615,216.03,211.11,211.99,31755698
2025-06-26,213.12,218.035,212.01,217.12,50480814
2025-06-27,219.92,223.3,216.74,223.3,119217138
2025-06-30,223.52,223.82,219.12,219.39,58887780
2025-07-01,219.5,221.875,217.93,220.46,39256830
2025-07-02,219.73,221.6,219.06,219.92,30894178
2025-07-03,221.82,224.01,221.36,223.41,29632353
2025-07-07,223,224.29,222.37,223.47,36604139
2025-07-08,223.915,224,218.43,219.36,45691987
2025-07-09,221.07,224.29,220.47,222.54,38155121
2025-07-10,221.55,222.79,219.7,222.26,30370591
2025-07-11,223.58,226.6799,222.37,225.02,50518307
2025-07-14,225.07,226.66,224.24,225.69,35702597
2025-07-15,226.2,227.27,225.455,226.35,34907294
2025-07-16,225.875,226.1,222.18,223.19,39535926
2025-07-17,223.32,224.5,222.51,223.88,31855831
2025-07-18,225.14,226.4,222.98,226.13,37833807
2025-07-21,225.835,229.69,225.65,229.3,40297556
2025-07-22,229.68,230,226.35,227.47,37483702
2025-07-23,228.47,228.79,227.09,228.29,28294852
2025-07-24,229.17,236,228.64,232.23,42902266
2025-07-25,232.22,232.48,231.18,231.44,28712095
2025-07-28,233.35,234.29,232.25,232.79,26300138
2025-07-29,234.15,234.72,230.31,231.01,33716220
2025-07-30,231.64,231.8,229.29,230.19,32993273
2025-07-31,235.77,236.53,231.4,234.11,104357263
2025-08-01,217.21,220.4399,212.8,214.75,122258801
2025-08-04,217.4,217.44,211.42,211.65,77890146
2025-08-05,213.05,216.3,212.87,213.75,51505121
2025-08-06,214.695,222.65,213.7409,222.31,54823045
2025-08-07,221,226.22,220.82,223.13,40603513
2025-08-08,223.14,223.8,221.8836,222.69,32970477
2025-08-11,221.78,223.05,220.4,221.3,31646222
2025-08-12,222.23,223.5,219.05,221.47,37254707
2025-08-13,222,224.9185,222,224.56,36508335
2025-08-14,227.4,233.11,227.02,230.98,61545824
2025-08-15,232.58,234.08,229.807,231.03,39649244
2025-08-18,230.225,231.91,228.33,231.49,25248890
2025-08-19,230.09,230.5283,227.12,228.01,29891012
2025-08-20,227.12,227.27,220.915,223.81,36604319
2025-08-21,222.65,222.78,220.5,221.95,32140459
2025-08-22,222.79,229.14,220.82,228.84,37315341
2025-08-25,227.35,229.6,227.31,227.94,22633695
2025-08-26,227.11,229,226.02,228.71,26105373
2025-08-27,228.57,229.87,227.81,229.12,21254479
2025-08-28,229.005,232.71,228.02,231.6,33679585
2025-08-29,231.32,231.8125,228.16,229,26199170
2025-09-02,223.52,226.17,221.83,225.34,38843883
2025-09-03,225.21,227.1699,224.36,225.99,29223134
2025-09-04,231.185,235.77,230.78,235.68,59391779
2025-09-05,235.19,236,231.93,232.33,36721802
2025-09-08,234.94,237.6,233.75,235.84,33947104
2025-09-09,236.355,238.85,235.08,238.24,27033778
2025-09-10,237.515,237.68,229.0962,230.33,60907714
2025-09-11,231.49,231.53,229.3377,229.95,37485598
2025-09-12,230.35,230.79,226.29,228.15,38496218
2025-09-15,230.625,233.73,230.32,231.43,33243328
2025-09-16,232.935,235.9,232.23,234.05,38203912
2025-09-17,233.77,234.3,228.71,231.62,42815230
2025-09-18,232.5,233.48,228.79,231.23,37931738
2025-09-19,232.37,234.16,229.7,231.48,97943172
2025-09-22,230.56,230.565,227.51,227.63,45914506
2025-09-23,227.83,227.86,220.07,220.71,70956193
2025-09-24,224.19,224.56,219.45,220.21,49509033
2025-09-25,220.06,220.67,216.47,218.15,52226328
2025-09-26,219.08,221.05,218.02,219.78,41650098
2025-09-29,220.08,222.6,219.3,222.17,44259177
2025-09-30,222.03,222.24,217.89,219.57,48396369
2025-10-01,217.36,222.15,216.61,220.63,43933834
2025-10-02,221.01,222.81,218.945,222.41,41258586
2025-10-03,223.44,224.2,219.34,219.51,43639033
2025-10-06,221,221.73,216.03,220.9,43690876
2025-10-07,220.88,222.89,220.17,221.78,31194678
2025-10-08,222.92,226.73,221.19,225.22,46685985
2025-10-09,224.995,228.21,221.75,227.74,46412122
2025-10-10,226.21,228.25,216,216.37,72367511
2025-10-13,217.7,220.68,217.04,220.07,37809650
2025-10-14,215.555,219.32,212.6,216.39,45665580
2025-10-15,216.62,217.71,212.66,215.57,45909469
2025-10-16,215.67,218.59,212.8101,214.47,42414591
2025-10-17,214.56,214.8,211.03,213.04,45986944
2025-10-20,213.88,216.69,213.59,216.48,38882819
2025-10-21,218.43,223.32,217.99,222.03,50494565
2025-10-22,219.3,220.005,216.52,217.95,44308538
2025-10-23,219,221.3,218.18,221.09,31539999
2025-10-24,221.97,225.4,221.9,224.21,38685053
2025-10-27,227.66,228.4,225.54,226.97,38266995
2025-10-28,228.215,231.485,226.21,229.25,47100026
2025-10-29,231.672,232.82,227.76,230.3,52036151
2025-10-30,227.06,228.44,222.75,222.86,102252937
2025-10-31,250.1,250.5,243.98,244.22,166340808
2025-11-03,255.36,258.6,252.9,254,95997816
2025-11-04,250.38,257.01,248.66,249.32,51546311
2025-11-05,249.03,251,246.16,250.2,40610702
2025-11-06,249.155,250.38,242.17,243.04,46004203
2025-11-07,242.9,244.9,238.49,244.41,46374294
2025-11-10,248.34,251.75,245.59,248.4,36476514
2025-11-11,248.41,249.7499,247.23,249.1,23564060
2025-11-12,250.235,250.37,243.75,244.2,31190063
2025-11-13,243.05,243.75,236.5,237.58,41401738
2025-11-14,235.06,238.73,232.89,234.69,38956669
2025-11-17,233.25,234.6,229.19,232.87,59919018
2025-11-18,228.1,230.2,222.42,222.55,60608442
2025-11-19,223.735,223.735,218.52,222.69,58335643
2025-11-20,227.05,227.41,216.74,217.14,50308962
2025-11-21,216.345,222.21,215.18,220.69,68490464
2025-11-24,222.555,227.33,222.27,226.28,54318395
2025-11-25,226.38,230.52,223.8,229.67,39379339
2025-11-26,230.74,231.7474,228.77,229.16,38497922
2025-11-28,231.24,233.285,230.22,233.22,20292329
2025-12-01,233.22,235.797,232.25,233.88,42903954
2025-12-02,235.005,238.97,233.55,234.42,45785363
2025-12-03,233.35,233.38,230.61,232.38,35495058
2025-12-04,232.77,233.5,226.8,229.11,45683224
2025-12-05,230.32,231.24,228.547,229.53,33117377
2025-12-08,229.59,230.83,226.27,226.89,35019174
2025-12-09,226.84,228.57,225.11,227.92,25841743
2025-12-10,228.805,232.42,228.46,231.78,38790736
2025-12-11,230.71,232.11,228.6901,230.28,28249599
2025-12-12,229.87,230.08,225.12,226.19,35639118
2025-12-15,227.93,227.93,221.5,222.54,47286085
2025-12-16,223.035,223.66,221.1304,222.56,39298857
2025-12-17,224.655,225.19,220.99,221.27,44034418
2025-12-18,225.705,229.225,224.41,226.76,50272419
2025-12-19,226.76,229.125,225.58,227.35,85544374
2025-12-22,228.61,229.48,226.71,228.43,32261329
2025-12-23,229.055,232.445,228.73,232.14,29230233
2025-12-24,232.13,232.95,231.33,232.38,11420543
2025-12-26,232.035,232.99,231.18,232.52,15994726
2025-12-29,231.94,232.6,230.77,232.07,19797909
2025-12-30,231.205,232.77,230.2,232.53,21910453
2025-12-31,232.905,232.99,230.12,230.82,24383749
2026-01-02,231.34,235.458,224.7,226.5,51456229
2026-01-05,228.84,234,227.18,233.06,49733348
2026-01-06,232.1,243.18,232.07,240.93,53764677
2026-01-07,239.61,245.29,239.52,241.56,42236531
2026-01-08,243.06,246.41,241.88,246.29,39509844
2026-01-09,244.568,247.86,242.24,247.38,34559961
2026-01-12,246.73,248.94,245.96,246.47,35867770
2026-01-13,246.53,247.66,240.25,242.6,38371778
2026-01-14,241.15,241.28,236.22,236.65,41410578
2026-01-15,239.31,240.65,236.63,238.18,43003571
2026-01-16,239.085,239.57,236.41,239.12,45888283
2026-01-20,233.76,235.09,229.34,231,47737854
2026-01-21,231.085,232.3,226.88,231.31,47276090
2026-01-22,234.045,235.72,230.9,234.34,31913325
2026-01-23,234.955,240.45,234.57,239.16,33778478
2026-01-26,239.98,240.95,237.54,238.42,32825530
2026-01-27,239.685,244.88,238.08,244.68,38029216
2026-01-28,246.365,247.775,241.53,243.01,40882657
2026-01-29,242.82,243,236.742,241.73,47229643
2026-01-30,239.89,243.315,237.64,239.3,46585024
2026-02-02,238.31,245.6299,238.17,242.96,37546102
2026-02-03,244.975,246.35,235.45,238.62,53831298
2026-02-04,238.86,238.86,231.82,232.99,51299947
2026-02-05,224.91,226.31,220.38,222.69,103509230
2026-02-06,202.7,211.44,200.31,210.32,179210851
2026-02-09,208.97,212.81,203.35,208.72,91178443
2026-02-10,208.795,212.6499,206.411,206.96,67175031
2026-02-11,208.06,208.57,202.49,204.08,65545455
2026-02-12,203.96,203.96,197.56,199.6,83975393
2026-02-13,198.88,201.16,197.275,198.79,66321593
2026-02-17,198.125,201.7362,196,201.15,69879200
2026-02-18,202.07,206.86,201.51,204.79,51003299
2026-02-19,203.8,205.6396,202.81,204.86,35669611
2026-02-20,204.76,211.17,203.75,210.11,65881611
2026-02-23,208.095,208.43,203.11,205.27,53581508
2026-02-24,205.47,210.36,203.25,208.56,41137200
2026-02-25,210.46,211.59,208.93,210.64,41346400
2026-02-26,210.73,211.05,205.345,207.92,47531800
2026-02-27,206.83,210.33,205.2,210,57191213
2026-03-02,204.55,209.73,203.46,208.39,46001010
2026-03-03,203.1,209.178,202.48,208.63,43184918
2026-03-04,210.47,217.54,210.15,216.82,54731101
2026-03-05,215.98,220.47,215.59,218.86,60943447
2026-03-06,214.99,217.32,212.53,213.12,51152716
2026-03-09,210.45,213.82,207.11,213.42,54642926
2026-03-10,214.19,215.65,212.43,214.34,35678834
2026-03-11,215.705,217,211.35,212.65,34199303
2026-03-12,210.39,211.71,208.15,209.53,44349501
2026-03-13,209.605,210.56,206.22,207.67,35662137
2026-03-16,208.35,212.724,207.445,211.74,42209316
2026-03-17,212.82,215.7,212.43,215.2,44969943
2026-03-18,213.925,215.1401,208.825,209.87,37846642
2026-03-19,207.06,209.12,206.05,208.76,36440622
2026-03-20,207.4,207.54,204.316,205.37,63694603
2026-03-23,209.79,212.8,209.51,210.14,44277356
2026-03-24,207.95,209.35,206.64,207.24,35351425
2026-03-25,211.56,213.07,209.9,211.71,36388791
2026-03-26,210.61,212.885,207.12,207.54,46745978
2026-03-27,206.455,206.6,199.14,199.34,56009764
2026-03-30,201.48,203.8,199.9802,200.95,46373797
2026-03-31,204.845,210.28,204.14,208.27,58470079
2026-04-01,210.435,213.58,208.19,210.57,45955395
2026-04-02,206.54,212.2125,204.9,209.77,31453039
2026-04-06,209.795,212.95,209.59,212.79,25385495
2026-04-07,211.24,213.97,209.075,213.77,28154557
2026-04-08,223.79,226.1,219.62,221.25,51092698
2026-04-09,225.232,233.8,223.27,233.65,65964171
2026-04-10,235.295,240.43,235.21,238.38,56912842
2026-04-13,237.45,240,235.75,239.89,42166150
2026-04-14,241.78,252.18,241.78,249.02,72685026
2026-04-15,249.25,250.44,247.2,248.5,43045160
2026-04-16,248.51,250,244.2,249.7,41895711
2026-04-17,254.985,256.18,250.11,250.56,52029291
2026-04-20,249.19,250.18,245.365,248.28,39463106
2026-04-21,255.09,255.09,249.1,249.91,42922398
2026-04-22,252.44,255.94,250.33,255.36,36065067
2026-04-23,255.39,258.79,253.07,255.08,39091394
2026-04-24,259.98,264.5,257.685,263.99,53777353
2026-04-27,263.46,264.15,260.34,261.12,44906840
2026-04-28,258.39,261.03,256.63,259.7,42204447
2026-04-29,257.99,265.91,257.7,263.04,72367910
2026-04-30,273.17,273.88,256.16,265.06,100974867
2026-05-01,265.58,273.315,262.74,268.26,50825231
2026-05-04,268.795,276.1,268.795,272.05,49083734
2026-05-05,276.075,278.56,272.38,273.55,41908529
2026-05-06,272.89,277.8,272.2076,274.99,44551955
2026-05-07,275.02,276.63,270.49,271.17,35892880
2026-05-08,271.63,274,269.95,272.68,34732681
2026-05-11,269.835,273.63,268.48,268.99,38176696
2026-05-12,266.71,267.65,262.63,265.82,36776221
2026-05-13,264.43,270.72,263.2,270.13,39670915
2026-05-14,269.15,270.7799,266.63,267.22,31338435
2026-05-15,262.5,264.355,260.8901,264.14,40770344
2026-05-18,263.865,268.85,262.53,264.86,33690787
2026-05-19,262.04,262.25,255.19,259.34,40340698
2026-05-20,260.05,265.58,259.533,265.01,34933152
2026-05-21,263.5,269.4899,261.37,268.46,36591743
2026-05-22,268.655,269.785,266.235,266.32,27535526
2026-05-26,267.94,269.3,262.07,265.29,38028118
2026-05-27,266.15,272.41,265.7001,271.85,40061864
2026-05-28,272.27,274.5,267.44,274,40630385
2026-05-29,271.29,274.75,269.64,270.64,54749561
2026-06-01,266.285,266.63,260.7,261.26,53604380
2026-06-02,257.16,261.2025,254.37,256.52,41810982
2026-06-03,254.7,257.09,247.71,250.02,51394191
2026-06-04,253.12,255.83,251.75,253.79,35609769
2026-06-05,254.255,256.38,245.78,246.03,55607844
