Date,Open,High,Low,Close,Volume
2016-06-06,36.7916,36.7916,36.283,36.3712,20458235
2016-06-07,36.5311,36.7024,36.408,36.4225,16379563
2016-06-08,36.8415,37.0562,36.6553,37.0123,22021281
2016-06-09,36.7204,37.0622,36.692,36.9919,12431522
2016-06-10,36.6646,36.8484,36.3936,36.5271,24933098
2016-06-13,36.3592,36.8165,36.3592,36.4618,14990244
2016-06-14,36.3338,36.6671,36.1938,36.5301,17608883
2016-06-15,36.6133,36.7149,36.4334,36.4772,14688374
2016-06-16,36.2665,36.3876,35.6477,36.0817,30634612
2016-06-17,35.9393,35.9393,34.9294,35.0858,60871949
2016-06-20,35.3872,35.6642,35.1431,35.179,25140788
2016-06-21,35.3743,35.6399,35.1058,35.316,23873190
2016-06-22,35.5735,35.5815,35.1665,35.4127,20429732
2016-06-23,35.3992,35.6144,34.8861,35.6144,27761374
2016-06-24,34.3838,35.1226,34.1218,34.1402,61831395
2016-06-27,34.0012,34.0429,33.5115,33.934,45623913
2016-06-28,34.4436,34.5119,34.1188,34.4381,26019582
2016-06-29,34.5877,34.8487,34.5092,34.634,39323998
2016-06-30,34.7565,35.0614,34.6196,35.0494,29440599
2016-07-01,35.1276,35.4978,35.0594,35.3842,21548613
2016-07-05,35.1231,35.2781,34.8302,35.1172,25072060
2016-07-06,34.8656,35.5212,34.8237,35.3205,18340746
2016-07-07,35.3773,35.3803,34.9069,35.2353,12874442
2016-07-08,35.3997,35.7654,35.2776,35.7594,21003946
2016-07-11,35.8411,36.3148,35.8134,36.2207,20543503
2016-07-12,36.4638,36.6471,36.2437,36.4932,16827240
2016-07-13,36.6431,36.6431,36.3194,36.3422,13431093
2016-07-14,36.5644,36.6741,36.3975,36.6561,12467713
2016-07-15,36.9162,36.9162,36.5994,36.6486,23973151
2016-07-18,36.7623,37.6204,36.6925,37.524,35957257
2016-07-19,37.3581,37.6928,37.2893,37.5344,21425629
2016-07-20,37.5663,37.8947,37.5663,37.7173,18577542
2016-07-21,37.7133,37.7705,37.4403,37.5843,12724159
2016-07-22,37.7293,37.8353,37.4969,37.8268,14242624
2016-07-25,37.7472,37.8539,37.5673,37.7392,16765356
2016-07-26,37.7392,37.8258,37.5016,37.7457,16174803
2016-07-27,37.8115,38.0845,37.66,37.9609,20876506
2016-07-28,38.3031,38.3096,37.8175,38.1537,36909758
2016-07-29,39.7415,40.0518,39.3573,39.424,86100415
2016-08-01,39.1914,40.2287,39.1102,39.9169,50217224
2016-08-02,39.7225,39.9711,39.583,39.8614,28206361
2016-08-03,39.6796,39.8326,39.5077,39.7967,18039900
2016-08-04,39.7678,39.8654,39.5527,39.7185,15135268
2016-08-05,39.8609,40.2152,39.7464,40.2007,23382517
2016-08-08,40.1545,40.2341,39.9396,40.116,17572793
2016-08-09,40.0793,40.5197,40.0578,40.2282,20178304
2016-08-10,40.2067,40.3975,40.1789,40.2785,16591267
2016-08-11,40.3771,40.5469,40.1545,40.2641,17243062
2016-08-12,40.1091,40.2137,40.0368,40.2067,14995865
2016-08-15,40.2147,40.4215,40.0563,40.1525,12667956
2016-08-16,40.0298,40.0678,39.7061,39.9149,13801290
2016-08-17,39.8555,40.136,39.6712,40.1255,14566353
2016-08-18,40.1225,40.2541,39.9367,39.9926,15052369
2016-08-19,39.8451,39.9169,39.7001,39.8381,16932199
2016-08-22,39.7813,39.8207,39.573,39.7036,11904017
2016-08-23,39.8794,39.9054,39.6558,39.6856,15857196
2016-08-24,39.6991,39.7788,39.3953,39.5367,17887469
2016-08-25,39.457,39.5924,39.2194,39.422,18094397
2016-08-26,39.4814,39.8257,39.3279,39.5177,22363657
2016-08-29,39.5092,39.7818,39.3733,39.6473,13309734
2016-08-30,39.5008,39.7559,39.3308,39.453,19177710
2016-08-31,39.3373,39.4355,39.2179,39.3498,14978823
2016-09-01,39.456,39.5013,39.1745,39.427,18605623
2016-09-02,39.6199,39.711,39.5197,39.6996,18823330
2016-09-06,39.7753,40.398,39.6279,40.2551,35352152
2016-09-07,40.2506,40.3836,40.0408,40.2536,16339277
2016-09-08,40.1155,40.275,39.9059,39.9971,14854032
2016-09-09,39.7942,39.9426,39.2601,39.2816,30857156
2016-09-12,39.0843,39.8639,39.0335,39.8057,22539593
2016-09-13,39.5571,39.6458,39.0748,39.2936,24009944
2016-09-14,39.2343,39.6727,39.2343,39.3825,16302023
2016-09-15,39.3578,40.037,39.2906,39.9198,25304520
2016-09-16,39.8067,39.8067,39.5377,39.7544,30903704
2016-09-19,39.9109,40.0543,39.5347,39.6259,16236345
2016-09-20,39.8555,39.9926,39.7688,39.8446,13159231
2016-09-21,39.9184,40.15,39.6577,40.0828,24354829
2016-09-22,40.3538,40.8051,40.2396,40.6501,32719824
2016-09-23,40.6099,40.7025,40.4897,40.6009,22711052
2016-09-26,40.3448,40.3577,39.8779,39.9811,17985062
2016-09-27,39.9466,40.5277,39.9466,40.39,18745810
2016-09-28,40.0588,40.3662,39.9941,40.3567,26808070
2016-09-29,40.2157,40.5484,39.8982,39.9871,19158681
2016-09-30,40.0348,40.2586,39.9303,40.0578,23288337
2016-10-03,39.9826,40.0318,39.6677,39.8744,21236687
2016-10-04,40.1046,40.1794,39.8391,39.9946,20997141
2016-10-05,40.1545,40.279,39.8909,39.9169,16651686
2016-10-06,40.0588,40.2014,39.8809,40.0089,16004789
2016-10-07,40.151,40.1515,39.6971,39.8909,21643697
2016-10-10,40.0513,40.7213,39.9671,40.5719,24632532
2016-10-11,40.5614,40.8449,40.2227,40.3323,24052236
2016-10-12,40.4514,40.5779,40.2817,40.442,14604913
2016-10-13,40.158,40.1823,39.7867,40.0588,23306824
2016-10-14,40.2267,40.3582,39.9711,40.0847,15833651
2016-10-17,40.154,40.5277,40.0463,40.1963,14325423
2016-10-18,40.5634,41.2908,40.5197,40.9261,31012517
2016-10-19,41.077,41.3406,41.0116,41.2052,24151896
2016-10-20,41.2285,41.2737,40.8793,40.9331,17996302
2016-10-21,40.8519,41.0656,40.7677,41.0542,27807380
2016-10-24,41.3546,41.7457,41.3023,41.6361,28218846
2016-10-25,41.7735,41.7735,41.116,41.2779,37077403
2016-10-26,41.2067,41.236,40.6701,40.9566,34927056
2016-10-27,41.0018,41.1797,40.5834,40.7198,44808829
2016-10-28,41.3471,41.7985,40.7025,40.83,85941059
2016-10-31,40.973,40.9829,40.2541,40.3488,45016178
2016-11-01,40.397,40.5509,39.7688,40.1285,47288606
2016-11-02,40.1923,40.1923,39.1082,39.2786,47185153
2016-11-03,39.0833,39.3573,38.7909,38.9682,43662027
2016-11-04,38.4258,39.2816,38.411,38.9139,39554932
2016-11-07,39.6039,40.1046,39.5018,39.9566,38983970
2016-11-08,39.9566,40.6546,39.8366,40.4524,32646940
2016-11-09,39.9466,40.439,39.4587,40.134,61391767
2016-11-10,40.3538,40.3567,38.2826,38.8736,116366055
2016-11-11,38.7002,38.7241,38.1387,38.4481,71487292
2016-11-14,38.4486,38.4496,37.0452,37.5249,74032887
2016-11-15,38.1352,38.8711,38.1228,38.618,59091217
2016-11-16,38.3818,39.0335,38.1781,38.8582,35789491
2016-11-17,38.9836,39.3026,38.8517,39.166,29959935
2016-11-18,39.2164,39.4215,38.6275,38.6583,35282882
2016-11-21,38.7645,39.1854,38.6748,39.1287,29454469
2016-11-22,39.3071,39.5452,39.0455,39.1082,27671911
2016-11-23,39.3333,39.3333,38.493,38.8092,25839893
2016-11-25,38.9891,39.0036,38.769,38.8667,10828633
2016-11-28,38.777,39.8426,38.7645,39.1476,47584595
2016-11-29,39.2766,39.6781,39.1252,39.3294,30257289
2016-11-30,39.3125,39.4325,38.5176,38.6538,43283219
2016-12-01,38.7869,38.7894,37.5319,38.0785,56509954
2016-12-02,37.9574,38.3858,37.813,38.085,33509315
2016-12-05,38.3609,38.8592,38.2098,38.7705,33117761
2016-12-06,38.8687,39.1222,38.5263,38.6688,33650867
2016-12-07,38.8567,39.457,38.5368,39.4305,39727556
2016-12-08,39.5042,39.8057,39.2529,39.6134,29293769
2016-12-09,39.8207,40.3513,39.7584,40.3263,36760338
2016-12-12,40.0956,40.421,40.0813,40.2204,28268245
2016-12-13,40.4727,41.0661,40.4504,40.6197,41180845
2016-12-14,40.6486,41.0641,40.4922,40.7468,33428323
2016-12-15,40.7203,41.0013,40.4534,40.6351,33943925
2016-12-16,40.7677,40.812,40.2601,40.3458,44649534
2016-12-19,40.3178,40.6636,40.0798,40.4787,22222387
2016-12-20,40.5217,40.6771,40.4035,40.6128,24209003
2016-12-21,40.6386,40.6386,40.1096,40.4632,28855747
2016-12-22,40.3089,40.407,40.156,40.3378,22015018
2016-12-23,40.2546,40.402,40.1101,40.2441,15068126
2016-12-27,40.2879,40.6526,40.1445,40.3503,18995331
2016-12-28,40.5197,40.5197,39.9771,40.0833,23279967
2016-12-29,39.9716,40.142,39.7631,39.9966,20037475
2016-12-30,40.0154,40.0191,39.3383,39.4795,34843434
2017-01-03,39.8864,40.4252,39.7006,40.2546,38793662
2017-01-04,40.3483,40.5247,40.0603,40.2426,29841527
2017-01-05,40.2292,40.54,40.1505,40.5042,26195859
2017-01-06,40.6024,41.2983,40.4285,41.1115,39660112
2017-01-09,41.1692,41.3715,40.9326,41.2097,27405870
2017-01-10,41.2042,41.3207,41.0083,41.1513,22314239
2017-01-11,41.1817,41.3451,40.9251,41.3431,24450174
2017-01-12,41.2694,41.369,40.9022,41.3267,25405243
2017-01-13,41.4,41.5818,41.3262,41.3965,22016624
2017-01-17,41.3501,41.3591,41.0113,41.2236,24113437
2017-01-18,41.3401,41.3406,41.0552,41.3013,19309947
2017-01-19,41.3003,41.4996,41.0493,41.0695,21184900
2017-01-20,41.3048,41.3123,41.081,41.2589,24627916
2017-01-23,41.4303,42.1244,41.2854,42.069,48574872
2017-01-24,42.196,42.4222,41.9619,42.3231,33061679
2017-01-25,42.5234,42.7847,42.3336,42.7675,32461049
2017-01-26,42.7974,42.8915,42.3723,42.6943,52425039
2017-01-27,42.7949,43.1934,41.9429,42.099,74506598
2017-01-30,41.7018,41.7103,40.9032,41.0428,68877606
2017-01-31,40.827,41.0048,40.5232,40.8614,39256454
2017-02-01,41.0513,41.0513,40.4657,40.6148,44137344
2017-02-02,40.6029,41.079,40.456,40.7652,32253841
2017-02-03,41.0078,41.1572,40.8195,40.8584,30672689
2017-02-06,40.8977,40.971,40.5674,40.9326,25104939
2017-02-07,41.126,41.4457,41.0447,41.3118,32601557
2017-02-08,41.3765,41.5619,41.1065,41.3441,24231122
2017-02-09,41.4363,41.4487,41.1757,41.3531,23353673
2017-02-10,41.4971,41.7063,41.3755,41.5916,27954230
2017-02-13,41.7338,41.9348,41.6614,41.7965,24586446
2017-02-14,41.8369,41.9479,41.6406,41.8527,19689358
2017-02-15,41.789,41.9365,41.6601,41.7148,26157561
2017-02-16,41.7735,41.9823,41.7118,41.9564,18483000
2017-02-17,41.9136,42.194,41.8374,42.1747,28235747
2017-02-21,42.2464,42.4561,42.1747,42.3101,23654881
2017-02-22,42.2469,42.5354,42.1827,42.4143,23949284
2017-02-23,42.4003,42.477,41.9728,42.3963,25312970
2017-02-24,42.2294,42.2649,41.9958,42.2374,26260051
2017-02-27,42.095,42.3798,41.9983,42.3301,19696062
2017-02-28,42.2144,42.2881,41.9202,42.094,25566606
2017-03-01,42.4153,42.745,42.2976,42.6758,33199215
2017-03-02,42.6608,42.6698,42.2827,42.3391,24432771
2017-03-03,42.2936,42.3873,42.0827,42.3006,19973343
2017-03-06,42.1901,42.2936,41.9066,42.2104,20312127
2017-03-07,42.2099,42.5124,42.1232,42.4038,19612741
2017-03-08,42.5019,42.6918,42.4088,42.5279,19984403
2017-03-09,42.5304,42.8801,42.4795,42.737,24904515
2017-03-10,42.9792,43.0554,42.7255,42.9146,26029217
2017-03-13,43.1277,43.1999,42.8856,43.0728,23416681
2017-03-14,43.0315,43.2224,42.8512,43.1392,21310814
2017-03-15,43.2402,43.3368,42.9091,43.2626,26754336
2017-03-16,43.3693,43.4779,43.2194,43.3428,22169115
2017-03-17,43.5262,43.5631,43.2616,43.461,33800106
2017-03-20,43.3171,43.3598,43.077,43.2388,30955792
2017-03-21,43.3458,43.5157,42.2313,42.3535,50943568
2017-03-22,42.3206,42.6131,42.197,42.3366,27434072
2017-03-23,41.9176,41.9325,41.4996,41.8309,65991742
2017-03-24,41.9479,42.0475,41.3053,41.6066,39682493
2017-03-27,41.2549,41.9171,41.0661,41.774,37647784
2017-03-28,41.8329,42.1172,41.4629,41.8797,29639176
2017-03-29,41.9853,42.4254,41.9171,42.3401,27741060
2017-03-30,42.4452,42.4462,42.1857,42.3206,18398917
2017-03-31,42.1886,42.3246,42.1096,42.2369,26513747
2017-04-03,42.2841,42.7949,42.2234,42.6828,39530825
2017-04-04,42.2469,42.4959,42.2221,42.4745,26677559
2017-04-05,42.5811,42.8741,42.2229,42.2921,35468111
2017-04-06,42.3216,42.5254,42.0475,42.1022,26393292
2017-04-07,42.0975,42.1412,41.7138,41.9529,22312793
2017-04-10,41.9251,42.184,41.8877,41.933,19151053
2017-04-11,41.933,42.079,41.5793,41.8423,19557501
2017-04-12,41.7715,42.0336,41.7283,41.9211,20389567
2017-04-13,41.9001,42.0341,41.7412,41.8572,20584671
2017-04-17,41.9171,42.6275,41.8996,42.6021,20171118
2017-04-18,42.473,42.7147,42.4088,42.5452,18622685
2017-04-19,42.7144,42.8547,42.5223,42.6708,20923254
2017-04-20,42.8317,43.0405,42.72,42.8492,21327153
2017-04-21,42.8756,42.9663,42.7315,42.7925,21730711
2017-04-24,43.2651,43.8392,43.1491,43.7877,33970581
2017-04-25,43.9536,44.4514,43.8052,44.2816,40816188
2017-04-26,44.4085,44.4882,44.0977,44.2964,26519910
2017-04-27,44.3393,44.5075,44.1987,44.411,46343774
2017-04-28,46.2822,46.6261,45.9943,46.059,77195972
2017-05-01,46.0405,46.6221,45.8737,46.4725,46701506
2017-05-02,46.4949,46.9789,46.3818,46.6853,35115497
2017-05-03,46.6334,47.3383,46.5916,47.2511,36576454
2017-05-04,47.3428,47.7837,47.1974,47.5636,38900629
2017-05-05,47.6633,47.749,47.2339,47.3423,32428090
2017-05-08,47.2014,47.8759,47.1986,47.7613,37642143
2017-05-09,47.8929,47.9362,47.5476,47.6618,33857734
2017-05-10,47.6383,47.6628,47.3205,47.5696,23000538
2017-05-11,47.3927,47.7265,47.2591,47.6218,20695030
2017-05-12,47.7195,47.726,47.431,47.5846,24380341
2017-05-15,47.592,47.9611,47.4689,47.7877,26737917
2017-05-16,48.0035,48.1204,47.8441,48.0563,22078387
2017-05-17,47.8117,47.8759,46.8332,46.9383,49117773
2017-05-18,46.9896,47.5366,46.8935,47.3533,36139837
2017-05-19,47.4689,47.8047,47.428,47.5601,27294427
2017-05-22,47.6772,48.0667,47.6553,48.0294,27798588
2017-05-23,48.3228,48.5495,48.0508,48.3523,31010670
2017-05-24,48.5869,48.7292,48.406,48.704,22840198
2017-05-25,48.7732,49.6091,48.7145,49.4139,39198224
2017-05-26,49.4208,49.6396,49.1897,49.4842,32763120
2017-05-30,49.4457,49.7008,49.389,49.6286,30441013
2017-05-31,49.6306,49.7994,48.9066,49.1762,34640280
2017-06-01,49.369,49.4777,48.8874,49.2361,26198428
2017-06-02,49.251,49.644,49.1752,49.6261,34808990
2017-06-05,49.7143,50.1881,49.5927,50.0128,27659104
2017-06-06,49.9843,50.2483,49.5604,49.654,31129078
2017-06-07,49.7606,50.0143,49.6106,49.8986,27545494
2017-06-08,50.0301,50.0984,49.651,50.0326,33750125
2017-06-09,50.093,50.0935,47.4964,48.3308,73125369
2017-06-12,47.7628,48.2251,46.6705,47.9168,84253223
2017-06-13,48.4265,48.7189,47.9268,48.3498,40229208
2017-06-14,48.5988,48.8081,47.8022,48.2216,30104879
2017-06-15,47.2299,47.8603,46.8487,47.8357,47558842
2017-06-16,47.7225,47.8242,47.2636,47.758,51103626
2017-06-19,48.3073,48.7882,48.2351,48.5849,29427351
2017-06-20,48.5893,48.8624,48.2351,48.2746,26034416
2017-06-21,48.3642,48.8066,48.283,48.7527,23316358
2017-06-22,48.667,48.8479,48.49,48.6546,20089322
2017-06-23,48.5988,49.1528,48.547,49.1264,31057861
2017-06-26,49.3213,49.5199,48.3413,48.429,30444365
2017-06-27,47.9064,48.1864,47.1834,47.2334,49013758
2017-06-28,47.3613,47.988,46.6388,47.8769,54978482
2017-06-29,47.3957,47.4112,46.3121,46.7216,64299369
2017-06-30,47.029,47.0793,46.3126,46.3126,45865907
2017-07-03,46.4924,46.5433,45.6001,45.8069,34019097
2017-07-05,46.043,46.6453,45.7656,46.4447,41985431
2017-07-06,46.083,46.6378,45.8264,46.2169,40425035
2017-07-07,46.381,47.0625,46.3216,46.8706,32704247
2017-07-10,46.9274,47.4844,46.9274,47.3783,28974857
2017-07-11,47.3543,47.5721,47.0852,47.5043,29317916
2017-07-12,47.8694,48.3063,47.6792,48.2083,32115300
2017-07-13,48.3647,48.7582,48.0657,48.2676,30577967
2017-07-14,48.5241,48.7005,48.3323,48.669,21617643
2017-07-17,48.6397,48.9899,48.3647,48.6218,33237895
2017-07-18,48.4922,49.3635,48.4265,49.1692,28339361
2017-07-19,49.3218,49.6002,49.1722,49.4592,28110997
2017-07-20,49.67,49.7537,49.0532,49.4302,28423746
2017-07-21,49.2713,49.5758,49.0308,49.5125,29337928
2017-07-24,49.5254,50.1278,49.3348,49.7352,78585993
2017-07-25,48.3598,48.6601,48.016,48.2766,119032546
2017-07-26,48.4633,48.5216,47.8381,48.0912,44413722
2017-07-27,48.284,48.3008,46.6838,47.4535,74505915
2017-07-28,47.2284,47.9158,47.0947,47.737,36405878
2017-07-31,47.8267,47.886,46.9161,47.1042,45984135
2017-08-01,47.2194,47.5521,47.0773,47.1571,26640666
2017-08-02,47.2472,47.2836,46.4576,47.2109,40914583
2017-08-03,47.2836,47.3284,46.8024,46.8452,22549027
2017-08-04,47.0195,47.2059,46.82,47.1187,25177661
2017-08-07,47.2049,47.2766,47.0046,47.1167,28988486
2017-08-08,47.044,47.4525,46.9538,47.039,30112325
2017-08-09,46.753,47.0175,46.5274,46.8342,28065914
2017-08-10,46.5811,46.6458,45.9224,46.0128,54287386
2017-08-11,46.0188,46.4994,45.8946,46.3365,32443747
2017-08-14,46.7839,46.8821,46.5554,46.777,23075930
2017-08-15,46.8816,46.9832,46.6628,46.7345,22153859
2017-08-16,46.8925,47.3235,46.8322,47.043,26965238
2017-08-17,46.9773,47.02,46.2144,46.2154,33599080
2017-08-18,46.1816,46.3828,46.0058,46.1417,26809034
2017-08-21,46.1212,46.2449,45.7641,45.8772,26092225
2017-08-22,46.1806,46.928,46.1412,46.8502,35321300
2017-08-23,46.6808,47.1004,46.5931,46.9588,22744493
2017-08-24,47.015,47.1447,46.369,46.6753,25975985
2017-08-25,46.7909,46.8666,46.337,46.357,23777745
2017-08-28,46.4257,46.5736,46.1382,46.2389,20990036
2017-08-29,45.8314,46.74,45.7995,46.6186,23251303
2017-08-30,46.6146,47.1222,46.5339,47.011,22470563
2017-08-31,47.1442,47.6868,47.1417,47.5895,33965624
2017-09-01,47.7005,47.7435,47.3423,47.4275,20929316
2017-09-05,47.1719,47.3974,46.6111,46.9039,29279578
2017-09-06,47.023,47.0545,46.4655,46.9309,27925165
2017-09-07,47.042,47.3531,46.7073,47.323,22406452
2017-09-08,47.3135,47.3633,46.8307,46.8776,20068146
2017-09-11,47.1889,47.4619,46.8801,46.9941,26821780
2017-09-12,47.1749,47.2332,46.7058,47.1614,25772952
2017-09-13,47.1042,47.4704,47.0664,47.3503,21974070
2017-09-14,47.1292,47.2304,46.7483,46.8367,28596711
2017-09-15,46.8347,46.9174,46.3943,46.5956,39273255
2017-09-18,46.5816,46.6738,46.103,46.3196,29230019
2017-09-19,46.5019,46.7275,46.1657,46.6738,24736106
2017-09-20,46.7171,47.3284,46.7058,47.2059,38599702
2017-09-21,47.2353,47.4679,46.7994,47.2064,27080434
2017-09-22,46.9683,47.3284,46.8719,46.9926,21563527
2017-09-25,46.8029,46.8177,46.0585,46.5453,37544390
2017-09-26,46.6653,47.0335,46.5871,46.7023,33549199
2017-09-27,46.9668,48.0972,46.9274,47.8217,46815477
2017-09-28,47.6398,48.1345,47.6049,48.0662,28109612
2017-09-29,48.1255,48.6143,48.1255,48.4922,40743024
2017-10-02,48.6063,48.7105,47.9238,48.1988,30844470
2017-10-03,48.2033,48.4464,47.9613,48.4285,21755541
2017-10-04,48.4125,48.544,48.1062,48.1644,21202001
2017-10-05,48.4638,49.1474,48.3383,49.0815,35722429
2017-10-06,48.8229,49.5334,48.7487,49.5025,31156678
2017-10-09,49.5703,49.8424,49.396,49.4362,25994010
2017-10-10,49.5852,49.6933,48.8784,49.2116,23351003
2017-10-11,49.2733,50.1965,49.2186,50.1009,36395721
2017-10-12,50.0108,50.3943,49.8741,50.1009,30918658
2017-10-13,50.2733,50.5547,50.1711,50.2115,26639461
2017-10-16,50.2992,50.4172,49.8951,50.2852,21464770
2017-10-17,50.1901,50.5448,50.1208,50.3674,20211664
2017-10-18,50.3699,50.6319,50.0845,50.4542,25667310
2017-10-19,50.056,50.1841,49.6849,49.9111,33774975
2017-10-20,50.1706,50.2503,49.9326,50.072,32220018
2017-10-23,50.0775,50.1078,48.9774,49.099,32873258
2017-10-24,49.1469,49.2843,48.6775,49.246,28882985
2017-10-25,49.1354,49.5419,48.7096,49.394,28066978
2017-10-26,49.7432,50.1437,49.3445,49.392,47277486
2017-10-27,51.3633,52.9889,51.1874,51.4969,104033309
2017-10-30,51.2721,51.8037,50.9318,51.4699,46973107
2017-10-31,51.4634,51.862,51.1297,51.4654,30435493
2017-11-01,51.6288,52.2037,51.5133,51.9417,43418287
2017-11-02,51.8117,52.0872,51.2472,51.9602,26790708
2017-11-03,51.9492,52.3433,51.6951,52.3098,27869886
2017-11-06,52.2656,52.4394,51.9118,51.9457,18345343
2017-11-07,52.2929,52.4803,51.9616,52.4294,26171170
2017-11-08,52.3128,52.9426,52.1634,52.7234,24377431
2017-11-09,52.2107,52.3542,51.6054,52.1968,36009948
2017-11-10,52.005,52.1424,51.873,52.0189,19480323
2017-11-13,51.852,52.2476,51.7753,51.872,18870420
2017-11-14,51.6986,51.9268,51.2806,51.8939,21083754
2017-11-15,51.5631,51.7937,51.3518,51.6333,18153610
2017-11-16,51.75,52.398,51.7125,52.2341,22834899
2017-11-17,52.3004,52.3602,51.4998,51.5965,26784606
2017-11-20,51.6128,51.7475,51.4475,51.5461,17587787
2017-11-21,51.8142,52.3298,51.7693,52.3253,21695825
2017-11-22,52.3681,52.5808,52.1734,52.406,14581287
2017-11-24,52.5291,52.812,52.406,52.6352,16567220
2017-11-27,52.7373,53.4582,52.548,53.4069,35552957
2017-11-28,53.5055,53.8049,52.5366,52.9725,36537614
2017-11-29,52.6183,52.7472,51.2966,51.6816,56010951
2017-11-30,51.8092,52.0185,51.3175,51.6213,44832374
2017-12-01,51.3344,51.6752,50.6613,51.0684,37478894
2017-12-04,51.2044,51.3807,50.2788,50.4107,38905988
2017-12-05,50.367,51.6468,49.935,50.7959,39120925
2017-12-06,50.6424,51.7912,50.5821,51.4495,27713561
2017-12-07,51.6163,52.2566,51.5811,52.0399,30953624
2017-12-08,52.4005,52.6302,52.1042,52.2794,29948393
2017-12-11,52.3657,52.6093,52.0175,52.414,23324066
2017-12-12,52.3103,52.9331,52.0547,52.2491,33978731
2017-12-13,52.414,52.5833,52.1399,52.3796,27779058
2017-12-14,52.5838,53.1613,52.4897,52.6825,31023497
2017-12-15,52.9969,53.5683,52.813,53.4065,63929393
2017-12-18,53.6281,54.1283,53.3252,54.0585,30363212
2017-12-19,53.9554,54.0531,53.4198,53.7696,25925924
2017-12-20,53.8508,53.8667,53.237,53.4841,28818613
2017-12-21,53.5753,53.6814,53.2569,53.3491,25043417
2017-12-22,53.3068,53.3925,53.1891,53.25,17770045
2017-12-26,53.239,53.25,52.7408,53.1,18431675
2017-12-27,53.1374,53.2206,52.7279,52.8185,22398764
2017-12-28,52.9206,53.0497,52.4788,52.6068,19950963
2017-12-29,52.5838,52.7115,52.4449,52.4798,23677101
2018-01-02,52.4608,53.6047,52.4608,53.4782,31868649
2018-01-03,53.5025,54.6071,53.4777,54.3789,31419286
2018-01-04,54.6564,55.0046,54.5154,54.6021,26144393
2018-01-05,54.9733,55.4779,54.891,55.314,30348217
2018-01-08,55.3494,55.7559,55.2995,55.5093,24716195
2018-01-09,55.72,55.72,55.2099,55.4386,26898517
2018-01-10,55.15,55.4381,54.9996,55.3065,20802438
2018-01-11,55.4146,55.5411,55.1242,55.4017,22495393
2018-01-12,55.3045,56.3607,55.2004,56.3283,38679831
2018-01-16,56.8095,57.2365,56.1295,56.3308,36192045
2018-01-17,56.6128,56.7602,55.9716,56.7493,27884980
2018-01-18,56.7617,56.8235,56.0204,56.5933,27540396
2018-01-19,56.696,56.9824,56.4204,56.9685,29394774
2018-01-22,56.9844,58.1333,56.8848,57.9978,29635021
2018-01-23,58.3196,58.7126,58.1517,58.5961,39106854
2018-01-24,59.035,59.1381,58.1591,58.353,37051490
2018-01-25,58.8223,59.036,58.3803,58.8935,29841447
2018-01-26,59.162,59.1635,58.1905,59.1635,42174936
2018-01-29,59.1855,59.6836,58.9891,59.1098,31522579
2018-01-30,58.6734,59.182,58.5134,58.6559,36472980
2018-01-31,58.9767,59.1018,58.3933,58.8975,35959746
2018-02-01,58.5872,59.158,58.2568,58.8661,73089459
2018-02-02,56.1674,56.3607,55.3579,55.7578,117107613
2018-02-05,54.8318,55.5481,52.6462,52.9521,83348535
2018-02-06,51.5123,54.1724,51.3145,54.0256,76908273
2018-02-07,54.0526,54.1303,52.5405,52.5798,51928385
2018-02-08,52.8021,53.0044,50.0745,50.2035,66852331
2018-02-09,51.1087,52.3961,49.67,52.1246,98625496
2018-02-12,52.6427,53.0861,52.0857,52.5759,56303729
2018-02-13,52.3103,52.8694,52.1569,52.5201,31634805
2018-02-14,52.5256,53.5793,52.3004,53.4413,41433819
2018-02-15,53.9768,54.5074,53.1688,54.3709,37315042
2018-02-16,54.4715,55.2153,54.3804,54.5772,40007547
2018-02-20,54.4407,55.6129,54.3032,54.9802,33863615
2018-02-21,55.2547,56.6048,55.1755,55.4864,41589160
2018-02-22,55.7563,56.0697,55.058,55.2945,28076954
2018-02-23,55.731,56.2461,55.2218,56.2007,25353256
2018-02-26,56.3886,56.9934,56.2631,56.9784,30174891
2018-02-27,56.9784,57.0059,55.6378,55.6736,43118925
2018-02-28,55.8973,56.1789,54.9508,54.9966,49471069
2018-03-01,55.2766,55.3629,53.1718,53.377,55537722
2018-03-02,52.708,54.1482,52.3158,54.0112,50344745
2018-03-05,53.7117,54.8601,53.4198,54.5402,28751229
2018-03-06,54.906,55.0818,54.5274,54.8461,23466119
2018-03-07,54.4437,55.6084,54.2987,55.5506,30860046
2018-03-08,55.6583,56.3676,55.6583,56.2651,33985415
2018-03-09,56.7692,57.8404,56.5096,57.8324,42816393
2018-03-12,58.0421,58.6952,57.7507,58.0859,44466694
2018-03-13,58.3798,58.6872,56.5236,56.7897,43296366
2018-03-14,57.0831,57.7785,56.9112,57.237,42021421
2018-03-15,57.2709,57.9151,56.5779,57.3226,33502892
2018-03-16,57.5588,57.6316,56.3637,56.5161,58867810
2018-03-19,55.6861,55.7663,54.2493,54.8048,63886679
2018-03-20,54.7216,55.0778,53.9256,54.5921,54795060
2018-03-21,54.4312,55.2347,54.1641,54.5024,45060057
2018-03-22,53.8054,54.0003,52.2924,52.4673,69563423
2018-03-23,52.3786,53.1464,51.0585,51.1422,50060237
2018-03-26,52.3403,52.7722,50.3465,52.5141,66222215
2018-03-27,53.0029,53.0347,49.7008,50.1652,61036644
2018-03-28,49.9146,51.0644,49.0223,50.0775,77980526
2018-03-29,50.3779,52.2132,50.0206,51.6698,69588875
2018-04-02,51.1954,51.7887,49.5329,50.4487,65303617
2018-04-03,50.624,51.0649,49.6822,50.75,51508970
2018-04-04,49.7312,51.4504,49.6455,51.2995,50907839
2018-04-05,52.1305,52.1464,51.015,51.4455,35965126
2018-04-06,50.9703,51.6128,50.1307,50.3151,40279148
2018-04-09,50.8178,52.0409,50.7759,50.8203,33340666
2018-04-10,51.3269,51.8725,50.5871,51.6378,36866722
2018-04-11,51.0679,51.6064,50.7914,51.0679,33118604
2018-04-12,51.3872,52.0439,51.1172,51.6771,33015130
2018-04-13,52.1554,52.4588,51.3215,51.6148,25501330
2018-04-16,52.0887,52.3816,51.5093,52.1161,29884382
2018-04-17,52.8684,54.0541,52.6635,53.7731,54781812
2018-04-18,53.7557,53.9046,53.3326,53.5753,31238794
2018-04-19,53.2579,54.6773,53.2579,54.2758,40029526
2018-04-20,54.0176,54.5397,53.4113,53.6714,42587666
2018-04-23,53.9534,54.2035,53.1414,53.4965,69842190
2018-04-24,52.7687,53.0322,50.4601,50.9473,128685573
2018-04-25,51.3015,51.6163,50.6668,50.9648,58070691
2018-04-26,51.4744,52.411,50.8382,51.977,51111254
2018-04-27,52.0882,52.3951,51.1939,51.3862,40892965
2018-04-30,50.745,51.731,50.7311,50.745,34617679
2018-05-01,50.6314,51.8984,50.348,51.8495,35453177
2018-05-02,51.5133,52.0105,50.9733,51.1172,34823221
2018-05-03,51.0833,51.3484,50.2125,51.1297,39423718
2018-05-04,50.7964,52.404,50.7186,52.3602,37025737
2018-05-07,52.5041,53.0577,52.3238,52.7817,34524121
2018-05-08,53.0387,53.0691,52.3921,52.7383,26124843
2018-05-09,53.0128,54.5024,52.9137,54.2508,47330538
2018-05-10,54.5522,55.2702,54.4964,55.0738,36545522
2018-05-11,54.8218,55.2502,54.6629,54.9698,30614941
2018-05-14,55.0788,55.7056,55.0405,55.1302,39480463
2018-05-15,54.6469,54.7575,53.7442,54.0476,35868075
2018-05-16,54.0585,54.5214,53.8861,54.0088,25721024
2018-05-17,53.8777,54.353,53.6266,53.8677,25831443
2018-05-18,53.1074,53.4926,53.0417,53.2888,35611609
2018-05-21,53.7552,54.4675,53.7054,54.0048,25271259
2018-05-22,54.2932,54.3928,53.4193,53.5713,22306551
2018-05-23,53.3068,54.2035,53.1553,54.1019,23826019
2018-05-24,54.1487,54.1596,53.4213,54.0765,20678571
2018-05-25,54.1313,54.2817,53.9344,54.0083,22303781
2018-05-29,53.6057,53.8717,52.962,53.2106,36206879
2018-05-30,53.4802,53.7547,53.1349,53.6789,28789628
2018-05-31,53.9046,55.2995,53.7054,54.8013,79654954
2018-06-01,55.4425,56.7025,55.3997,56.545,63431113
2018-06-04,56.7193,57.6839,56.6446,57.4438,44916257
2018-06-05,57.5245,57.8453,57.1658,57.3431,33083939
2018-06-06,57.4303,57.527,56.6108,57.1404,35061020
2018-06-07,57.0222,57.0866,56.1027,56.5161,36238654
2018-06-08,56.3562,56.7333,55.9587,56.4309,27383429
2018-06-11,56.4424,57.1797,56.3656,56.839,24885285
2018-06-12,56.845,57.2301,56.845,57.2021,26186827
2018-06-13,57.4059,57.5733,56.9625,57.0049,34425826
2018-06-14,57.4024,58.0889,57.3221,57.796,35550809
2018-06-15,57.7865,57.9853,57.4761,57.7542,44598911
2018-06-18,57.4263,58.9926,57.3421,58.9653,33158027
2018-06-19,58.2942,58.9269,57.8707,58.7216,47453943
2018-06-20,58.9513,59.8575,58.888,58.9896,51872564
2018-06-21,59.0613,59.3015,57.9639,58.2608,45128544
2018-06-22,58.3634,58.5377,57.773,58.2533,34344111
2018-06-25,57.5415,57.5907,55.7928,56.7583,57891725
2018-06-26,57.0004,57.1364,56.2461,56.4264,34814028
2018-06-27,56.5948,57.1035,55.6333,55.6453,34662521
2018-06-28,55.4186,56.4952,55.1037,56.1355,29841286
2018-06-29,56.411,56.8619,56.1475,56.2556,31676736
2018-07-02,55.5661,56.9431,55.1302,56.8992,23304977
2018-07-03,57.2634,57.2878,55.5202,55.6124,16507505
2018-07-05,56.0269,57.0004,55.9532,56.8584,28697856
2018-07-06,56.8823,57.6012,56.6566,57.5454,21898437
2018-07-09,57.7905,58.1856,57.6525,58.1532,21662264
2018-07-10,58.2882,58.463,57.9181,58.1463,21411418
2018-07-11,57.5723,58.8088,57.5598,58.3615,33373204
2018-07-12,58.5308,59.8824,58.4432,59.846,44308663
2018-07-13,59.9228,60.3034,59.5487,60.0035,32755452
2018-07-16,59.9731,60.2172,59.4545,59.6094,26881837
2018-07-17,58.9234,60.7178,58.8865,60.4349,40308253
2018-07-18,60.2082,60.8589,60.0105,60.4264,39089130
2018-07-19,60.1145,60.6043,59.6701,59.7384,38476818
2018-07-20,59.7454,60.3199,59.6134,59.6776,38105156
2018-07-23,59.5671,60.5356,59.3852,60.3314,65683328
2018-07-24,63.3204,63.5197,61.9824,62.6803,107990703
2018-07-25,62.4048,63.6811,62.2269,63.5666,51695464
2018-07-26,63.1301,64.1375,62.9219,64.0428,54884282
2018-07-27,64.2232,64.3388,62.0002,62.4183,48537116
2018-07-30,62.0276,62.4183,60.9874,61.2799,44055870
2018-07-31,61.3631,61.8364,60.5899,61.1394,39524984
2018-08-01,61.7318,62.07,61.0258,61.4268,37128909
2018-08-02,60.705,61.9957,60.6831,61.8324,34829404
2018-08-03,62.0341,62.1008,61.2489,61.6844,21341967
2018-08-06,61.8562,61.8987,61.3043,61.66,22198501
2018-08-07,62.3743,63.0753,62.3639,62.5652,42659205
2018-08-08,62.609,63.3563,62.3798,62.8387,34497886
2018-08-09,62.9084,63.3683,62.7775,62.9946,27425420
2018-08-10,62.7316,62.8322,62.1328,62.3993,26784485
2018-08-13,62.3341,63.0698,62.1263,62.2065,27717756
2018-08-14,62.3988,62.8018,61.7531,62.6798,28181612
2018-08-15,61.9893,62.3728,61.091,61.3884,37185474
2018-08-16,61.8752,61.9604,60.7613,60.9819,32292621
2018-08-17,60.8813,61.1259,59.9826,60.5729,33212543
2018-08-20,60.8125,61.0741,60.2167,60.8768,22304022
2018-08-21,60.9302,61.4153,60.5321,60.6506,23165534
2018-08-22,60.4917,61.105,60.4419,60.8668,22377467
2018-08-23,60.7737,61.5355,60.7473,60.8375,24756360
2018-08-24,61.0786,61.6465,60.8505,61.6141,24541704
2018-08-27,61.9824,62.6663,61.81,62.5867,28683444
2018-08-28,62.5682,62.6011,61.924,62.068,27429395
2018-08-29,62.5233,63.1296,62.4138,63.0041,37066183
2018-08-30,62.9419,63.2452,62.1353,62.4955,30213511
2018-08-31,62.3843,62.4013,61.0661,61.3676,42461852
2018-09-04,60.9052,61.1717,60.11,60.3467,41607667
2018-09-05,60.2427,60.5241,58.5547,59.7384,54183591
2018-09-06,59.7121,59.7329,57.9704,58.9856,47024292
2018-09-07,58.3883,59.2128,58.2523,58.6669,32782209
2018-09-10,58.9961,59.1187,58.3191,58.5407,27779098
2018-09-11,58.3435,59.3319,58.0869,59.2846,29359807
2018-09-12,58.8865,59.3194,58.0974,58.3684,35846136
2018-09-13,58.7719,59.1785,58.2498,58.8935,40213611
2018-09-14,59.1855,59.1855,58.464,58.6862,24262978
2018-09-17,58.6759,58.8776,57.7138,57.782,34219400
2018-09-18,57.9231,58.8532,57.8617,58.1448,32431161
2018-09-19,58.2369,58.601,57.7217,58.5015,26055793
2018-09-20,58.8203,59.4844,58.6001,59.3633,29355130
2018-09-21,59.5302,59.6129,58.3913,58.3943,91553070
2018-09-24,57.7611,59.0455,57.3671,58.765,31262500
2018-09-25,58.9986,59.6269,58.4925,59.4789,33276374
2018-09-26,59.4689,60.144,59.0559,59.4874,37786966
2018-09-27,59.7833,60.6232,59.6861,60.15,36404533
2018-09-28,59.9871,60.2042,59.6751,60.136,35744288
2018-10-01,60.4309,60.9889,59.9422,60.2082,33307587
2018-10-02,60.1155,61.0049,59.7663,60.1639,40324773
2018-10-03,60.3811,60.4897,59.8904,60.3577,26348892
2018-10-04,60.0338,60.0772,57.9823,58.6409,46744401
2018-10-05,58.5877,58.8865,57.5075,58.1806,31975736
2018-10-08,57.7905,58.5807,56.565,57.5872,46358226
2018-10-09,57.3576,57.8677,57.0019,57.0517,33816706
2018-10-10,56.6148,56.6456,54.3784,54.4107,59193928
2018-10-11,53.7571,55.6014,53.6002,54.34,67940903
2018-10-12,55.7798,56.0882,54.5537,55.8246,49557401
2018-10-15,55.6981,55.8874,54.7127,54.9229,30188159
2018-10-16,55.4729,56.6133,55.3867,56.4494,38516702
2018-10-17,56.7941,57.1429,55.4988,56.1759,35781523
2018-10-18,56.2959,56.413,54.1208,54.6972,46319225
2018-10-19,54.9862,55.845,54.6534,55.0595,41435445
2018-10-22,55.4246,55.882,54.8013,55.3677,27215141
2018-10-23,54.3674,55.6981,53.7557,55.5441,37821712
2018-10-24,55.5486,55.6293,52.5625,52.665,49464566
2018-10-25,53.8199,55.6891,53.5832,54.9802,73220753
2018-10-26,52.2271,55.6483,51.9233,53.9918,106823507
2018-10-29,54.6289,55.2412,50.1781,51.5496,81583720
2018-10-30,50.8163,52.3552,50.5154,52.2859,59985026
2018-10-31,53.2171,55.1999,53.2171,54.332,71173499
2018-11-01,54.3729,54.7964,53.6964,54.1029,40276980
2018-11-02,54.2533,54.7017,53.1901,53.381,43601789
2018-11-05,53.4328,53.4737,51.5133,52.5958,45521825
2018-11-06,52.5605,53.7959,52.4902,53.2853,28764156
2018-11-07,53.9788,55.296,53.8344,55.2119,43545125
2018-11-08,55.165,55.2109,54.0221,54.5339,33826039
2018-11-09,54.0053,54.221,53.0208,53.6565,34992352
2018-11-12,53.4627,53.511,51.8296,52.2785,34125080
2018-11-13,52.55,53.1409,51.8321,52.2092,25842844
2018-11-14,52.8085,53.097,51.8675,52.5386,34791707
2018-11-15,52.3831,53.7487,51.8764,53.359,41733822
2018-11-16,53.0691,53.4283,52.5545,53.2206,35494365
2018-11-19,52.9774,53.2071,50.9588,51.1854,45849428
2018-11-20,50.1826,51.6801,49.9296,51.3364,54656098
2018-11-21,52.0767,52.545,51.7853,51.983,29811117
2018-11-23,51.4884,51.9616,51.2402,51.319,14228573
2018-11-26,52.0115,52.659,51.8007,52.6063,31673223
2018-11-27,52.3771,53.1454,52.0862,52.424,33168464
2018-11-28,52.682,54.4457,51.9592,54.3923,46209328
2018-11-29,53.9808,54.8088,53.9046,54.5314,31122876
2018-11-30,54.5836,55.2821,53.9634,55.2821,59883098
2018-12-03,56.4036,56.545,55.3857,55.6164,57737528
2018-12-04,55.4485,55.5108,52.8474,52.9316,45795112
2018-12-06,52.0612,53.7761,51.9357,53.7092,47608462
2018-12-07,53.4178,54.0555,51.7808,52.1399,42836947
2018-12-10,51.9587,52.7887,51.4634,52.4688,33774915
2018-12-11,53.1543,53.3267,52.3153,52.8907,33974235
2018-12-12,53.6595,54.3893,53.405,53.4926,29064440
2018-12-13,53.5892,54.2245,53.0572,53.4831,25078644
2018-12-14,52.8095,53.3925,52.279,52.3956,36490784
2018-12-17,52.1614,52.9271,50.6479,51.0972,50112024
2018-12-18,51.5133,52.7932,51.3379,51.982,43798580
2018-12-19,52.1754,53.5912,50.7874,51.586,58475955
2018-12-20,51.1147,52.1829,50.211,50.9942,53867971
2018-12-21,51.4156,51.6961,48.8824,49.3835,105029166
2018-12-24,49.0383,50.4232,48.7065,49.0557,36490905
2018-12-26,49.7192,52.2331,49.4529,52.2032,46485144
2018-12-27,51.1247,52.4768,50.1682,52.4548,46162860
2018-12-28,52.7837,53.0193,51.9118,52.1449,34491623
2018-12-31,52.7005,52.9575,51.4654,52.0592,33230107
2019-01-02,51.1745,52.8479,51.0788,52.5435,31983424
2019-01-03,52.3438,53.1204,50.9338,51.0882,42111246
2019-01-04,51.9397,53.8049,51.6558,53.7087,46195418
2019-01-07,53.8533,53.9394,52.9401,53.6017,47625363
2019-01-08,54.1039,54.47,53.2246,54.0725,35541455
2019-01-09,54.203,54.3849,53.5245,53.8871,27096111
2019-01-10,53.5529,53.7954,53.0417,53.7467,26693637
2019-01-11,53.3018,53.4747,52.6307,53.0312,30976647
2019-01-14,52.4768,52.7313,52.2381,52.3856,28592998
2019-01-15,52.7095,54.217,52.5316,54.1293,37653043
2019-01-16,54.3032,54.9189,54.204,54.2787,38419591
2019-01-17,54.203,54.8363,53.9673,54.7575,24986270
2019-01-18,55.2293,55.6981,54.7654,55.165,45054115
2019-01-22,54.6021,54.7501,53.3511,53.7367,39775549
2019-01-23,54.1467,54.4502,53.1856,54.0246,25286093
2019-01-24,53.9301,54.2035,53.3078,54.0043,29224519
2019-01-25,54.5139,54.9688,54.3928,54.8766,23360136
2019-01-28,54.3067,54.471,53.5364,53.7979,29440619
2019-01-29,53.8568,54.0406,53.1084,53.3098,19776392
2019-01-30,53.6734,54.7774,53.6375,54.7012,29559709
2019-01-31,55.4111,56.1799,55.0628,56.0912,40377283
2019-02-01,55.9118,56.5151,55.5113,55.729,33236309
2019-02-04,55.7484,56.9107,55.6736,56.8649,78696070
2019-02-05,56.2774,57.4303,55.977,57.3855,82594130
2019-02-06,57.2559,57.4916,55.716,55.9417,48431334
2019-02-07,55.3902,55.3987,54.482,55.0958,38436372
2019-02-08,54.5462,55.0555,54.5144,54.9199,21845445
2019-02-11,54.9881,55.4704,54.8013,54.907,18564675
2019-02-12,55.3499,56.4384,55.3499,56.1754,35162426
2019-02-13,56.4474,56.9361,56.0967,56.2277,28143394
2019-02-14,56.0468,56.6013,55.6528,56.2561,21182451
2019-02-15,56.7593,56.7593,55.6343,55.7793,27927835
2019-02-19,55.6303,56.2779,55.6303,56.122,22064878
2019-02-20,56.2401,56.3423,55.3867,55.8271,24177991
2019-02-21,55.737,55.7554,54.7007,55.0111,33400241
2019-02-22,55.2846,55.6608,54.8263,55.6263,29542367
2019-02-25,55.8938,56.0667,55.5043,55.6648,26302243
2019-02-26,55.5172,56.1185,55.1352,55.8978,35152189
2019-02-27,55.4993,56.0832,55.2278,55.9417,22177726
2019-02-28,55.7479,56.4947,55.7185,56.124,27526526
2019-03-01,56.3457,57.2923,56.3457,57.2186,34208722
2019-03-04,57.5195,58.0656,56.707,57.4627,35617992
2019-03-05,57.5912,58.612,57.4428,58.2483,40239806
2019-03-06,58.3763,58.5249,57.9424,58.0366,23686596
2019-03-07,57.8154,57.9689,56.8798,57.3346,30195626
2019-03-08,56.4903,57.4642,56.3059,57.2908,23780535
2019-03-11,57.392,58.7824,57.3705,58.7501,30141531
2019-03-12,58.9015,60.0678,58.9015,59.6463,42372630
2019-03-13,60.0787,60.138,59.6791,59.7364,25980923
2019-03-14,59.7344,60.0174,59.3464,59.4111,27400410
2019-03-15,59.6836,59.8695,59.1361,59.3,52054782
2019-03-18,59.2697,59.5317,58.8606,59.2128,24532672
2019-03-19,59.3708,59.9532,59.2582,59.9058,29896125
2019-03-20,59.853,61.2774,59.7628,61.1,41659313
2019-03-21,60.7797,61.5987,60.6093,61.5832,28251645
2019-03-22,61.2206,61.4588,60.0822,60.1644,34547445
2019-03-25,59.7613,60.2536,59.2851,59.6528,27676949
2019-03-26,60.0418,60.1644,58.8746,59.2772,30863599
2019-03-27,59.3807,59.3807,58.0012,58.6877,29534719
2019-03-28,58.5627,58.6499,57.9614,58.4018,22483651
2019-03-29,58.7959,58.9846,58.1083,58.6319,31004287
2019-04-01,59.1625,59.7933,59.1038,59.7324,27812358
2019-04-02,59.7858,60.0728,59.3469,60.0593,18354556
2019-04-03,60.416,60.8095,60.0363,60.3219,22272729
2019-04-04,60.3457,60.807,60.2337,60.7523,21097986
2019-04-05,60.7448,60.799,60.2829,60.3537,20093457
2019-04-08,60.3368,60.4783,60.0174,60.1957,21830612
2019-04-09,59.8775,60.1395,59.7026,59.9173,19748130
2019-04-10,60.0368,60.2287,59.8161,60.1046,15565342
2019-04-11,60.2267,60.418,60.0095,60.261,17060562
2019-04-12,60.5614,60.9317,60.4454,60.9157,24400334
2019-04-15,60.9834,61.2429,60.5087,61.105,23885755
2019-04-16,61.2779,61.5758,61.0308,61.3731,22703986
2019-04-17,61.6266,62.0301,61.4223,61.783,30475798
2019-04-18,62.0251,62.072,61.7467,61.8492,24845502
2019-04-22,61.6102,62.4905,61.4458,62.4615,19157577
2019-04-23,62.6051,63.4914,62.3728,63.3001,31984508
2019-04-24,63.3001,63.47,62.763,62.775,23480752
2019-04-25,63.2856,63.4101,62.6728,63.1381,31456842
2019-04-26,63.439,63.7146,63.0216,63.6404,27327085
2019-04-29,63.7943,64.6148,63.3558,64.5759,72629578
2019-04-30,59.3165,59.8321,58.9364,59.7314,133659880
2019-05-01,59.6587,59.7459,58.3724,58.454,74609851
2019-05-02,58.4182,58.756,57.7073,58.1148,45261284
2019-05-03,58.6579,59.3548,58.4655,59.2627,41738278
2019-05-06,58.3883,59.5556,58.3465,59.4575,31888862
2019-05-07,59.0763,59.5227,58.0396,58.7301,36737455
2019-05-08,58.6519,58.9996,58.1706,58.3276,25612954
2019-05-09,57.9201,58.4915,57.5235,58.1876,29662180
2019-05-10,58.2309,58.6015,57.1114,58.1711,31763931
2019-05-13,57.0552,57.3905,56.0717,56.6243,45799146
2019-05-14,56.9097,57.0367,55.9736,56.0399,40537421
2019-05-15,55.9248,58.7022,55.8675,58.3286,59517316
2019-05-16,58.3803,59.4924,58.2115,59.0111,35435754
2019-05-17,58.5792,59.1003,58.1103,58.2279,25452936
2019-05-20,57.4418,57.4418,56.7015,57.0262,30713457
2019-05-21,57.5155,57.6909,56.959,57.5135,20639510
2019-05-22,57.3546,57.9789,57.3421,57.5837,18893824
2019-05-23,57.0965,57.2948,56.4533,57.0601,25304540
2019-05-24,57.392,57.5095,56.6302,56.7248,18620276
2019-05-28,56.8679,57.6157,56.7278,56.7722,21027029
2019-05-29,56.4304,56.545,55.3967,55.7948,36361538
2019-05-30,55.8052,56.1365,55.5934,55.868,18153952
2019-05-31,55.0823,55.4689,54.9683,55.1252,31704135
2019-06-03,53.1538,53.1573,51.166,51.7495,97240834
2019-06-04,52.0359,52.7308,51.6143,52.5341,60730639
2019-06-05,52.5595,52.6497,51.4634,52.0434,47159058
2019-06-06,52.1216,52.3103,51.5885,52.1988,29125722
2019-06-07,52.5236,53.4777,52.3676,53.2256,43986017
2019-06-10,53.6555,54.5442,53.5698,53.9424,28612629
2019-06-11,54.6514,55.0011,53.7835,53.8568,33637840
2019-06-12,53.8024,53.9306,53.2868,53.7601,23758817
2019-06-13,54.0396,54.6314,53.933,54.3535,20888670
2019-06-14,54.2902,54.5402,53.8787,54.1188,24675207
2019-06-17,54.2583,54.8651,54.2035,54.4969,19841487
2019-06-18,55.3742,55.737,54.8406,55.0624,34651401
2019-06-19,55.162,55.2712,54.6036,55.026,26817163
2019-06-20,55.8825,55.9332,55.15,55.4589,24105228
2019-06-21,55.2925,56.125,55.2856,56.0652,50961513
2019-06-24,55.7978,55.9755,55.4644,55.6333,24325724
2019-06-25,55.5526,55.5835,54.0341,54.1826,31759053
2019-06-26,54.353,54.5582,53.4906,53.8209,34823241
2019-06-27,54.1413,54.227,53.5982,53.637,24165566
2019-06-28,53.667,53.9444,53.4961,53.9444,33793422
2019-07-01,54.8531,55.2293,54.5687,54.8013,29395155
2019-07-02,55.042,55.4435,54.7849,55.4291,20713196
2019-07-03,55.723,56.1957,55.5411,55.9467,20227421
2019-07-05,55.7663,56.5276,55.6731,56.4289,29901564
2019-07-08,56.0902,56.1569,55.3872,55.6378,29995764
2019-07-09,55.3155,56.1894,55.1575,56.0115,29579280
2019-07-10,56.4115,56.9107,56.3288,56.8395,30822250
2019-07-11,57.101,57.4538,56.7707,56.9974,26104870
2019-07-12,56.9401,57.1678,56.7223,57.0601,21957972
2019-07-15,57.0601,57.3261,56.7941,57.3178,21245358
2019-07-16,57.1294,57.7197,57.1294,57.4647,25444726
2019-07-17,57.3381,57.7128,57.1239,57.1299,19608706
2019-07-18,56.8937,57.2011,56.4384,57.1548,25567730
2019-07-19,57.2584,57.371,56.3582,56.3731,23267100
2019-07-22,56.5684,56.7951,56.0573,56.7548,29040032
2019-07-23,56.966,57.2355,56.4379,57.1952,20723613
2019-07-24,56.4264,57.0661,56.2217,56.7807,27297719
2019-07-25,56.7418,56.9729,55.9825,56.5918,54961300
2019-07-26,61.1782,63.1905,61.1782,62.0361,121655319
2019-07-29,61.9007,62.2244,61.2879,61.8677,41532555
2019-07-30,61.1284,61.6221,61.0447,61.1782,28719234
2019-07-31,61.0223,61.5225,60.1907,60.69,40104838
2019-08-01,60.6616,61.5917,60.132,60.3701,35553840
2019-08-02,59.9327,60.2566,59.2851,59.5999,35035548
2019-08-05,58.4367,58.6314,56.9312,57.529,48012862
2019-08-06,58.0656,58.8566,57.8667,58.3425,36144694
2019-08-07,57.6809,58.7804,57.3341,58.5832,30798183
2019-08-08,59.1073,60.0962,58.488,60.0917,30226137
2019-08-09,59.7833,60.0055,59.0305,59.2303,20492920
2019-08-12,58.7869,59.0663,58.2249,58.5129,22144847
2019-08-13,58.5054,60.0538,58.4382,59.6204,28708495
2019-08-14,58.5912,58.9259,57.8438,58.0022,35558457
2019-08-15,58.0047,58.6085,57.9399,58.2548,28718029
2019-08-16,58.8263,58.9781,58.4382,58.7476,25395468
2019-08-19,59.3763,60.2511,59.305,59.8052,24545739
2019-08-20,59.5516,59.6836,58.9389,58.9628,20284588
2019-08-21,59.5751,59.8112,59.1815,59.3638,14216791
2019-08-22,59.4744,59.7226,58.7326,59.3608,17421225
2019-08-23,59.0445,59.5676,57.2923,57.4707,36394276
2019-08-26,57.7631,58.3813,57.534,58.3475,21255294
2019-08-27,58.9364,59.036,58.0176,58.3296,23554860
2019-08-28,58.0331,58.7121,57.803,58.4755,16877541
2019-08-29,59.1068,59.7429,59.05,59.4963,19713164
2019-08-30,59.8008,59.8008,59.0718,59.3115,18132996
2019-09-03,58.8791,59.2392,57.9759,58.2663,26016291
2019-09-04,58.7595,59.03,58.3649,58.9,21390582
2019-09-05,59.4674,60.4808,59.4191,60.3906,26508870
2019-09-06,60.2387,60.4284,59.9457,60.0982,19040373
2019-09-09,60.0653,60.807,59.443,60.0458,31974652
2019-09-10,59.5884,60.2814,59.5844,60.0673,28022758
2019-09-11,59.9771,60.9027,59.8969,60.7797,23606587
2019-09-12,60.9525,61.8967,60.9072,61.5255,31759314
2019-09-13,61.3831,61.8284,61.1324,61.7775,23761065
2019-09-16,61.2998,61.7273,61.0382,61.3591,28319891
2019-09-17,61.3591,61.527,60.9466,61.2719,21019944
2019-09-18,61.2899,61.5887,60.6038,61.4098,17920488
2019-09-19,61.3934,61.9923,61.3929,61.7138,17001449
2019-09-20,61.4593,61.9155,60.958,61.2699,38895350
2019-09-23,61.107,61.7601,60.968,61.5115,24028169
2019-09-24,61.776,62.1303,60.3134,60.6965,36847332
2019-09-25,60.5809,62.1756,60.2417,62.072,27201491
2019-09-26,61.8827,62.0087,61.3686,61.8902,23516481
2019-09-27,61.917,62.0246,60.5405,61.0761,34574503
2019-09-30,60.8095,61.1488,60.4518,60.8365,25986041
2019-10-01,60.9037,61.4203,60.0598,60.0822,25747700
2019-10-02,59.6089,59.7216,58.4197,58.6832,33616904
2019-10-03,58.9533,59.3349,57.9469,59.2567,29494795
2019-10-04,59.4988,60.4041,59.3334,60.3294,24662802
2019-10-07,60.1575,60.7253,60.0005,60.1942,17644130
2019-10-08,59.7221,60.1255,59.2592,59.2915,20723372
2019-10-09,59.8495,60.2047,59.6896,59.9028,16323279
2019-10-10,59.7136,60.5614,59.6766,60.2551,13413329
2019-10-11,60.9804,61.2156,60.4628,60.5659,22610710
2019-10-14,60.4753,61.0726,60.3751,60.6686,13728106
2019-10-15,60.8545,62.1313,60.8255,61.8877,30655046
2019-10-16,61.8662,62.483,61.7028,61.9255,23104011
2019-10-17,62.344,62.9593,62.2678,62.4138,21356760
2019-10-18,62.508,62.6783,61.783,61.9957,31761121
2019-10-21,62.2095,62.449,61.7755,61.9893,20676383
2019-10-22,61.9992,62.211,61.7685,61.8359,25729354
2019-10-23,61.7865,62.6748,61.7865,62.6544,23610902
2019-10-24,62.7281,62.9169,62.3913,62.7281,22892246
2019-10-25,62.3738,63.171,62.2319,62.9866,27203218
2019-10-28,63.5197,64.7273,63.3858,64.2162,65665403
2019-10-29,63.5695,63.8087,62.5537,62.8053,52845177
2019-10-30,62.5308,63.172,62.3066,62.8073,29309726
2019-10-31,62.7725,63.0973,62.2484,62.7126,32018731
2019-11-01,63.0613,63.42,62.758,63.3828,28916586
2019-11-04,63.575,64.3916,63.575,64.2476,30743485
2019-11-05,64.3268,64.6276,64.2362,64.3388,25239706
2019-11-06,64.2715,64.416,63.8819,64.3174,24714569
2019-11-07,64.4802,65.8937,64.4538,65.111,45303737
2019-11-08,64.841,65.6176,64.841,65.2137,30548180
2019-11-11,64.9645,65.0093,64.5594,64.6796,17299686
2019-11-12,64.6941,65.2309,64.4782,64.6261,28991557
2019-11-13,64.4255,64.8907,64.3741,64.5749,18789568
2019-11-14,64.5162,65.5484,64.4633,65.2212,29105910
2019-11-15,65.515,66.4362,65.3576,66.4362,39441563
2019-11-18,66.3763,66.455,65.5704,65.7535,28088937
2019-11-19,66.092,66.092,65.3516,65.3925,21951870
2019-11-20,65.3311,65.4233,64.2277,64.8579,29022228
2019-11-21,64.7278,65.3191,64.3044,64.7723,25639369
2019-11-22,64.9147,65.109,64.2352,64.4498,27878938
2019-11-25,64.5789,65.2839,64.5465,65.0463,23678687
2019-11-26,65.2589,65.4632,64.9665,65.4128,22021321
2019-11-27,65.5334,65.6441,65.2369,65.3696,18859380
2019-11-29,65.094,65.2609,64.9261,64.9689,12847786
2019-12-02,64.8927,65.0363,63.7878,64.2102,26674127
2019-12-03,63.7021,64.6271,63.6219,64.5032,29707824
2019-12-04,65.0691,65.9744,64.9172,65.7088,35656632
2019-12-05,66.1103,66.1592,65.4787,66.1083,24501118
2019-12-06,66.3968,66.881,66.3211,66.7276,33094116
2019-12-09,66.7013,67.6324,66.5622,66.9069,31250657
2019-12-10,66.755,67.1565,66.459,66.9019,17672432
2019-12-11,67.1715,67.2507,66.8127,66.9696,20560424
2019-12-12,66.9179,67.4844,66.6683,67.181,29234916
2019-12-13,67.1515,67.3234,66.8407,67.1003,33293937
2019-12-16,67.5052,67.9302,67.2866,67.7892,28231110
2019-12-17,67.8744,67.9701,67.2946,67.4997,33090503
2019-12-18,67.6049,67.726,67.2791,67.3513,23419250
2019-12-19,67.3513,67.6314,67.1939,67.577,30531921
2019-12-20,67.9089,67.9536,67.2926,67.317,50459239
2019-12-23,67.6911,67.8465,67.1565,67.2876,20011622
2019-12-24,67.2666,67.3563,66.9658,66.9786,13517023
2019-12-26,67.0843,67.9139,67.0325,67.8774,23761827
2019-12-27,67.9536,68.1065,67.4056,67.4874,23301625
2019-12-30,67.5954,67.6049,66.6504,66.7435,20084384
2019-12-31,66.5482,66.791,66.3658,66.7276,19591986
2020-01-02,67.177,68.1868,67.0813,68.1868,27384211
2020-01-03,67.1565,68.4395,67.1227,67.8302,23497452
2020-01-06,67.3373,69.6635,67.3061,69.6381,46956467
2020-01-07,69.77,69.9216,69.3266,69.5035,34654291
2020-01-08,69.4891,70.3376,69.38,69.9983,35453538
2020-01-09,70.8397,71.1759,70.2559,70.733,33349217
2020-01-10,71.2154,71.4878,70.7235,71.1899,26358768
2020-01-13,71.5033,71.8137,71.0111,71.7415,30857798
2020-01-14,71.74,71.8709,71.1307,71.2711,26207381
2020-01-15,71.3923,71.7787,71.3244,71.7,21628502
2020-01-16,72.0114,72.273,71.74,72.2461,26175345
2020-01-17,72.8629,73.7601,72.5644,73.7088,52613540
2020-01-21,73.6829,74.2249,73.245,73.8448,49109403
2020-01-22,74.2174,74.758,73.8652,73.9405,28562086
2020-01-23,74.1088,74.4053,73.7486,73.9663,26747853
2020-01-24,74.3714,74.4402,72.8948,73.0438,29893575
2020-01-27,71.3185,71.5696,70.7187,71.3279,34255049
2020-01-28,71.8267,72.4772,71.2596,72.2631,29839500
2020-01-29,72.6596,72.9426,72.0085,72.5719,21717724
2020-01-30,71.6453,72.4997,71.4908,72.4499,27207714
2020-01-31,73.128,73.2181,71.0953,71.3803,43980357
2020-02-03,72.8185,74.0465,72.5674,73.8622,72436842
2020-02-04,72.4618,73.102,70.8447,72.0094,96226912
2020-02-05,72.9161,72.9646,71.2259,72.0413,36507726
2020-02-06,72.3368,73.8104,72.2621,73.5319,37958687
2020-02-07,73.1045,73.9943,73.0058,73.6883,28463791
2020-02-10,73.5947,75.1714,73.4936,75.1606,38440286
2020-02-11,75.3902,76.2176,75.0006,75.2303,34979285
2020-02-12,75.5192,75.7405,75.161,75.6573,31155253
2020-02-13,75.2273,76.0219,74.9284,75.3962,22996222
2020-02-14,75.453,75.728,75.0056,75.6622,23281231
2020-02-18,75.4435,76.2516,75.2776,75.6975,25773313
2020-02-19,76.0842,76.2606,75.7743,75.9681,22829219
2020-02-20,75.6762,76.0777,74.9413,75.5755,26061855
2020-02-21,74.9573,75.2746,73.6575,73.9051,42691060
2020-02-24,70.8954,71.5596,70.0855,70.7365,49740442
2020-02-25,71.2916,71.583,68.7717,69.0655,51766300
2020-02-26,69.4163,70.4282,68.5789,69.2724,49984102
2020-02-27,67.7115,68.2227,65.4747,65.51,62515325
2020-02-28,63.3658,66.8802,63.1815,66.7206,80508798
2020-03-02,67.3254,69.123,66.0206,69.0655,55630196
2020-03-03,69.6316,70.1552,66.2219,66.6444,56807428
2020-03-04,67.7026,68.8892,66.6086,68.8305,47769664
2020-03-05,67.0345,67.437,64.847,65.5005,54576771
2020-03-06,63.3453,64.9022,62.6334,64.5529,64880649
2020-03-09,60.0304,62.4103,59.6856,60.5699,69502603
2020-03-10,62.493,63.5622,60.5062,63.5282,55070234
2020-03-11,62.188,62.6195,59.3419,60.3264,55032658
2020-03-12,55.9283,59.2228,55.2233,55.3767,94667800
2020-03-13,58.5372,60.5007,55.4136,60.4942,79687291
2020-03-16,54.2837,57.0666,53.1613,53.4562,96869513
2020-03-17,54.335,56.0967,52.2656,55.7011,83495305
2020-03-18,52.8055,55.05,51.6628,54.3625,93382056
2020-03-19,54.2145,57.4223,52.5868,55.3827,74333452
2020-03-20,56.3408,56.7183,52.9132,53.2176,83178380
2020-03-23,52.6277,53.1528,50.2613,52.5161,83975901
2020-03-24,54.9996,56.4618,54.1253,56.2964,72731406
2020-03-25,56.0259,57.1015,53.9549,54.8821,90650670
2020-03-26,55.5347,58.3625,54.4042,57.9359,76966443
2020-03-27,56.1699,57.3446,55.0007,55.3125,63020851
2020-03-30,56.4274,57.3421,54.7261,57.1084,58949465
2020-03-31,57.2291,58.458,56.6307,57.8877,65516064
2020-04-01,55.997,56.2671,54.477,54.906,52158777
2020-04-02,54.8013,55.9357,54.4591,55.6498,56615174
2020-04-03,55.5342,55.7375,53.5598,54.4377,51560115
2020-04-06,56.4454,59.3226,56.0468,58.9458,63549360
2020-04-07,60.6307,60.8183,58.6499,58.9144,61842475
2020-04-08,59.9377,60.5256,58.9838,60.132,40480475
2020-04-09,60.689,60.8788,59.4055,60.1105,54224318
2020-04-13,59.858,60.5067,58.903,60.3019,38842860
2020-04-14,61.7747,63.5572,61.2053,63.0331,63586916
2020-04-15,62.1004,63.5252,61.4771,62.6379,42389952
2020-04-16,63.1282,63.4379,61.6864,62.6444,58105015
2020-04-17,63.8535,64.267,63.0713,63.7191,51241564
2020-04-20,63.2652,63.6104,62.5951,62.8297,35420097
2020-04-21,61.9111,62.2743,60.0323,60.3891,49828059
2020-04-22,61.8314,63.7628,61.6366,62.6932,46483739
2020-04-23,63.0583,64.1749,62.7988,63.3289,34326427
2020-04-24,62.5233,63.6547,61.9754,63.5994,37575804
2020-04-27,64.3666,64.4713,63.0246,63.3135,44346841
2020-04-28,63.9282,64.006,61.2968,61.4068,80992686
2020-04-29,67.0071,67.7618,66.0969,66.8667,108750567
2020-04-30,66.3276,67.2562,65.8363,67.0918,56044914
2020-05-01,65.9654,67.3274,65.2464,65.6281,49048242
2020-05-04,65.1702,65.9843,64.5664,65.9061,30918618
2020-05-05,66.6334,68.3029,66.5104,67.2074,39810154
2020-05-06,67.6548,68.1873,67.0136,67.0286,31847613
2020-05-07,67.8197,68.5514,67.3828,68.2167,30827729
2020-05-08,68.8414,69.5798,68.3528,68.9671,33450563
2020-05-11,68.5909,70.5209,68.5267,69.926,32835722
2020-05-12,70.1567,70.461,68.4772,68.5107,34040434
2020-05-13,68.5594,69.0163,66.1607,67.173,40514418
2020-05-14,66.4352,67.6234,65.9259,67.5979,36793237
2020-05-15,67.1695,68.4807,66.7081,68.405,41694581
2020-05-18,67.8332,69.3865,67.4655,69.0088,47299827
2020-05-19,69.0238,69.373,68.44,68.4717,31699498
2020-05-20,69.2072,70.3463,69.1205,70.2034,38401366
2020-05-21,70.2946,70.5672,69.4677,70.0835,31011533
2020-05-22,69.9414,70.5941,69.5454,70.4068,28647595
2020-05-26,71.8376,71.9946,70.7135,70.8117,44751402
2020-05-27,70.7435,71.0098,69.4782,70.7575,31798556
2020-05-28,69.7472,71.9621,69.7011,70.6558,35323328
2020-05-29,70.765,71.577,70.5433,71.4171,37184751
2020-06-01,71.0275,71.8187,70.8572,71.4844,25276378
2020-06-02,71.4908,71.8894,70.8237,71.8549,23526357
2020-06-03,71.8744,72.1888,71.3224,71.7025,27833334
2020-06-04,71.5795,71.8057,70.0465,70.4595,27079912
2020-06-05,70.5264,72.0538,70.1268,71.741,42801599
2020-06-08,71.0564,72.1883,70.9667,72.1405,34000429
2020-06-09,72.001,73.125,71.8574,72.3418,33744987
2020-06-10,72.8116,73.3725,72.4551,72.9705,31877461
2020-06-11,71.7912,72.318,69.6679,69.8418,47315764
2020-06-12,71.0355,71.4662,69.0398,70.3908,36808071
2020-06-15,69.2236,70.9926,69.1093,70.7805,30663797
2020-06-16,72.1883,72.5954,71.1914,72.0623,30807797
2020-06-17,72.3845,72.8459,71.497,72.3647,30720964
2020-06-18,72.2306,72.386,71.0541,71.447,34987796
2020-06-19,71.74,71.9641,70.6938,70.9747,52974684
2020-06-22,70.9931,72.2855,70.7033,72.271,29548168
2020-06-23,72.3378,73.4936,71.9891,72.9346,37888513
2020-06-24,72.8998,73.5229,71.2418,71.3763,31706102
2020-06-25,71.3026,71.8554,70.7205,71.7947,24044990
2020-06-26,71.3728,71.5915,67.5052,67.8809,97994235
2020-06-29,67.7713,69.6476,67.3383,69.6061,45236956
2020-06-30,69.5916,70.9429,69.096,70.6463,40432442
2020-07-01,70.7023,72.1624,70.4536,71.8396,42335395
2020-07-02,72.3298,74.1572,72.2911,73.231,57425722
2020-07-06,74.1387,75.2273,73.582,74.7116,44874687
2020-07-07,74.5363,75.7912,74.2159,74.2269,42517453
2020-07-08,74.769,75.2856,74.3455,74.9084,31880994
2020-07-09,75.2239,76.1809,74.5094,75.6588,41988322
2020-07-10,75.3892,76.7887,74.765,76.6725,36051478
2020-07-13,77.2171,78.5333,75.0559,75.3384,43110274
2020-07-14,74.3699,75.865,74.0279,75.7683,38246145
2020-07-15,75.8864,76.539,74.621,75.5701,31138974
2020-07-16,74.8038,75.5217,74.1447,75.4724,26580549
2020-07-17,75.5716,75.8964,74.6344,75.5686,34388832
2020-07-20,75.4764,78.1672,74.8634,77.9096,30274893
2020-07-21,78.9652,79.0659,77.3506,77.515,27654247
2020-07-22,77.5045,78.066,76.8828,77.9599,24570749
2020-07-23,78.0137,78.2339,75.1571,75.5636,34032887
2020-07-24,74.6888,75.4977,74.1108,75.1381,30016038
2020-07-27,75.3897,76.6003,75.3434,76.1953,27222026
2020-07-28,75.9746,76.0249,74.755,74.9109,31022734
2020-07-29,74.9782,76.3896,74.879,75.9004,22757660
2020-07-30,74.628,76.7662,74.4884,76.6407,36173077
2020-07-31,74.5821,74.9792,72.4375,74.1287,91859436
2020-08-03,74.2807,74.6161,73.3202,73.8702,45686720
2020-08-04,74.067,74.3858,72.9371,73.399,37347077
2020-08-05,73.5743,74.2309,73.2951,73.6873,29256033
2020-08-06,73.5409,75.0415,73.3292,74.9757,33425954
2020-08-07,75.1794,75.73,74.045,74.6478,27826389
2020-08-10,74.2707,75.0853,73.6076,74.5706,20621063
2020-08-11,74.4302,75.2492,73.6426,73.7596,31209789
2020-08-12,74.0877,75.3106,73.9818,75.0897,22612877
2020-08-13,75.1381,76.5711,75.1381,75.5586,22475401
2020-08-14,75.4071,75.7147,74.6793,74.9598,22020718
2020-08-17,75.5247,75.9138,74.9782,75.5381,20071177
2020-08-18,76.0304,77.5872,75.8084,77.508,28479869
2020-08-19,77.3441,78.1597,76.7219,76.9516,30582303
2020-08-20,76.7204,78.7231,76.4458,78.5278,26478259
2020-08-21,78.3062,79.3065,77.8333,78.4939,34971818
2020-08-24,79.3359,80.1484,78.4676,78.9712,25730799
2020-08-25,78.7196,80.1534,78.6091,80.0025,25240428
2020-08-26,80.0249,82.341,79.7596,81.9096,52376444
2020-08-27,82.0331,82.1018,80.6484,81.1319,31463707
2020-08-28,81.1793,81.7711,80.9866,81.6754,22505188
2020-08-31,81.8817,81.928,80.9729,81.1823,26517722
2020-09-01,81.3132,82.6614,81.1823,82.4551,22757520
2020-09-02,83.0993,85.9934,82.7096,85.5593,49700960
2020-09-03,84.6691,84.693,80.0951,81.1813,63956752
2020-09-04,80.1594,81.4542,76.6207,78.7749,56053124
2020-09-08,75.9746,77.4965,75.5511,75.9049,54227590
2020-09-09,77.1653,77.6545,75.9831,77.0821,39383814
2020-09-10,77.229,78.3987,75.7255,76.0269,33143594
2020-09-11,76.1315,76.6568,74.3814,75.5143,30818055
2020-09-14,76.3057,77.5689,74.9837,75.169,42814787
2020-09-15,76.1186,77.2693,75.8302,76.4788,23124626
2020-09-16,76.8454,77.4378,75.3066,75.3314,22223651
2020-09-17,74.0222,74.6623,72.8589,74.0835,40152149
2020-09-18,74.1462,74.4899,71.3224,72.2924,63284343
2020-09-21,71.3224,71.743,69.8807,71.2486,57114397
2020-09-22,72.2541,72.9341,71.2167,72.7273,34073915
2020-09-23,72.3423,72.3915,69.8807,70.2149,37862740
2020-09-24,69.8807,71.6398,69.8542,70.886,34677475
2020-09-25,70.9951,72.0358,70.1297,71.6931,30443502
2020-09-28,73.3337,73.3835,72.0528,72.6696,30896317
2020-09-29,72.9311,73.3342,72.4375,73.0363,31937598
2020-09-30,72.783,74.0414,72.525,73.0153,41071751
2020-10-01,73.9151,74.4834,73.5734,74.1262,33003629
2020-10-02,72.7179,73.6844,72.1061,72.5172,31335825
2020-10-05,72.8684,73.9668,72.7408,73.8737,21679466
2020-10-06,73.5085,73.9578,71.9896,72.289,26189637
2020-10-07,72.702,73.1832,71.4026,72.6935,36239858
2020-10-08,73.0078,74.1326,73.0078,73.9036,26170568
2020-10-09,74.3734,75.3194,74.0815,75.2497,33086307
2020-10-12,76.6222,79.1342,76.1888,77.9469,55543904
2020-10-13,78.5657,78.9717,77.65,78.0705,39213820
2020-10-14,78.3814,78.9065,77.0155,77.8896,33304857
2020-10-15,76.9461,78.286,76.7782,77.4926,31342910
2020-10-16,77.8094,78.6006,77.6017,78.1018,34330502
2020-10-19,78.5119,78.9102,75.8709,76.2211,29840825
2020-10-20,75.8804,78.4077,75.7504,77.2738,41869533
2020-10-21,78.209,80.4653,78.0738,79.013,60539729
2020-10-22,78.9637,80.3796,78.5891,80.0429,30626081
2020-10-23,80.4608,81.4108,80.3044,81.3541,30658779
2020-10-26,80.4583,81.1847,78.1058,78.9283,35956214
2020-10-27,79.1596,79.8107,78.5647,79.6553,25996660
2020-10-28,77.2206,77.4099,75.1516,75.2671,45337258
2020-10-29,75.577,79.1498,75.5536,77.5629,55607715
2020-10-30,83.0708,83.7621,79.7893,80.5136,100286174
2020-11-02,80.8837,82.6126,80.4205,80.9227,44389314
2020-11-03,81.2435,82.6504,80.3143,81.9858,31546767
2020-11-04,84.9709,88.1818,84.8425,86.9772,71601605
2020-11-05,88.2027,89.2673,86.7371,87.8068,39902267
2020-11-06,87.2507,88.1053,86.5204,87.6686,28725436
2020-11-09,89.4747,90.5165,87.5599,87.7528,53634207
2020-11-10,86.1761,87.6513,85.496,86.5722,43177116
2020-11-11,87.1043,87.8266,86.8382,87.0459,31953536
2020-11-12,86.7853,87.9302,86.5847,86.8263,26583278
2020-11-13,87.0843,88.5355,86.4855,88.2929,29865414
2020-11-16,87.8884,89.3928,87.7483,88.3811,25560183
2020-11-17,88.0738,88.536,87.6566,87.7648,21397969
2020-11-18,87.5147,87.9312,86.6142,86.7176,20180431
2020-11-19,86.3485,87.856,86.1885,87.6109,20179689
2020-11-20,87.7818,88.0987,86.4367,86.5055,27806878
2020-11-23,86.6967,86.9841,85.2002,86.0661,22634114
2020-11-24,86.0631,88.0046,85.7258,87.8765,28107645
2020-11-25,88.0713,88.1992,87.1023,87.8879,19670188
2020-11-27,87.9084,89.526,87.9084,89.0283,14843755
2020-11-30,88.4618,88.6953,87.0763,87.4031,32535257
2020-12-01,88.0137,90.757,87.833,89.4438,37498123
2020-12-02,89.4438,91.306,88.9361,90.9189,29531367
2020-12-03,90.6982,91.8585,90.5219,90.763,24816959
2020-12-04,90.6823,91.1445,90.352,90.8587,20619317
2020-12-07,90.4495,91.1341,89.8265,90.5233,22358298
2020-12-08,90.0993,90.4705,89.2404,90.2394,19998574
2020-12-09,90.191,91.0883,87.7818,88.5719,31826517
2020-12-10,87.8117,88.429,86.3633,88.0633,28792217
2020-12-11,87.6821,88.5445,87.3204,88.4195,18696150
2020-12-14,88.2162,89.1667,87.1405,87.2966,33169227
2020-12-15,87.6751,87.8815,86.769,87.7359,21443293
2020-12-16,88.136,88.136,87.137,87.5422,24766175
2020-12-17,87.878,88.0164,86.2449,86.7111,35006543
2020-12-18,86.9931,87.1023,85.4403,85.9993,85565804
2020-12-21,85.1478,86.5362,84.3941,86.4148,34097299
2020-12-22,86.1542,86.3177,84.9809,85.7003,20450447
2020-12-23,85.8852,86.8905,85.7491,86.0993,23056961
2020-12-24,86.1378,86.8058,85.9061,86.3948,9346519
2020-12-28,86.9304,89.0273,86.7764,88.3776,27750976
2020-12-29,89.0388,89.1005,87.4385,87.5705,19797247
2020-12-30,87.9312,88.0688,86.0879,86.499,21102381
2020-12-31,86.5497,87.5577,86.491,87.3154,21145959
2021-01-04,87.6821,87.8063,85.0486,85.9948,37459202
2021-01-05,85.9429,87.0261,85.535,86.6882,20433044
2021-01-06,84.7057,86.8832,84.4988,85.8328,46756906
2021-01-07,86.0261,88.5699,86.0261,88.3966,42088604
2021-01-08,88.537,89.6429,87.7428,89.5668,35613154
2021-01-11,88.53,88.8967,87.2906,87.4973,34938558
2021-01-12,86.9528,88.0758,85.5088,86.5577,29641364
2021-01-13,86.0541,87.5023,86.0541,87.0469,23516742
2021-01-14,87.1277,88.0583,85.9918,86.2334,29318237
2021-01-15,86.1388,87.0653,85.2764,86.0691,31558268
2021-01-19,86.8352,89.8662,86.3286,88.9012,41810038
2021-01-20,90.9886,94.6431,90.6469,93.664,64383955
2021-01-21,94.3406,96.2551,93.6311,93.8672,58872106
2021-01-22,94.2314,94.8756,93.4859,94.2861,32862599
2021-01-25,95.2916,95.7439,92.6222,94.3718,50770302
2021-01-26,93.9589,95.4415,93.4677,95.0529,31575611
2021-01-27,93.4068,93.6838,89.5394,90.6184,82811736
2021-01-28,91.2193,94.0585,91.2193,92.3253,55478488
2021-01-29,91.3698,92.0431,89.7526,91.0381,44691606
2021-02-01,91.8962,95.431,91.8962,94.3116,40397977
2021-02-02,95.311,97.1165,94.9742,95.6094,66572861
2021-02-03,102.907,104.951,100.315,102.572,98236470
2021-02-04,102.659,103.091,101.387,102.311,48771763
2021-02-05,102.606,104.418,102.129,104.064,29973384
2021-02-08,104.621,105.368,102.794,103.85,28933367
2021-02-09,103.366,104.547,103.126,103.396,21971019
2021-02-10,103.781,104.565,102.241,103.947,25192595
2021-02-11,104.173,104.321,103.069,104.061,20554824
2021-02-12,103.612,104.596,103.305,104.373,19059342
2021-02-16,104.211,106.87,104.211,105.153,31116292
2021-02-17,104.32,105.739,104.04,105.549,20377142
2021-02-18,104.87,105.716,104.287,104.91,22652802
2021-02-19,105.009,105.547,103.796,104.063,38076311
2021-02-22,102.309,103.64,102.03,102.342,29573158
2021-02-23,100.337,103.251,99.1521,102.634,34783618
2021-02-24,101.136,104.039,101.01,103.814,22690698
2021-02-25,102.425,103.774,99.9614,100.434,41698796
2021-02-26,101.132,102.455,99.6887,100.731,40186433
2021-03-01,102.03,103.437,101.353,103.109,26156256
2021-03-02,102.869,104.358,102.463,102.851,25656350
2021-03-03,102.227,103.425,99.3398,100.208,34015765
2021-03-04,100.38,103.356,99.9095,101.328,49394131
2021-03-05,102.686,104.93,101.023,104.475,53292031
2021-03-08,103.827,105.305,99.8975,100.012,37001068
2021-03-09,102.118,102.823,101.412,101.65,34043585
2021-03-10,102.698,102.698,100.601,101.442,27198320
2021-03-11,102.539,105.182,102.451,104.648,27803024
2021-03-12,103.445,103.505,101.254,102.129,33940573
2021-03-15,101.88,102.378,101.024,102.351,26309851
2021-03-16,102.927,105.302,102.592,103.818,32015941
2021-03-17,103.049,104.571,101.837,103.735,26478159
2021-03-18,102.039,103.063,100.594,100.702,31827922
2021-03-19,101.12,101.484,99.784,100.982,46238935
2021-03-22,101.016,102.047,100.337,101.169,33656989
2021-03-23,101.63,102.833,101.034,101.697,28612468
2021-03-24,102.217,103.006,101.084,101.258,25308474
2021-03-25,101.086,101.913,99.444,101.255,35744850
2021-03-26,101.224,101.601,99.83,100.87,28078921
2021-03-29,100.743,102.09,99.9105,101.921,26588658
2021-03-30,102.278,102.761,101.44,101.955,27416147
2021-03-31,102.349,103.936,101.981,102.753,42723959
2021-04-01,104.235,106.403,104.194,106.104,40024669
2021-04-05,106.97,111.046,106.873,110.547,48685452
2021-04-06,110.147,110.998,109.692,110.064,35368531
2021-04-07,110.256,111.819,110.256,111.548,24221407
2021-04-08,112.791,113.179,111.746,112.115,28768190
2021-04-09,111.866,113.287,111.459,113.124,26240079
2021-04-12,112.299,112.437,110.989,111.825,25114373
2021-04-13,112.143,112.764,111.747,112.314,25774658
2021-04-14,112.963,112.963,111.397,111.69,21078997
2021-04-15,112.689,114.385,112.152,113.85,29280742
2021-04-16,114.048,114.297,113.136,113.726,26378057
2021-04-19,113.099,114.789,113.099,114.074,30399202
2021-04-20,114.459,114.535,112.449,113.538,22369117
2021-04-21,113.192,113.588,111.835,113.505,23288297
2021-04-22,113.359,114.031,111.612,112.219,24233049
2021-04-23,112.941,114.889,112.653,114.581,29216610
2021-04-26,114.809,115.807,114.451,115.079,32153980
2021-04-27,115.464,115.504,113.895,114.135,44546502
2021-04-28,119.193,121.13,117.236,117.526,81400820
2021-04-29,119.031,119.774,118.263,119.206,41382554
2021-04-30,117.973,118.661,116.904,117.25,45019370
2021-05-03,117.818,118.647,116.353,116.731,28345162
2021-05-04,115.26,115.829,112.427,114.925,44981112
2021-05-05,116.012,116.328,114.997,115.32,26732738
2021-05-06,114.899,116.445,114.238,116.445,25281777
2021-05-07,117.768,118.134,116.885,117.171,29001995
2021-05-10,115.987,116.129,113.815,114.174,31026648
2021-05-11,111.749,113.602,111.292,113.093,34309767
2021-05-12,110.908,111.993,109.285,109.614,46543595
2021-05-13,110.904,111.568,109.938,111.049,33340827
2021-05-14,112.52,113.824,112.094,113.507,32112570
2021-05-17,112.77,114.075,112.369,114.033,21675672
2021-05-18,114.702,114.967,112.701,112.715,22284190
2021-05-19,111.02,113.338,110.87,113.165,23769957
2021-05-20,114.136,115.182,113.764,114.931,32468275
2021-05-21,115.452,115.526,114.051,114.292,40779094
2021-05-24,115.326,117.85,115.18,117.626,31947594
2021-05-25,118.172,118.769,117.325,117.717,22520985
2021-05-26,117.898,119.018,117.895,118.586,21650160
2021-05-27,119.022,119.022,117.387,117.708,35351710
2021-05-28,118.292,118.375,117.217,117.416,21568706
2021-06-01,118.293,118.855,117.289,118.629,23442695
2021-06-02,119.027,119.25,117.193,118.102,21239637
2021-06-03,116.863,117.425,116.055,116.955,18763694
2021-06-04,118.036,119.518,117.694,119.247,24546863
2021-06-07,119.041,119.791,118.62,119.681,24206754
2021-06-08,120.165,120.539,119.307,119.489,24327711
2021-06-09,120.135,120.208,119.412,119.963,18006078
2021-06-10,119.912,121.36,119.755,121.316,26001417
2021-06-11,121.56,121.645,120.511,121.071,22037740
2021-06-14,121.174,122.004,120.463,122.004,22177665
2021-06-15,122.008,122.332,120.619,120.981,21640304
2021-06-16,121.133,121.446,119.039,120.336,26567823
2021-06-17,120.261,122.08,120.064,121.304,25942584
2021-06-18,120.928,121.164,119.581,119.677,46282372
2021-06-21,120.065,121.56,119.465,121.372,27513037
2021-06-22,121.31,121.958,120.627,121.888,22471366
2021-06-23,121.652,122.65,121.394,121.686,19223595
2021-06-24,122.257,122.611,121.858,122.058,21442590
2021-06-25,121.56,122.19,121.126,122.066,34721795
2021-06-28,122.236,122.341,120.967,122.094,28628827
2021-06-29,122.227,122.577,121.251,121.83,23192491
2021-06-30,121.554,121.815,120.915,121.649,24562700
2021-07-01,121.285,122.144,121.093,122.002,18178480
2021-07-02,122.705,124.951,122.615,124.805,26096440
2021-07-06,125.195,125.972,124.133,125.734,26499295
2021-07-07,126.703,126.825,125.697,126.018,24146236
2021-07-08,123.578,125.142,123.574,124.592,23875578
2021-07-09,124.574,125.28,124.101,125.065,18699221
2021-07-12,125.722,126.61,125.158,126.517,17731827
2021-07-13,126.579,127.595,126.216,126.882,19316712
2021-07-14,127.496,128.859,127.452,127.774,23831740
2021-07-15,128.185,128.235,126.074,126.546,24306595
2021-07-16,127.202,127.35,125.698,126.511,20498581
2021-07-19,125.634,125.749,123.059,124.128,28068965
2021-07-20,125.075,126.584,123.901,125.754,26411839
2021-07-21,125.678,127.135,125.568,127.088,20821387
2021-07-22,127.382,128.019,127.038,127.957,14353725
2021-07-23,129.958,132.917,129.331,132.535,41656884
2021-07-26,132.847,133.752,131.824,133.551,30682304
2021-07-27,133.766,133.914,129.634,131.423,54907807
2021-07-28,135.82,137.797,134.79,135.603,95475458
2021-07-29,135.659,136.167,135.054,135.287,31830692
2021-07-30,134.547,134.816,133.77,134.241,25668494
2021-08-02,134.629,134.847,133.311,134.366,21712626
2021-08-03,134.647,135.241,132.839,135.14,20837143
2021-08-04,134.86,135.159,134.001,134.638,19747347
2021-08-05,135.189,135.858,134.359,135.76,17933776
2021-08-06,135.551,135.979,134.722,135.247,20562391
2021-08-09,135.451,136.688,134.85,136.419,17830403
2021-08-10,136.846,137.275,135.871,136.313,19484458
2021-08-11,136.686,137.185,135.78,135.787,15407652
2021-08-12,135.485,136.804,134.937,136.698,16578742
2021-08-13,136.754,137.359,136.539,137.231,16005251
2021-08-16,137.028,137.862,134.81,137.81,22479556
2021-08-17,137.253,137.766,135.591,136.168,21793919
2021-08-18,136.007,136.609,134.833,134.96,19328755
2021-08-19,133.95,135.861,133.765,135.189,21861503
2021-08-20,135.509,137.057,134.762,136.933,31306238
2021-08-23,137.47,140.366,137.111,139.535,28556546
2021-08-24,140.104,141.567,139.831,140.752,19337065
2021-08-25,141.114,141.676,140.866,141.566,15908943
2021-08-26,141.237,141.903,140.847,140.929,20684030
2021-08-27,141.14,143.99,140.986,143.484,28884531
2021-08-30,143.878,145.443,143.642,144.068,24522776
2021-08-31,144.623,144.647,143.76,144.175,22530139
2021-09-01,144.476,145.725,144.361,144.692,22015620
2021-09-02,144.692,144.993,142.667,142.769,32475441
2021-09-03,142.564,143.634,141.887,143.221,19926334
2021-09-07,143.315,144.043,143.1,143.76,20204880
2021-09-08,143.579,143.878,142.484,143.172,18416741
2021-09-09,143.321,143.789,142.661,143.022,15372626
2021-09-10,143.691,144.195,140.23,140.368,36972886
2021-09-13,141.437,142.434,140.74,141.818,22173932
2021-09-14,142.479,142.845,141.237,142.029,19745179
2021-09-15,142.256,143.928,140.838,143.908,27506935
2021-09-16,143.43,143.779,141.888,143.091,26290381
2021-09-17,142.515,142.932,139.963,140.292,53577984
2021-09-20,137.663,138.498,135.83,138.218,46686672
2021-09-21,139.244,139.506,137.778,138.531,25423730
2021-09-22,138.801,140.378,138.052,139.777,25146388
2021-09-23,140.478,141.184,139.895,140.706,21026949
2021-09-24,140.031,141.816,139.734,141.702,23067218
2021-09-27,140.296,141.425,139.562,140.562,21961284
2021-09-28,138.154,138.594,134.871,135.339,45938128
2021-09-29,136.486,136.655,133.382,133.869,30960529
2021-09-30,133.777,135.053,133.073,133.193,38166658
2021-10-01,133.962,136.416,133.589,136.049,35488364
2021-10-04,135.469,135.469,130.577,133.177,51387552
2021-10-05,133.557,136.728,133.557,135.532,32520725
2021-10-06,134.264,137.253,134.064,137.068,24452602
2021-10-07,138.39,139.536,138.15,138.722,25201166
2021-10-08,139.073,139.824,138.715,139.281,26621998
2021-10-11,138.789,140.204,138.357,138.412,18018703
2021-10-12,138.976,139.003,135.269,135.956,36463948
2021-10-13,136.905,137.501,136.025,137.085,19733597
2021-10-14,138.97,140.827,138.323,140.641,32043682
2021-10-15,141.103,141.206,140.247,140.858,30384187
2021-10-18,140.566,142.28,140.559,142.262,20470098
2021-10-19,142.87,143.143,142.085,142.719,20236092
2021-10-20,142.82,143.027,140.867,141.256,23372481
2021-10-21,141.256,141.643,139.993,141.373,26387572
2021-10-22,138.647,140.075,135.565,137.069,50772350
2021-10-25,137.053,137.501,134.935,136.95,34537007
2021-10-26,138.761,139.577,137.805,138.805,49413501
2021-10-27,138.901,148.113,138.901,145.689,86092366
2021-10-28,146.602,146.626,144.105,145.322,36337631
2021-10-29,144.554,147.707,144.128,147.511,43477340
2021-11-01,147.511,147.511,142.708,142.978,47093341
2021-11-02,144.058,146.08,143.815,144.906,33603616
2021-11-03,145.374,146.14,144.069,146.069,27592905
2021-11-04,146.592,149.193,145.779,147.732,38550504
2021-11-05,148.632,149.785,147.662,148.314,38493779
2021-11-08,149.284,150.071,147.895,148.493,23136067
2021-11-09,148.694,149.293,146.713,148.38,19600537
2021-11-10,146.968,147.535,144.016,145.367,30078443
2021-11-11,145.961,147.004,145.074,145.24,16577357
2021-11-12,146.087,148.312,144.886,148.141,22441057
2021-11-15,148.363,149.01,147.042,147.915,23592255
2021-11-16,147.615,148.224,146.78,147.341,18972528
2021-11-17,147.493,148.023,146.708,147.512,19670550
2021-11-18,147.707,150.036,147.349,149.297,35757375
2021-11-19,149.433,150.421,148.361,148.388,33821543
2021-11-22,148.792,149.289,145.619,145.773,30740233
2021-11-23,145.625,146.131,143.594,145.256,27329875
2021-11-24,144.948,145.72,143.851,145.592,18105537
2021-11-26,143.827,144.036,141.329,141.67,30579694
2021-11-29,143.48,145.768,143.375,145.005,32713200
2021-11-30,144.484,145.473,141.091,141.384,42219717
2021-12-01,143.48,145.423,140.402,140.542,34178693
2021-12-02,140.74,143.345,139.707,142.45,29300674
2021-12-03,143.162,143.878,139.794,141.489,41379623
2021-12-06,142.524,143.334,139.643,142.639,30729093
2021-12-07,145.07,146.999,144.704,146.738,32357174
2021-12-08,147.063,147.858,145.877,147.651,24358302
2021-12-09,147.058,148.562,146.583,147.105,23354075
2021-12-10,148.163,148.44,146.174,147.467,24551439
2021-12-13,147.248,147.435,144.991,145.299,27167529
2021-12-14,143.448,143.958,140.705,143.388,38585611
2021-12-15,142.891,146.191,141.166,145.912,36502306
2021-12-16,146.638,147.144,143.088,143.923,33772366
2021-12-17,141.985,143.315,140.79,141.213,51202824
2021-12-20,139.614,141.261,138.818,141.096,27290935
2021-12-21,141.541,143.35,139.995,142.954,28859601
2021-12-22,142.552,145.971,142.552,145.886,26417801
2021-12-23,145.971,147.708,145.923,146.386,26479082
2021-12-27,146.724,147.809,146.637,147.371,16042405
2021-12-28,147.701,147.764,145.527,146.157,18320473
2021-12-29,146.115,146.885,145.121,146.126,17851941
2021-12-30,146.164,146.768,145.467,145.671,15744589
2021-12-31,145.523,146.168,144.329,144.329,18200921
2022-01-03,144.531,145.324,143.194,144.468,28782904
2022-01-04,144.871,145.956,143.197,143.878,28502390
2022-01-05,143.898,143.977,137.191,137.278,54816276
2022-01-06,136.504,139.435,136.064,137.251,37482808
2022-01-07,137.647,137.948,135.275,136.523,29868445
2022-01-10,134.59,138.318,132.683,138.169,44569103
2022-01-11,137.508,139.709,136.198,139.231,28833848
2022-01-12,140.64,142.093,140.186,140.919,26206698
2022-01-13,141.029,142.334,137.909,138.087,31550560
2022-01-14,136.584,140.234,136.504,138.976,29768805
2022-01-18,135.683,136.636,134.949,135.507,35014572
2022-01-19,136.029,137.461,134.528,134.628,28751490
2022-01-20,135.758,137.129,132.485,132.827,30015556
2022-01-21,132.115,134.378,129.616,129.881,55853162
2022-01-24,125.523,130.729,124.05,130.332,76972264
2022-01-25,128.275,128.932,126.045,126.476,47130796
2022-01-26,130.645,132.52,126.683,128.766,49307599
2022-01-27,130.829,132.173,128.466,128.539,32134851
2022-01-28,129.19,132.874,128.021,132.869,34486043
2022-01-31,133.677,134.984,131.732,134.815,40130953
2022-02-01,137.097,137.296,133.883,137.147,68892480
2022-02-02,150.704,150.999,144.997,147.465,123645829
2022-02-03,145.18,149.134,142.149,142.574,71776477
2022-02-04,142.927,144.352,140.008,142.775,58208469
2022-02-07,143.729,143.729,138.398,138.698,55172583
2022-02-08,138.524,139.495,136.52,138.895,54480383
2022-02-09,140.454,142.009,139.68,141.081,40289405
2022-02-10,139.199,140.973,137.458,138.12,39473237
2022-02-11,138.1,138.653,132.918,133.797,40103193
2022-02-14,132.776,135.808,132.776,135.037,34425424
2022-02-15,137.073,137.609,135.331,136.114,26808091
2022-02-16,136.152,137.587,134.436,137.241,25112004
2022-02-17,135.751,136.618,132,132.061,39090695
2022-02-18,132.985,133.586,129.726,129.932,45784815
2022-02-22,129.369,131.702,127.76,129.345,45153835
2022-02-23,131.173,131.574,127.067,127.127,32904872
2022-02-24,124.502,132.52,124.502,132.211,54652485
2022-02-25,133.069,134.784,131.277,133.974,36537955
2022-02-28,132.569,135.261,132.113,134.569,39005307
2022-03-01,134.39,135.764,132.737,133.578,26591408
2022-03-02,134.142,134.774,132.591,134.086,23605061
2022-03-03,135.519,135.946,132.545,133.416,24692429
2022-03-04,132.448,133.369,129.867,131.429,30561026
2022-03-07,131.013,131.26,125.839,125.922,45276478
2022-03-08,125.794,130.776,125.221,126.645,40573652
2022-03-09,130.776,133.253,129.432,132.938,37159620
2022-03-10,130.792,132.791,130.44,131.952,27199645
2022-03-11,133.006,133.313,129.163,129.401,31640726
2022-03-14,129.78,129.937,124.822,125.496,38951954
2022-03-15,126.517,129.385,125.266,128.731,31031606
2022-03-16,130.261,132.852,128.269,132.8,35705950
2022-03-17,132.668,133.596,131.707,133.356,28366379
2022-03-18,132.942,135.752,131.78,135.635,44728459
2022-03-21,135.673,136.555,133.608,135.611,26928947
2022-03-22,135.611,140.54,135.611,139.363,35624214
2022-03-23,138.202,139.084,137.338,137.776,25244583
2022-03-24,138.697,141.108,137.254,141.061,26492250
2022-03-25,141.403,141.522,139.233,141.161,24230601
2022-03-28,140.391,141.489,139.306,140.945,35176317
2022-03-29,142.131,143.275,141.525,141.991,34441422
2022-03-30,141.945,142.204,141.089,141.425,19956844
2022-03-31,141.54,141.595,138.522,138.566,37660750
2022-04-01,138.996,139.964,137.808,139.644,26035480
2022-04-04,139.851,143.193,139.803,142.456,26064986
2022-04-05,142.353,142.474,139.875,140.083,21495762
2022-04-06,138.249,138.857,135.028,136.054,32586181
2022-04-07,135.519,136.668,133.742,135.397,26328699
2022-04-08,135.095,135.179,132.486,132.807,25233945
2022-04-11,131.348,131.615,128.203,128.358,37016764
2022-04-12,131.125,131.125,126.331,127.253,32829279
2022-04-13,127.538,129.863,127.28,129.425,28028479
2022-04-14,130.008,130.008,126.143,126.272,31712525
2022-04-18,126.541,127.749,125.726,127.215,20884093
2022-04-19,127.23,129.862,126.54,129.54,26585788
2022-04-20,130.42,130.924,127.039,127.578,31810359
2022-04-21,128.783,129.628,124.077,124.363,36577277
2022-04-22,124.549,124.949,118.496,119.204,57089929
2022-04-25,118.67,122.833,118.083,122.629,46295479
2022-04-26,121.852,122.068,118.083,118.222,73319711
2022-04-27,114.055,116.819,112.33,113.881,92153438
2022-04-28,115.995,119.217,113.703,118.094,49061851
2022-04-29,116.312,117.494,113.403,113.698,42830704
2022-05-02,112.995,116.324,112.193,116.162,35661830
2022-05-03,116.011,118.014,115.615,116.91,25057869
2022-05-04,116.609,122.41,114.701,121.819,50096227
2022-05-05,119.77,120.602,114.591,116.085,46006756
2022-05-06,114.768,117.146,113.604,115.328,39853531
2022-05-09,112.841,114.662,111.597,112.105,40950774
2022-05-10,115.091,115.83,112.494,113.982,40045022
2022-05-11,112.827,115.944,112.827,113.192,37670807
2022-05-12,110.976,113.882,109.428,112.437,54031341
2022-05-13,114.119,117.449,113.195,115.631,35165498
2022-05-16,114.541,115.75,113.478,114.032,26084657
2022-05-17,116.418,116.478,114.455,116.052,23136730
2022-05-18,114.585,114.983,111.153,111.495,35253315
2022-05-19,111.029,112.601,109.602,109.985,34268176
2022-05-20,111.547,111.779,105.414,108.515,49140455
2022-05-23,109.192,111.743,108.348,111.085,37319739
2022-05-24,105.39,106.073,101.517,105.588,77058114
2022-05-25,104.607,106.115,103.482,105.423,40403276
2022-05-26,105.295,108.256,104.845,107.402,38084782
2022-05-27,109.087,111.912,108.744,111.91,38051562
2022-05-31,112.339,115.317,111.674,113.351,50193559
2022-06-01,114.44,116.679,112.841,113.48,36738218
2022-06-02,113.588,117.473,112.538,117.197,38130005
2022-06-03,115.642,115.902,113.108,114.127,26230203
2022-06-06,116.284,118.916,115.744,116.398,33663131
2022-06-07,115.063,117.266,114.637,116.726,31704978
2022-06-08,116.34,118.142,116.179,116.771,26202383
2022-06-09,115.908,117.871,114.361,114.421,25891480
2022-06-10,112.039,112.87,109.967,110.761,41632215
2022-06-13,106.401,108.399,105.736,106.008,47423212
2022-06-14,106.15,107.534,105.418,106.33,33828448
2022-06-15,108.153,111.021,107.281,109.368,39842089
2022-06-16,106.834,108.255,104.758,105.651,51872323
2022-06-17,105.651,108.306,104.667,106.756,51562765
2022-06-21,108.537,112.083,108.208,111.141,47587687
2022-06-22,110.157,112.937,109.983,111.085,30885699
2022-06-23,111.826,112.335,110.102,111.836,28464734
2022-06-24,112.586,117.653,112.545,117.549,41312902
2022-06-27,117.845,118.152,114.764,115.416,36552788
2022-06-28,115.385,116.887,111.444,111.604,36011032
2022-06-29,111.149,112.751,110.472,111.298,24806420
2022-06-30,109.602,110.487,106.365,108.57,43325552
2022-07-01,107.543,108.855,106.345,108.345,35604262
2022-07-05,106.714,112.968,105.35,112.854,39542467
2022-07-06,112.893,115.172,111.073,114.158,37567072
2022-07-07,114.665,118.759,114.419,118.354,41084276
2022-07-08,116.827,119.253,116.479,118.923,38376777
2022-07-11,117.572,117.572,114.913,115.258,31356961
2022-07-12,115.795,116.551,113.28,113.608,30068306
2022-07-13,111.297,113.784,110.801,110.952,43880516
2022-07-14,109.812,110.692,107.982,109.968,37137179
2022-07-15,111.597,112.731,110.499,111.374,46938662
2022-07-18,112.233,113.27,107.979,108.636,43321063
2022-07-19,110.449,113.608,109.164,113.399,36663373
2022-07-20,112.761,114.983,112.074,113.488,35729481
2022-07-21,113.868,114.136,110.712,113.927,32794620
2022-07-22,110.599,111.934,106.115,107.51,49078455
2022-07-25,108.018,109.474,105.916,107.122,34816651
2022-07-26,106.215,106.813,103.694,104.641,48164935
2022-07-27,108.865,113.498,107.62,112.651,60075488
2022-07-28,111.964,113.927,111.057,113.808,32935531
2022-07-29,112.671,116.284,112.651,115.9,37358329
2022-08-01,114.883,116.298,113.927,114.445,26128664
2022-08-02,113.588,115.93,113.309,114.715,20309386
2022-08-03,115.292,118.192,115.063,117.654,28602325
2022-08-04,117.055,118.351,116.468,117.764,21681237
2022-08-05,115.81,117.679,115.581,117.046,19228975
2022-08-08,117.962,119.716,116.458,116.877,19238970
2022-08-09,116.712,116.897,115.292,116.209,19155655
2022-08-10,118.351,120.483,117.982,119.268,31042475
2022-08-11,120.842,121.051,118.132,118.411,24381720
2022-08-12,119.826,121.241,119.029,121.241,19165493
2022-08-15,120.693,121.858,120.174,121.639,19565495
2022-08-16,121.081,121.988,120.204,121.26,19110256
2022-08-17,119.686,120.851,118.949,119.118,22929780
2022-08-18,118.999,120.383,118.291,119.736,18052867
2022-08-19,118.63,118.719,116.338,116.787,21888589
2022-08-22,114.784,115.212,113.438,113.828,21534430
2022-08-23,113.065,114.595,113.02,113.448,15927904
2022-08-24,113.09,114.365,112.463,113.28,17798913
2022-08-25,113.823,116.298,113.698,116.229,17018264
2022-08-26,114.305,114.705,109.792,109.942,37380716
2022-08-29,109.592,110.549,108.407,109.025,21267977
2022-08-30,109.772,110.101,107.41,108.547,27612993
2022-08-31,110.251,110.449,107.74,107.829,28730747
2022-09-01,107.889,110.046,106.972,109.344,28463737
2022-09-02,110.191,110.34,106.873,107.46,24248296
2022-09-06,106.912,107.64,105.398,106.425,25159155
2022-09-07,106.673,109.582,106.513,109.055,23250949
2022-09-08,107.65,109.204,106.773,107.989,24326159
2022-09-09,108.671,110.589,108.627,110.251,23297736
2022-09-12,110.589,111.217,109.532,110.459,23050008
2022-09-13,107.41,107.909,103.714,103.943,38311251
2022-09-14,104.193,104.895,103.286,104.621,26490819
2022-09-15,103.654,104.89,101.981,102.538,34312219
2022-09-16,101.701,102.757,100.575,102.429,42952316
2022-09-19,101.382,102.957,101.184,102.698,23120321
2022-09-20,101.711,102,100.157,100.775,26613250
2022-09-21,101.302,102.509,98.9114,98.9214,31601409
2022-09-22,98.4631,100.874,98.4331,99.778,34422954
2022-09-23,99.2701,99.3001,97.118,98.3833,31740082
2022-09-26,97.7456,99.5192,97.4467,97.8155,27170803
2022-09-27,99.0709,99.6388,96.5221,97.1478,30181797
2022-09-28,97.2973,100.337,96.7593,99.6887,32584016
2022-09-29,98.2837,98.2837,95.6134,97.0681,31159773
2022-09-30,96.6994,98.5428,95.2149,95.3045,33060909
2022-10-03,96.4105,98.9286,96.1723,98.2837,28083468
2022-10-04,100.077,101.472,100.017,101.272,28955359
2022-10-05,99.4645,101.562,98.4431,101.064,22257296
2022-10-06,100.317,102.553,100.227,101.054,22404915
2022-10-07,99.4893,100.167,97.94,98.3236,27602465
2022-10-10,98.6424,98.737,96.6596,97.5066,18291161
2022-10-11,97.078,98.8865,95.9621,96.829,26603193
2022-10-12,96.9486,98.3933,96.3856,97.2077,21955666
2022-10-13,94.8063,99.4146,94.0427,98.7022,34699885
2022-10-14,99.6288,100.327,96.0219,96.2112,25502790
2022-10-17,98.5029,100.565,98.473,99.6089,28522214
2022-10-18,102.757,103.096,99.6089,100.406,24147893
2022-10-19,99.6487,100.653,98.5628,99.2701,23897381
2022-10-20,99.6388,101.951,99.031,99.6089,25415001
2022-10-21,97.4916,100.944,97.367,100.765,32576388
2022-10-24,101.432,102.379,99.6189,102.149,27274934
2022-10-25,102.528,104.441,102.349,104.103,40758595
2022-10-26,96.0818,97.9549,94.348,94.5871,88599062
2022-10-27,94.1786,95.0853,91.4685,91.8869,60930942
2022-10-28,91.9367,96.2012,91.7972,95.9421,43855693
2022-10-31,95.0753,95.6831,93.6406,94.1687,31789861
2022-11-01,95.1053,95.6831,90.0436,90.1432,47332315
2022-11-02,90.6115,90.8507,86.5662,86.6559,57245051
2022-11-03,86.0081,86.2075,83.039,83.1287,61510194
2022-11-04,85.0916,86.3271,83.4076,86.2672,51310236
2022-11-07,86.9647,88.5789,86.5362,88.1705,34202451
2022-11-08,88.5789,89.9938,87.2738,88.5789,30539333
2022-11-09,88.1305,89.112,86.9647,87.0046,31884265
2022-11-10,91.9168,94.0491,91.2791,93.6007,51807264
2022-11-11,94.348,96.5799,93.5808,96.0618,33210438
2022-11-14,94.7465,96.4404,94.1687,95.3543,30288942
2022-11-15,97.9051,99.778,96.3607,98.0844,41791768
2022-11-16,97.5464,99.2776,97.2874,98.493,29210663
2022-11-17,96.6197,98.9214,96.4404,98.0047,26147042
2022-11-18,98.4133,98.5428,96.0219,97.078,28445040
2022-11-21,96.9386,98.0445,95.0106,95.2547,21725860
2022-11-22,95.6034,96.8688,93.7103,96.6994,23523446
2022-11-23,96.7393,98.4033,96.7393,98.1044,18936490
2022-11-25,97.8852,98.2837,97.0482,97.108,9736609
2022-11-28,96.6859,97.2275,95.2646,95.7031,26347600
2022-11-29,95.3843,95.7728,93.77,94.8462,20134445
2022-11-30,94.4775,100.675,94.079,100.625,43805707
2022-12-01,100.655,101.881,99.8875,100.625,28791089
2022-12-02,98.6922,100.406,98.5428,100.077,21558572
2022-12-05,99.0409,101.014,98.6424,99.1207,24493557
2022-12-06,98.9414,99.4196,96.0718,96.6297,25000958
2022-12-07,96.0618,96.5312,94.3728,94.5971,31157991
2022-12-08,95.0355,95.2348,93.1125,93.3716,32330064
2022-12-09,93.4313,93.9195,92.415,92.4947,28327768
2022-12-12,92.3751,93.2221,91.2791,92.9729,29114173
2022-12-13,97.4069,99.1705,94.6868,95.2846,40740812
2022-12-14,94.8562,96.5201,93.2619,94.7266,28837761
2022-12-15,92.7936,93.3018,89.6849,90.5317,40252425
2022-12-16,90.4323,91.0001,89.1967,89.9339,58222145
2022-12-19,89.9289,90.2329,87.8914,88.1205,29599945
2022-12-20,87.7918,88.853,87.1243,88.6984,23538858
2022-12-21,88.7583,89.8942,88.001,89.2564,24835342
2022-12-22,87.8415,88.2202,86.0081,87.443,27758557
2022-12-23,86.7953,89.2215,86.7555,88.9077,23086423
2022-12-27,88.4743,88.6187,86.6957,87.0743,20170200
2022-12-28,86.6659,87.7221,85.6296,85.7093,19593949
2022-12-29,86.3071,88.524,86.2972,88.1305,23418123
2022-12-30,86.6659,87.9811,86.2573,87.9113,24073249
2023-01-03,89.2614,90.7211,88.2002,88.798,28233202
2023-01-04,90.0236,90.3226,86.9558,87.7618,34981128
2023-01-05,87.154,87.2537,85.5897,85.8887,27292957
2023-01-06,86.4765,87.3733,84.5535,87.0246,41531507
2023-01-09,88.0408,89.7248,87.5427,87.7021,29109043
2023-01-10,85.6694,88.3496,85.52,88.1006,30578203
2023-01-11,88.858,91.2692,88.6886,91.1895,26959346
2023-01-12,91.1495,91.5382,89.4258,90.8008,30367823
2023-01-13,90.5219,91.857,89.8044,91.7873,26424658
2023-01-17,91.7275,91.9168,89.7248,90.9603,32720610
2023-01-18,91.8072,92.4647,90.3126,90.7908,29222241
2023-01-19,90.3923,93.2669,90.3026,92.7138,37134525
2023-01-20,94.7565,97.9449,94.6768,97.666,63420152
2023-01-23,97.5961,99.6787,97.1478,99.4295,40150077
2023-01-24,97.7456,99.2502,96.8489,97.3471,33198424
2023-01-25,95.2248,95.8147,93.4213,94.8761,42483402
2023-01-26,96.1515,97.2175,95.0355,97.1677,30223140
2023-01-27,96.9585,99.9574,96.9585,99.0111,34002570
2023-01-30,97.1279,97.935,96.0468,96.5899,27324895
2023-01-31,96.5201,98.5228,96.4702,98.483,29978953
2023-02-01,98.3534,100.824,97.2275,100.067,35659907
2023-02-02,105.418,107.46,105.228,107.35,70137097
2023-02-03,102.558,107.42,102.209,104.401,65546013
2023-02-06,102.03,103.983,101.512,102.528,32115563
2023-02-07,102.847,107.789,102.748,107.252,49187897
2023-02-08,101.681,102.767,97.6809,99.0111,95086969
2023-02-09,99.6388,99.6687,93.2919,94.6668,119888056
2023-02-10,95.1053,96.4005,93.9096,94.2284,55180006
2023-02-13,94.3978,94.8562,93.501,94.2683,50257651
2023-02-14,94.0889,94.5025,91.9267,94.3381,54924507
2023-02-15,94.1487,96.7692,93.81,96.5899,50480818
2023-02-16,95.0256,97.3272,94.3978,95.165,42616549
2023-02-17,94.5074,95.2148,92.8733,94.0092,34408401
2023-02-21,92.6641,92.7638,91.3888,91.4585,33751165
2023-02-22,91.3688,91.7773,90.2827,91.3189,30995974
2023-02-23,91.5879,91.6079,89.4358,90.5617,41355757
2023-02-24,89.117,89.5654,88.2552,88.808,36717717
2023-02-27,89.5454,89.8343,89.0123,89.5454,27602000
2023-02-28,89.0074,90.9004,88.9974,89.7348,30251306
2023-03-01,89.6549,90.7012,89.3461,90.0336,31224006
2023-03-02,89.3361,91.9417,89.2664,91.6676,32343052
2023-03-03,92.146,93.3914,92.116,93.3117,35287563
2023-03-06,93.6754,95.6234,93.6605,94.7864,32757633
2023-03-07,94.6369,95.3245,93.1922,93.521,27936382
2023-03-08,93.78,95.6084,93.6605,93.9096,34226892
2023-03-09,93.7103,95.1849,91.5681,91.9866,28917983
2023-03-10,91.837,92.4548,90.0685,90.3026,36071335
2023-03-13,89.7645,92.2357,89.097,90.781,37470918
2023-03-14,92.2257,94.0191,92.106,93.6306,36180899
2023-03-15,92.8832,96.5799,92.3054,95.7628,50805560
2023-03-16,95.8525,100.824,95.155,99.9574,65805345
2023-03-17,99.8975,102.464,99.7384,101.253,61249781
2023-03-20,99.7582,101.382,99.5093,100.854,33079924
2023-03-21,100.884,104.721,100.854,104.541,42262933
2023-03-22,103.893,106.205,102.957,102.996,43584847
2023-03-23,104.681,105.916,104.083,105.218,40945665
2023-03-24,104.611,105.109,103.465,105.059,30521286
2023-03-27,104.238,104.381,101.559,102.09,31233680
2023-03-28,102.07,102.08,99.3798,100.665,32174078
2023-03-29,101.911,102.12,100.287,101.024,28883900
2023-03-30,100.545,100.789,99.4196,100.525,33206123
2023-03-31,100.934,103.514,100.675,103.356,36997002
2023-04-03,102.02,104.153,101.562,103.983,25126154
2023-04-04,103.953,105.198,103.664,104.341,24508604
2023-04-05,105.398,105.717,103.286,104.093,28393058
2023-04-06,104.88,108.775,103.953,108.028,48888064
2023-04-10,106.593,107.202,104.74,106.055,27165476
2023-04-11,106.165,106.345,104.301,104.97,26407185
2023-04-12,106.195,106.365,103.963,104.262,24458618
2023-04-13,105.458,107.102,105.458,107.042,24933639
2023-04-14,106.504,108.547,106.455,108.477,26674349
2023-04-17,104.279,105.776,104.143,105.588,37707417
2023-04-18,106.105,106.155,103.694,104.123,26692859
2023-04-19,103.206,104.601,102.698,103.804,20981469
2023-04-20,103.534,105.866,103.493,104.91,27921647
2023-04-21,105.089,105.617,104.401,105.029,25893609
2023-04-24,105.109,106.245,104.321,105.588,23628174
2023-04-25,105.443,106.305,103.465,103.475,46833266
2023-04-26,104.541,105.966,102.259,103.336,53540950
2023-04-27,104.073,107.979,103.166,107.202,50270765
2023-04-28,106.653,106.962,104.711,106.952,36270857
2023-05-01,106.455,107.6,106.435,106.813,26778403
2023-05-02,106.753,106.813,103.336,104.94,31109613
2023-05-03,105.148,107.102,104.581,105.029,21874415
2023-05-04,105.104,105.218,103.594,104.311,23504404
2023-05-05,104.441,105.498,103.734,105.188,26735823
2023-05-08,104.8,107.57,104.78,107.38,26607551
2023-05-09,107.999,109.752,106.803,106.962,36491950
2023-05-10,107.58,112.533,107.54,111.346,63382304
2023-05-11,114.978,117.494,113.997,116.149,79186049
2023-05-12,116.259,117.604,115.69,117.085,41251330
2023-05-15,115.69,118.052,115.591,116.089,36398235
2023-05-16,116.069,120.314,116.01,119.079,45198816
2023-05-17,119.178,121.231,118.461,120.403,33444389
2023-05-18,120.513,122.865,120.393,122.386,35361960
2023-05-19,123.103,125.515,121.709,122.317,41503355
2023-05-22,122.496,125.974,122.297,124.598,35380829
2023-05-23,123.712,124.175,121.768,122.117,34169672
2023-05-24,120.683,121.47,119.427,120.463,34306550
2023-05-25,124.07,124.867,121.52,123.034,42470389
2023-05-26,122.725,124.807,122.008,124.16,35765120
2023-05-30,125.187,125.207,121.56,123.223,35203814
2023-05-31,122.307,123.612,122.058,122.426,37461096
2023-06-01,122.371,123.97,122.177,123.273,30884237
2023-06-02,123.542,125.694,123.313,124.22,27077952
2023-06-05,123.562,126.969,123.393,125.555,32422641
2023-06-06,125.555,127.827,124.907,126.85,26734861
2023-06-07,126.511,128.574,121.679,122.058,52729445
2023-06-08,121.783,122.78,120.803,121.699,29495705
2023-06-09,121.808,123.308,121.47,121.788,23864517
2023-06-12,122.341,123.602,121.221,123.193,28441473
2023-06-13,124.529,124.708,122.735,123.383,22359074
2023-06-14,122.655,123.602,121.011,123.223,30703197
2023-06-15,122.695,125.007,121.958,124.638,35374039
2023-06-16,125.475,125.652,122.835,123.083,45700623
2023-06-20,122.486,124.12,121.699,122.655,26192098
2023-06-21,121.958,122.217,119.666,120.114,30416199
2023-06-22,119.566,122.795,118.401,122.705,27049950
2023-06-23,120.941,122.344,120.623,121.898,35040202
2023-06-26,120.783,121.56,117.837,117.912,34093041
2023-06-27,116.657,118.649,115.68,117.902,39679257
2023-06-28,116.667,119.956,116.428,119.746,27189658
2023-06-29,118.809,119.626,117.867,118.669,24178233
2023-06-30,119.736,120.643,119.258,119.268,29639298
2023-07-03,118.809,119.756,118.389,119.467,14520297
2023-07-05,118.809,122.167,118.799,121.31,27684806
2023-07-06,119.362,119.866,117.972,119.676,24868626
2023-07-07,119.666,120.613,118.969,119.049,21788248
2023-07-10,117.872,117.877,115.715,116.03,35443256
2023-07-11,115.87,117.285,114.933,116.717,23162444
2023-07-12,118.371,119.896,117.987,118.501,30514628
2023-07-13,120.493,124.379,120.015,124.09,44458499
2023-07-14,124.349,126.317,123.044,124.967,33403730
2023-07-17,125.485,126.641,123.747,124.2,25809438
2023-07-18,124.15,124.23,122.516,123.313,26321520
2023-07-19,124.15,124.727,121.36,121.589,37358973
2023-07-20,120.981,123.642,117.793,118.769,38044178
2023-07-21,120.184,120.553,118.301,119.586,71866054
2023-07-24,121.221,122.556,120.543,121.091,29831418
2023-07-25,120.921,122.7,120.583,121.768,52699903
2023-07-26,129.6,130.507,127.856,128.803,61905696
2023-07-27,131.195,132.759,128.325,128.933,45115029
2023-07-28,130.308,133.257,130.098,132.102,36723804
2023-07-31,132.25,133.043,131.3,132.24,28157235
2023-08-01,130.303,132.151,130.208,131.075,23360819
2023-08-02,128.983,129.62,127.099,127.916,26368501
2023-08-03,127.508,128.918,126.959,127.986,20232608
2023-08-04,128.813,131.035,127.448,127.647,26241944
2023-08-07,128.694,131.135,128.554,131.055,22828747
2023-08-08,130.148,131.035,129.077,130.925,23620498
2023-08-09,131.185,131.563,128.534,129.191,25003229
2023-08-10,130.845,131.573,128.983,129.221,20933365
2023-08-11,128.196,129.461,127.707,129.092,19662099
2023-08-14,128.923,130.895,128.494,130.855,24785132
2023-08-15,130.626,130.945,128.813,129.311,19842402
2023-08-16,128.235,129.811,127.403,128.235,25307478
2023-08-17,129.331,131.513,128.823,129.451,33567526
2023-08-18,128.046,128.783,125.927,126.999,30615351
2023-08-21,126.716,128.26,126.102,127.906,25340258
2023-08-22,128.046,129.808,127.856,128.614,22147516
2023-08-23,129.71,132.928,129.401,131.892,27920562
2023-08-24,133.466,133.765,129.101,129.311,28604011
2023-08-25,129.072,130.288,126.791,129.411,26859909
2023-08-28,130.835,132.062,129.67,130.537,20617737
2023-08-29,131.762,136.076,131.762,134.084,43231709
2023-08-30,134.293,135.783,133.586,135.389,28418416
2023-08-31,135.519,137.501,135.299,135.679,30162748
2023-09-01,136.958,136.958,134.363,135.169,21621785
2023-09-05,134.951,135.927,134.094,135.279,19473450
2023-09-06,135.529,136.036,133.182,133.974,18752267
2023-09-07,133.107,135.091,132.47,134.772,18912654
2023-09-08,134.422,136.166,134.363,135.887,23669683
2023-09-11,136.046,136.983,135.294,136.426,20838619
2023-09-12,135.768,136.376,134.702,134.851,18472226
2023-09-13,134.602,136.406,133.665,136.216,20824715
2023-09-14,137.103,138.194,135.748,137.601,24840692
2023-09-15,137.481,138.02,135.987,136.903,39060701
2023-09-18,136.116,138.657,136.116,137.711,21940595
2023-09-19,136.923,137.91,136.126,137.541,20427437
2023-09-20,137.581,137.581,133.137,133.257,30035965
2023-09-21,130.965,131.752,129.6,129.968,31618114
2023-09-22,130.288,131.548,129.131,129.78,26493030
2023-09-25,129.361,130.696,128.494,130.636,20167488
2023-09-26,129.301,129.893,126.761,128.101,25811936
2023-09-27,128.106,130.423,128.106,130.068,22828910
2023-09-28,129.371,132.819,129.321,131.832,22594744
2023-09-29,132.799,133.566,129.889,130.388,30971659
2023-10-02,130.736,133.935,130.696,133.685,22368834
2023-10-03,133.456,133.775,131.363,131.952,23072739
2023-10-04,132.31,135.081,132.052,134.752,26849274
2023-10-05,134.582,135.001,132.968,134.582,19904510
2023-10-06,133.526,137.656,133.526,137.083,27697642
2023-10-09,136.446,138.438,135.12,137.92,19347954
2023-10-10,138,139.215,136.834,137.561,27887342
2023-10-11,138.08,140.6,138.08,140.043,25978136
2023-10-12,140.54,140.71,137.76,138.468,24855314
2023-10-13,138.877,139.495,136.121,136.864,23520555
2023-10-16,137.671,139.126,137.491,138.593,28605193
2023-10-17,138.129,139.395,136.684,139.215,23601027
2023-10-18,138.941,140.212,136.884,137.461,23459734
2023-10-19,138,139.156,136.884,137.253,26160502
2023-10-20,136.834,137.373,134.592,135.111,26431142
2023-10-23,134.552,137.163,133.466,136.007,26413335
2023-10-24,137.333,138.857,136.923,138.308,44976777
2023-10-25,127.697,127.846,124.618,125.157,84672044
2023-10-26,122.825,123.88,120.832,121.838,57267992
2023-10-27,122.436,122.865,119.772,121.728,44728064
2023-10-30,122.765,124.947,122.307,124.01,29044991
2023-10-31,124.608,124.917,122.242,123.632,26387654
2023-11-01,123.622,126.034,123.268,125.994,30191489
2023-11-02,127.956,128.514,126.471,127.029,27222976
2023-11-03,127.558,129.058,127.398,128.634,26488786
2023-11-06,128.584,129.869,128.205,129.78,19121808
2023-11-07,130.238,131.433,129.411,130.497,29865149
2023-11-08,130.497,131.732,130.308,131.363,26521645
2023-11-09,131.483,132.072,129.595,129.77,23833861
2023-11-10,129.635,132.32,128.943,132.111,27025442
2023-11-13,131.305,132.111,130.776,131.613,18391180
2023-11-14,133.705,135.209,132.839,133.137,32512613
2023-11-15,134.382,134.542,133.087,134.134,23948015
2023-11-16,134.702,136.724,133.835,136.436,28114729
2023-11-17,135.509,135.569,133.167,134.821,37422862
2023-11-20,133.207,136.166,133.137,135.758,27951723
2023-11-21,135.798,136.684,135.469,136.476,22717327
2023-11-22,136.973,138.916,136.973,137.99,17885056
2023-11-24,137.531,137.631,135.499,136.196,12559687
2023-11-27,135.539,137.92,135.509,135.917,23521485
2023-11-28,135.589,136.754,134.933,136.704,18797930
2023-11-29,137.073,137.788,134.353,134.502,24054105
2023-11-30,134.562,135.061,130.806,132.052,39129599
2023-12-01,131.383,131.633,130.193,131.383,31556244
2023-12-04,129.411,129.561,127.438,128.803,36802808
2023-12-05,128.484,131.663,127.787,130.517,27484056
2023-12-06,130.965,131.363,129.406,129.551,23661642
2023-12-07,134.552,138.06,134.214,136.436,56972886
2023-12-08,133.715,135.907,133.541,134.502,32377058
2023-12-11,131.902,132.854,130.885,132.809,31250889
2023-12-12,131.334,132.52,130.786,132.042,29138077
2023-12-13,132.898,133.018,131.095,132.092,30213907
2023-12-14,132.898,133.237,129.216,131.463,38862785
2023-12-15,131.145,133.028,130.706,132.121,51031438
2023-12-18,132.151,136.652,131.952,135.309,32374905
2023-12-19,136.346,136.973,135.589,136.156,25569108
2023-12-20,138.468,141.183,137.566,137.84,49285197
2023-12-21,138.986,140.177,138.677,139.913,27587931
2023-12-22,140.262,141.477,140.202,140.979,26628380
2023-12-26,141.079,142.164,140.68,141.009,16841163
2023-12-27,141.079,141.567,139.381,139.863,19699773
2023-12-28,140.272,140.63,139.245,139.723,16103879
2023-12-29,139.126,139.853,138.279,139.185,18800926
2024-01-02,138.05,138.946,135.987,137.671,23797175
2024-01-03,136.754,139.126,136.585,138.418,24299918
2024-01-04,137.92,138.657,135.858,135.897,27236112
2024-01-05,136.251,136.66,134.662,135.239,22595468
2024-01-08,135.798,138.508,135.768,138.338,21481573
2024-01-09,138,140.974,137.651,140.44,24849354
2024-01-10,140.49,142.484,140.4,141.767,21397490
2024-01-11,142.972,144.696,140.127,141.567,24095756
2024-01-12,142.154,142.677,141.307,142.134,18853613
2024-01-16,141.487,143.829,140.939,141.975,22752649
2024-01-17,140.835,141.327,138.398,140.959,21044662
2024-01-18,141.537,143.689,141.477,142.962,25839750
2024-01-19,144.217,145.921,143.858,145.851,34396105
2024-01-22,146.568,147.855,145.313,145.463,32317098
2024-01-23,145.363,146.65,144.974,146.508,21714562
2024-01-24,148.003,149.314,147.565,148.163,25324923
2024-01-25,149.523,152.497,149,151.322,29254737
2024-01-26,150.554,151.984,150.465,151.636,26210165
2024-01-29,151.511,153.224,150.883,152.956,27884979
2024-01-30,152.249,153.066,150.639,150.913,36463539
2024-01-31,143.101,143.48,139.365,139.594,72170725
2024-02-01,141.607,142.544,140.282,140.65,40613244
2024-02-02,138.757,142.105,136.007,141.866,62726141
2024-02-05,142.304,144.944,142.264,143.161,38644990
2024-02-06,144.128,144.835,142.672,143.579,29233793
2024-02-07,144.237,145.089,143.405,145.014,25300246
2024-02-08,145.303,145.801,144.581,145.383,22645559
2024-02-09,146.151,148.9,145.652,148.462,26926763
2024-02-12,147.885,148.795,146.838,146.998,21642256
2024-02-13,144.397,146.141,143.171,144.616,27938644
2024-02-14,145.553,145.991,143.573,145.413,22786470
2024-02-15,142.624,143.001,139.953,142.254,37726965
2024-02-16,142.474,142.672,139.633,140.013,31583004
2024-02-20,139.151,141.567,138.986,140.61,25026104
2024-02-21,140.939,142.174,140.167,142.035,23400208
2024-02-22,144.407,144.476,142.284,143.569,27290465
2024-02-23,143.151,144.157,142.912,143.44,19564418
2024-02-26,141.627,141.925,136.893,137.073,53836251
2024-02-27,137.521,138.747,136.595,138.378,33219177
2024-02-28,137.402,137.511,134.921,135.887,37463877
2024-02-29,136.784,138.358,135.907,137.96,42285689
2024-03-01,137.93,138.368,136.426,136.644,31264041
2024-03-04,135.169,135.169,131.433,132.868,56202418
2024-03-05,131.403,132.759,130.193,132.191,40340467
2024-03-06,132.639,133.097,130.378,130.925,35446643
2024-03-07,132.315,134.452,131.135,133.895,37875013
2024-03-08,133.725,137.586,133.516,134.921,39513113
2024-03-11,135.639,138.593,135.639,137.173,32555362
2024-03-12,136.536,138.872,136.536,138,27663273
2024-03-13,138.498,140.58,138.488,139.285,23431843
2024-03-14,140.68,143.066,139.948,142.584,42908372
2024-03-15,141.985,142.662,139.524,140.67,49654770
2024-03-18,148.073,151.601,146.638,147.147,69524823
2024-03-19,147.625,148.254,145.553,146.498,24157692
2024-03-20,147.465,148.322,146.205,148.202,21388757
2024-03-21,148.93,149.827,146.37,147.067,24845338
2024-03-22,148.582,151.032,148.442,150.225,29317664
2024-03-25,149.399,149.832,147.286,149.528,19298993
2024-03-26,149.677,151.705,149.438,150.126,22229429
2024-03-27,150.634,151.087,148.362,150.325,22962117
2024-03-28,150.305,150.883,149.628,150.385,24574152
2024-04-01,150.146,155.177,150.066,154.928,31845875
2024-04-02,152.946,154.141,151.601,154.002,24675111
2024-04-03,153.046,154.52,152.179,154.36,24794549
2024-04-04,152.946,154.211,149.907,149.986,34850618
2024-04-05,149.488,152.866,149.059,151.949,23544288
2024-04-08,152.229,154.709,152.059,154.29,20777020
2024-04-09,155.521,157.987,154.63,156.034,31225800
2024-04-10,155.646,156.044,154.121,155.576,22921421
2024-04-11,156.343,159.104,155.895,158.834,27264912
2024-04-12,157.39,159.644,156.573,157.16,25445655
2024-04-15,158.287,158.664,154.031,154.3,27234844
2024-04-16,153.633,155.088,152.876,153.843,20854822
2024-04-17,155.058,156.513,154.021,154.908,21842023
2024-04-18,154.779,156.373,154.061,155.446,19955122
2024-04-19,155.636,155.795,151.749,153.553,32704731
2024-04-22,153.753,157.07,153.503,155.716,26542076
2024-04-23,156.393,158.396,155.716,157.689,21228244
2024-04-24,156.921,158.989,156.598,158.555,22861688
2024-04-25,150.784,155.925,150.325,155.437,57316758
2024-04-26,173.74,174.079,169.037,171.329,64899717
2024-04-29,168.447,168.938,164.613,165.55,45775364
2024-04-30,165.014,167.492,162.013,162.192,33684529
2024-05-01,163.707,166.516,162.501,163.268,33614567
2024-05-02,164.19,166.128,163.298,166.018,24382619
2024-05-03,166.955,167.353,162.461,166.636,34788086
2024-05-06,166.855,167.532,165.43,167.492,21950568
2024-05-07,167.892,171.14,167.782,170.631,28141342
2024-05-08,168.389,169.536,168.126,168.769,19640086
2024-05-09,168.779,170.073,167.572,169.346,15402333
2024-05-10,167.418,169.236,165.589,168.041,29907958
2024-05-13,163.667,168.669,163.408,168.529,31441167
2024-05-14,169.156,170.631,168.19,169.725,25218226
2024-05-15,170.013,172.026,169.894,171.887,27046060
2024-05-16,172.664,174.482,172.066,173.55,27968971
2024-05-17,173.55,175.629,173.063,175.424,24568001
2024-05-20,175.556,178.124,175.444,176.281,22636161
2024-05-21,176.261,177.507,175.174,177.208,17050957
2024-05-22,176.005,176.511,174.577,175.744,17944858
2024-05-23,176.431,177.606,172.326,172.923,21101152
2024-05-24,174.347,175.134,173.023,174.357,16639540
2024-05-28,173.82,176.63,173.735,175.764,20646733
2024-05-29,174.797,176.197,174.089,175.264,23473479
2024-05-30,174.567,174.587,171.17,171.488,23041904
2024-05-31,171.24,172.435,168.829,171.877,37775320
2024-06-03,171.917,173.895,170.542,172.544,27558660
2024-06-04,172.654,173.217,171.269,173.163,26977037
2024-06-05,174.567,176.006,173.306,174.777,22148519
2024-06-06,175.259,176.511,175.115,176.091,23335300
2024-06-07,176.411,177.228,173.67,173.83,19732673
2024-06-10,174.538,176.623,172.333,174.578,23838060
2024-06-11,175.785,176.404,173.341,176.184,21593885
2024-06-12,177.81,179.965,175.676,177.351,27933689
2024-06-13,175.676,176.304,174.448,174.728,20965050
2024-06-14,173.79,176.626,173.72,176.354,18108254
2024-06-17,175.026,177.92,174.378,176.802,19667043
2024-06-18,176.702,176.947,173.674,174.658,21923975
2024-06-20,174.938,176.852,174.558,175.864,20209972
2024-06-21,176.563,180.403,176.174,179.187,58727708
2024-06-24,179.715,180.443,178.229,178.777,18343291
2024-06-25,179.177,183.835,178.977,183.576,23293086
2024-06-26,182.179,184.054,182.029,183.426,19888064
2024-06-27,183.725,185.59,183.566,184.952,18895526
2024-06-28,183.865,184.673,181.511,181.701,29228793
2024-07-01,182.578,183.426,180.853,182.539,16045735
2024-07-02,181.601,185.112,181.111,184.783,17415474
2024-07-03,184.394,185.63,183.546,185.362,10267470
2024-07-05,185.397,190.389,185.342,190.129,21019335
2024-07-08,189.426,189.701,187.316,188.563,21087940
2024-07-09,189.84,190.887,188.254,188.514,15178779
2024-07-10,188.683,191.277,188.563,190.708,15991929
2024-07-11,189.376,190.389,184.623,185.112,25689196
2024-07-12,184.623,186.648,184.035,184.613,22955069
2024-07-15,184.464,187.776,184.464,186.07,16514808
2024-07-16,186.898,188.214,182.921,183.466,18335983
2024-07-17,182.514,183.097,179.456,180.573,20785378
2024-07-18,181.481,182.049,176.034,177.252,25378372
2024-07-19,178.438,179.845,176.692,177.222,18928609
2024-07-22,180.145,182.249,179.785,181.221,24159982
2024-07-23,181.601,183.157,181.091,181.341,36442670
2024-07-24,173.172,175.756,171.396,172.204,49707904
2024-07-25,172.094,172.992,166.777,166.867,44962961
2024-07-26,166.737,167.675,163.655,166.588,41439176
2024-07-29,168.413,170.009,167.575,169.111,20344040
2024-07-30,169.819,170.807,168.024,169.869,19006602
2024-07-31,172.812,173.815,169.591,171.117,25792757
2024-08-01,169.829,173.62,168.463,170.339,24592096
2024-08-02,166.029,168.094,164.264,166.248,29202185
2024-08-05,155.116,164.024,154.548,158.857,53763384
2024-08-06,158.937,160.173,156.024,157.899,49125825
2024-08-07,160.852,162.578,158.079,158.547,25200779
2024-08-08,160.113,163.286,159.815,161.63,25642135
2024-08-09,159.615,163.386,158.667,163.266,28673062
2024-08-12,163.944,164.492,161.441,161.889,15934619
2024-08-13,163.006,164.324,162.568,163.754,18597597
2024-08-14,161.999,162.817,157.321,159.974,40691570
2024-08-15,160.104,161.236,159.216,160.902,31602260
2024-08-16,161.071,164.652,160.732,162.558,24268552
2024-08-19,164.872,166.278,163.854,166.258,22471654
2024-08-20,166.488,168.224,166.408,166.767,18386920
2024-08-21,164.742,166.438,164.264,165.44,22958669
2024-08-22,166.847,167.176,162.907,163.396,22548935
2024-08-23,164.314,165.77,163.426,165.212,13990275
2024-08-26,165.97,167.136,164.049,165.75,14225531
2024-08-27,165.425,166.032,164.054,164.274,11851194
2024-08-28,164.627,165.192,161.129,162.448,16448045
2024-08-29,163.904,165.56,159.855,161.381,19748515
2024-08-30,162.214,163.256,161.293,162.976,22178557
2024-09-03,161.321,161.451,156.094,156.971,39041673
2024-09-04,156.268,158.607,155.577,156.064,19401650
2024-09-05,155.914,159.057,155.596,156.852,18734993
2024-09-06,156.912,157.441,150.178,150.547,38005945
2024-09-09,152.335,153.224,147.046,148.54,39305446
2024-09-10,150.278,151.097,148.17,148.49,31154429
2024-09-11,149.748,151.327,147.351,150.987,29641625
2024-09-12,153.624,154.643,152.475,154.513,29729080
2024-09-13,155.252,158.199,155.032,157.28,29625065
2024-09-16,157.13,158.069,156.421,157.879,18400839
2024-09-17,158.838,160.366,158.194,159.138,20739353
2024-09-18,159.677,160.316,158.413,159.627,23704450
2024-09-19,163.523,163.603,161.155,161.954,26618204
2024-09-20,163.313,163.543,161.874,163.403,40943308
2024-09-23,164.162,165.301,161.485,161.665,24178530
2024-09-24,162.843,163.029,160.506,162.104,23358887
2024-09-25,161.285,162.624,161.115,161.305,18890824
2024-09-26,163.453,163.892,162.094,162.544,20342623
2024-09-27,162.624,165.51,162.44,163.762,21125490
2024-09-30,163.133,165.96,163.073,165.66,20504775
2024-10-01,167.493,168.966,164.392,166.799,28370600
2024-10-02,166.229,167.328,164.541,165.67,17780533
2024-10-03,164.222,166.449,163.735,165.67,15090375
2024-10-04,167.868,168.037,165.291,166.869,19115606
2024-10-07,167.528,168.287,162.564,162.793,22488884
2024-10-08,163.752,164.536,162.684,164.192,23099175
2024-10-09,163.263,164.651,159.557,161.675,31217510
2024-10-10,160.686,162.883,160.211,161.894,14160278
2024-10-11,161.944,163.712,161.05,163.053,15361836
2024-10-14,163.453,166.036,163.213,164.771,19037934
2024-10-15,165.595,167.488,164.437,165.271,20270399
2024-10-16,164.342,165.61,163.553,164.971,16424832
2024-10-17,165.54,166.18,162.574,162.743,21477982
2024-10-18,163.003,164.521,162.893,163.233,19780304
2024-10-21,162.763,164.312,162.434,163.882,20970461
2024-10-22,162.793,165.58,162.793,164.951,16587109
2024-10-23,164.571,165.63,161.74,162.594,18301468
2024-10-24,162.644,163.143,160.826,162.534,22438213
2024-10-25,163.483,165.4,163.233,165.081,19851609
2024-10-28,168.557,168.557,163.762,166.529,32175474
2024-10-29,167.538,170.185,166.898,169.486,42217353
2024-10-30,180.473,181.812,173.861,174.26,68969740
2024-10-31,172.932,176.618,170.804,170.914,44820289
2024-11-01,169.875,172.123,168.687,171.094,31832917
2024-11-04,169.735,170.535,167.819,169.046,21517376
2024-11-05,169.236,170.335,168.647,169.546,18262956
2024-11-06,173.601,176.737,173.301,176.308,33734155
2024-11-07,177.207,180.873,176.987,180.543,25381995
2024-11-08,180.438,180.693,177.876,178.146,22031402
2024-11-11,178.376,180.338,178.266,180.144,17470353
2024-11-12,179.614,182.281,179.185,181.412,25163711
2024-11-13,180.253,180.753,178.336,178.675,23210573
2024-11-14,178.076,178.615,174.122,175.379,31042993
2024-11-15,173.531,173.941,171.024,172.293,32541901
2024-11-18,173.221,175.237,172.702,175.099,20229771
2024-11-19,173.521,178.665,173.361,177.916,23461782
2024-11-20,177.137,177.472,173.581,175.779,19018882
2024-11-21,173.701,173.931,163.513,167.438,59802838
2024-11-22,165.66,166.269,163.712,164.571,38648830
2024-11-25,165.9,168.437,165.418,167.458,33173238
2024-11-26,167.438,169.626,167.388,168.926,20510199
2024-11-27,168.807,169.289,167.828,169.036,19288591
2024-11-29,168.307,169.236,166.969,168.757,14273583
2024-12-02,168.572,171.878,168.377,171.294,23816347
2024-12-03,171.294,172.482,170.654,171.144,22274203
2024-12-04,170.949,174.71,170.864,174.17,31651370
2024-12-05,175.159,175.858,172.133,172.442,21380718
2024-12-06,171.833,174.88,171.663,174.51,21486990
2024-12-09,173.96,176.26,173.65,175.37,25389631
2024-12-10,182.845,186.36,181.05,185.17,54813022
2024-12-11,185.31,195.61,184.85,195.4,67894071
2024-12-12,195,195.18,191.71,191.96,34817486
2024-12-13,191.01,192.73,189.64,189.82,25143495
2024-12-16,192.87,199,192.62,196.66,44934901
2024-12-17,197.25,201.42,194.98,195.42,43504025
2024-12-18,195.22,197,187.74,188.4,34166074
2024-12-19,191.625,193.03,188.38,188.51,32265241
2024-12-20,185.78,192.89,185.22,191.41,63462934
2024-12-23,192.62,195.1,190.15,194.63,25675014
2024-12-24,194.84,196.11,193.78,196.11,10403259
2024-12-26,195.15,196.748,194.375,195.6,12057210
2024-12-27,194.95,195.32,190.65,192.76,18891362
2024-12-30,189.8,192.55,189.12,191.24,14264659
2024-12-31,191.075,191.96,188.51,189.3,17466919
2025-01-02,190.65,192,187.5,189.43,20370828
2025-01-03,191.37,193.21,189.975,191.79,18596159
2025-01-06,193.98,198.222,193.85,196.87,29563638
2025-01-07,197.11,201,194.6,195.49,26487244
2025-01-08,192.57,196.29,192.38,193.95,24864766
2025-01-10,194.295,196.52,190.31,192.04,26665206
2025-01-13,190.07,191.18,187.36,191.01,21823699
2025-01-14,191.24,191.98,188.308,189.66,17174854
2025-01-15,193.09,196.36,191.86,195.55,21775969
2025-01-16,194.14,195.48,192.81,192.91,17815432
2025-01-17,196.53,197.23,193.75,196,27735089
2025-01-21,198.985,202.29,197.87,198.05,29971292
2025-01-22,199.06,200.48,197.53,198.37,26200617
2025-01-23,198.14,200.3,195.2,197.98,26951357
2025-01-24,198.1,200.9,198,200.21,23877521
2025-01-27,192.41,196.88,190.73,191.81,41728893
2025-01-28,192.745,195.48,190.68,195.3,24157929
2025-01-29,195.555,196.785,193.43,195.41,18218256
2025-01-30,198,201.4,197.67,200.87,24354684
2025-01-31,202,205.48,201.8,204.02,32041952
2025-02-03,200.69,203.75,200.1,201.23,27838348
2025-02-04,203.39,207.05,202.81,206.38,43856425
2025-02-05,191.07,192.75,188.03,191.33,70461770
2025-02-06,189.5,192.1,188.72,191.6,29297442
2025-02-07,191.05,191.18,183.24,185.34,49314961
2025-02-10,187.35,188.2,185.86,186.47,23105649
2025-02-11,185.03,186.94,184.28,185.32,21239519
2025-02-12,183.22,185.11,181.83,183.61,22072559
2025-02-13,184.32,186.28,183.14,186.14,21402523
2025-02-14,185.055,186.4,184.32,185.23,20448437
2025-02-18,185.6,185.96,181.74,183.77,29916675
2025-02-19,184.07,185.46,183.59,185.27,19549396
2025-02-20,184.8,185.31,182.72,184.56,20441462
2025-02-21,185.15,185.34,179.08,179.66,35199239
2025-02-24,182.05,183.12,178.885,179.32,29854206
2025-02-25,178.04,178.74,174.693,175.42,41913411
2025-02-26,175.07,176.08,171.58,172.73,35431268
2025-02-27,173.99,174.56,167.94,168.5,39991015
2025-02-28,168.68,170.61,166.77,170.28,48130565
2025-03-03,171.925,173.37,165.93,167.01,40770451
2025-03-04,166.24,173.2946,165.8,170.92,45387996
2025-03-05,170.52,173.78,169.06,173.02,30954922
2025-03-06,170.53,174.81,170.5,172.35,28301953
2025-03-07,171.26,174.97,170.27,173.86,27385813
2025-03-10,168.26,168.46,163.69,165.87,43604027
2025-03-11,164.91,166.75,161.37,164.04,39587414
2025-03-12,166.58,167.6399,163.53,167.11,28372396
2025-03-13,166.035,166.13,162.11,162.76,31756214
2025-03-14,163.27,166.49,162.45,165.49,31995894
2025-03-17,165.03,166.3,163.67,164.29,31184335
2025-03-18,163.675,164.25,156.72,160.67,42074751
2025-03-19,161.76,165.87,161,163.89,34275582
2025-03-20,161.57,164.89,160.96,162.8,28138464
2025-03-21,161.205,164.24,160.8901,163.99,36625764
2025-03-24,167.065,168.32,165.14,167.68,30879129
2025-03-25,168.98,170.63,168.315,170.56,24174373
2025-03-26,169,169.61,164.84,165.06,28939326
2025-03-27,164.63,165.42,162,162.24,24508273
2025-03-28,160.49,161.82,153.63,154.33,48669335
2025-03-31,153.11,155.54,150.662,154.64,54603464
2025-04-01,153.62,158.1,153.62,157.07,30672899
2025-04-02,155.15,158.4052,154.7,157.04,25041730
2025-04-03,151.11,152.7799,150.39,150.72,46883371
2025-04-04,148.01,151.07,145.38,145.6,62259539
2025-04-07,141.55,152.85,140.53,146.75,76794136
2025-04-08,151.22,152.24,143.03,144.7,52200208
2025-04-09,144.415,159.55,143.905,158.71,70406232
2025-04-10,156.54,157.72,149.93,152.82,48021972
2025-04-11,152.9,157.67,152.82,157.14,33636239
2025-04-14,159.995,161.72,157.56,159.07,30332957
2025-04-15,159.125,159.65,155.21,156.31,27551534
2025-04-16,153.1,155.89,151.51,153.33,28187421
2025-04-17,154.29,154.68,148.5,151.16,33046576
2025-04-21,148.88,148.945,146.1,147.67,26049115
2025-04-22,148.89,152.19,148.54,151.47,26971774
2025-04-23,155.61,157.525,153.81,155.35,31128833
2025-04-24,156.15,159.59,155.79,159.28,45893951
2025-04-25,165.07,166.1,161.04,161.96,56033995
2025-04-28,162.425,163.15,158.6,160.61,29745782
2025-04-29,160.325,160.74,157.52,160.16,26808958
2025-04-30,157.975,159.27,155.4,158.8,34981059
2025-05-01,160.45,161.95,158.91,161.3,30203248
2025-05-02,163.405,164.97,161.87,164.03,25715005
2025-05-05,163,165.39,162.72,164.21,21341814
2025-05-06,162.17,164.8,161.19,163.23,21277210
2025-05-07,164.08,165,147.84,151.38,127747554
2025-05-08,155,155.93,152.9,154.28,57498692
2025-05-09,154.17,155.05,152.2,152.75,32435281
2025-05-12,157.485,159.1,156.25,158.46,44138818
2025-05-13,158.79,160.57,156.16,159.53,42382126
2025-05-14,159.96,167,159.61,165.37,48755869
2025-05-15,165.84,166.205,162.3732,163.96,33146669
2025-05-16,167.725,169.35,165.62,166.19,42846925
2025-05-19,164.51,166.64,164.22,166.54,30426097
2025-05-20,166.43,168.5,162.9,163.98,46607656
2025-05-21,163.69,173.14,163.56,168.56,73415956
2025-05-22,171.85,176.77,170.71,170.87,74864418
2025-05-23,169.055,169.96,167.89,168.47,35211439
2025-05-27,170.16,173.17,170,172.9,37995670
2025-05-28,173.16,175.265,171.9107,172.36,34783997
2025-05-29,174,174.4193,170.63,171.86,29373803
2025-05-30,171.35,172.205,167.44,171.74,52639911
2025-06-02,167.84,169.87,167.39,169.03,38612272
2025-06-03,167.49,168.475,165.28,166.18,45084903
2025-06-04,166.735,168.215,166.36,168.05,26900838
2025-06-05,170.34,170.93,167.59,168.21,36444564
2025-06-06,170.83,174.5,170.83,173.68,35731832
2025-06-09,174.54,176.47,174.37,176.09,28935906
2025-06-10,176.2,181.105,174.91,178.6,61766121
2025-06-11,179.77,180.37,176.75,177.35,31646757
2025-06-12,176.18,176.72,174.745,175.7,20941873
2025-06-13,172.44,177.13,172.385,174.67,27663107
2025-06-16,174.73,176.94,174.65,176.77,27389208
2025-06-17,175.7,177.3648,174.58,175.95,24973043
2025-06-18,176.01,176.56,173.2,173.32,28707524
2025-06-20,173.945,174.34,165.46,166.64,75659917
2025-06-23,166.27,167.34,162,165.19,57670985
2025-06-24,166.92,168.22,166.13,166.77,40524312
2025-06-25,167.63,172.36,167.55,170.68,35478989
2025-06-26,172.43,173.69,169.94,173.54,31796690
2025-06-27,173.54,178.68,171.73,178.53,108140200
2025-06-30,180.78,181.23,174.58,176.23,63378856
2025-07-01,175.735,176.09,173.53,175.84,35904526
2025-07-02,175.54,178.86,175.07,178.64,29128947
2025-07-03,178.5,179.67,177.05,179.53,21689729
2025-07-07,179.06,179.297,175.68,176.79,34175648
2025-07-08,177.85,177.95,172.81,174.36,40442535
2025-07-09,175.25,179.44,172.77,176.62,43025594
2025-07-10,175.63,178.429,174.38,177.62,29252386
2025-07-11,176.785,181.43,176.48,180.19,34282922
2025-07-14,181.01,183.67,179.68,181.56,32536632
2025-07-15,182.81,184.22,181.6,182,33448251
2025-07-16,183.235,184.327,182.03,182.97,33104193
2025-07-17,182.14,184.06,180.48,183.58,31992565
2025-07-18,185.4,186.42,183.71,185.06,34014509
2025-07-21,186.25,190.285,186.15,190.1,45803129
2025-07-22,191.495,191.645,187.46,191.34,44660215
2025-07-23,191.5,192.53,189.18,190.23,58681948
2025-07-24,197.03,197.95,191,192.17,74881687
2025-07-25,191.98,194.33,191.26,193.18,39785863
2025-07-28,193.65,194.05,190.84,192.58,38139504
2025-07-29,192.43,195.92,192.08,195.75,41389153
2025-07-30,195.6,197.5999,194.685,196.53,32445405
2025-07-31,195.71,195.99,191.09,191.9,51329163
2025-08-01,189.025,190.83,187.82,189.13,34832181
2025-08-04,190.29,195.27,190.12,195.04,31547350
2025-08-05,194.71,197.8599,193.885,194.67,31602340
2025-08-06,194.5,196.63,193.67,196.09,21562908
2025-08-07,197.06,197.54,194.33,196.52,26321811
2025-08-08,197.22,202.61,197.17,201.42,39161826
2025-08-11,200.935,201.475,199.07,201,25832435
2025-08-12,201.365,204.5,200.59,203.34,30424452
2025-08-13,204.13,204.53,197.5101,201.96,28342922
2025-08-14,201.5,204.44,201.225,202.94,25230427
2025-08-15,203.85,206.44,201.28,203.9,34931422
2025-08-18,204.2,205.265,202.49,203.5,18526594
2025-08-19,203.03,203.44,199.96,201.57,24240233
2025-08-20,200.73,201.28,196.595,199.32,28955498
2025-08-21,199.745,202.48,199.43,199.75,19774633
2025-08-22,202.73,208.54,201.3,206.09,42827040
2025-08-25,206.43,210.52,205.28,208.49,29928878
2025-08-26,207.51,207.85,205.7,207.14,28464130
2025-08-27,205.7,208.91,205.65,207.48,23022850
2025-08-28,207.25,212.22,206.9,211.64,32339307
2025-08-29,210.51,214.645,210.2,212.91,39728364
2025-09-02,208.44,211.675,206.195,211.35,47523037
2025-09-03,226.21,231.31,224.79,230.66,103336125
2025-09-04,229.65,232.37,226.11,232.3,51684167
2025-09-05,232.2,235.76,231.9,235,46588925
2025-09-08,235.47,238.13,233.67,234.04,32474743
2025-09-09,234.165,240.47,233.229,239.63,38060959
2025-09-10,238.9,241.66,237.85,239.17,35141074
2025-09-11,239.88,242.25,236.25,240.37,30599328
2025-09-12,240.37,242.075,238,240.8,26771610
2025-09-15,244.66,252.4099,244.66,251.61,58383796
2025-09-16,252.08,253.04,249.47,251.16,34109720
2025-09-17,251.22,251.6,246.28,249.53,34107992
2025-09-18,251.68,253.99,249.8,252.03,31239474
2025-09-19,253.25,256,251.81,254.72,55571424
2025-09-22,254.43,255.78,250.3,252.53,32290538
2025-09-23,253.04,254.36,250.48,251.66,26628016
2025-09-24,251.66,252.3501,246.44,247.14,28201003
2025-09-25,244.4,246.49,240.74,245.79,31020383
2025-09-26,247.065,249.42,245.97,246.54,18503194
2025-09-29,247.85,251.1486,242.77,244.05,32505777
2025-09-30,242.81,243.29,239.245,243.1,34724346
2025-10-01,240.75,246.3,238.61,244.9,31658234
2025-10-02,245.15,246.81,242.3,245.69,25483298
2025-10-03,244.49,246.3,241.655,245.35,30249559
2025-10-06,244.78,251.32,244.58,250.43,28894653
2025-10-07,248.27,250.44,245.52,245.76,23181285
2025-10-08,244.96,246.005,243.82,244.62,21307104
2025-10-09,244.47,244.76,239.15,241.53,27892086
2025-10-10,241.43,244.09,235.84,236.57,33180323
2025-10-13,240.21,244.5,239.71,244.15,24995028
2025-10-14,241.23,247.12,240.51,245.45,22111572
2025-10-15,247.245,252.11,245.99,251.03,27007690
2025-10-16,251.765,256.96,250.101,251.46,27997159
2025-10-17,250.76,254.22,247.81,253.3,29671629
2025-10-20,254.69,257.33,254.23,256.55,22350155
2025-10-21,254.74,254.88,244.15,250.46,47312098
2025-10-22,254.37,256.36,249.29,251.69,35029370
2025-10-23,252.98,255.04,251.85,253.08,19901425
2025-10-24,256.58,261.68,255.315,259.92,28655126
2025-10-27,264.815,270.14,264.28,269.27,35235231
2025-10-28,269.69,270.73,266.5,267.47,29738564
2025-10-29,267.75,275.336,267.67,274.57,43580277
2025-10-30,291.59,291.59,280.06,281.48,74875990
2025-10-31,283.21,286,277.03,281.19,39267945
2025-11-03,282.175,285.53,279.8,283.72,29785996
2025-11-04,276.75,281.27,276.26,277.54,30078369
2025-11-05,278.87,286.415,277.34,284.31,31010302
2025-11-06,285.33,288.35,281.14,284.75,37173648
2025-11-07,283.205,283.78,275.19,278.83,34479588
2025-11-10,284.42,290.8,282.855,290.1,29557309
2025-11-11,287.745,291.915,287.32,291.31,19842136
2025-11-12,291.675,292.005,283.69,286.71,24829923
2025-11-13,282.34,282.84,277.24,278.57,29494040
2025-11-14,271.405,278.56,270.7,276.41,31647227
2025-11-17,285.775,293.95,283.57,285.02,52670192
2025-11-18,287.915,288.8,278.2,284.28,49158743
2025-11-19,287.16,303.81,286.63,292.81,68198944
2025-11-20,304.54,306.42,288.67,289.45,62025218
2025-11-21,296.415,303.92,293.845,299.66,74137697
2025-11-24,311.13,319.48,309.595,318.58,85165123
2025-11-25,326.21,328.83,317.65,323.44,88632074
2025-11-26,320.68,324.5,316.79,319.95,51373361
2025-11-28,323.365,326.85,316.79,320.18,26018568
2025-12-01,317.7,319.85,313.89,314.89,41182956
2025-12-02,316.74,318.38,313.91,315.81,35854744
2025-12-03,315.89,321.58,314.1,319.63,41838317
2025-12-04,322.225,322.36,314.7,317.62,31240924
2025-12-05,319.49,323.16,319.165,321.27,28851705
2025-12-08,320.05,320.44,311.2219,313.72,33909433
2025-12-09,312.37,317.99,311.895,317.08,30194027
2025-12-10,315.83,321.31,314.68,320.21,33428923
2025-12-11,320.08,321.12,308.6,312.43,42353697
2025-12-12,313.7,314.87,305.56,309.29,35940170
2025-12-15,311.315,311.42,304.88,308.22,29151889
2025-12-16,304.945,310.77,302.59,306.57,30585020
2025-12-17,308.01,308.09,296.12,296.72,43930358
2025-12-18,301.72,303.96,299.2308,302.46,33518048
2025-12-19,301.73,307.25,300.97,307.16,59943239
2025-12-22,309.875,310.13,305.3,309.78,26429937
2025-12-23,309.625,314.94,309.32,314.35,25478670
2025-12-24,314.77,315.08,311.92,314.09,10097361
2025-12-26,314.48,315.085,312.275,313.51,10899017
2025-12-29,311.365,314.02,310.62,313.56,19621777
2025-12-30,312.5,316.95,312.46,313.85,17380888
2025-12-31,312.845,314.58,311.44,313,16377689
2026-01-02,316.9,322.5,310.33,315.15,32009385
2026-01-05,317.655,319.015,314.63,316.54,30195597
2026-01-06,316.4,320.94,311.78,314.34,31212101
2026-01-07,314.36,326.15,314.19,321.98,35104425
2026-01-08,328.965,330.3196,321.5,325.44,31896101
2026-01-09,327.09,330.83,325.8,328.57,26214166
2026-01-12,325.8,334.04,325,331.86,33923928
2026-01-13,334.95,340.49,333.62,335.97,33517607
2026-01-14,335.06,336.52,330.48,335.84,28525571
2026-01-15,337.65,337.69,330.74,332.78,28442406
2026-01-16,334.41,334.65,327.7,330,40341637
2026-01-20,320.87,327.73,320.43,322,35361045
2026-01-21,320.92,332.4799,319.3518,328.38,35386603
2026-01-22,334.45,335.15,328.75,330.54,26253640
2026-01-23,332.485,333.6889,327.45,327.93,27279974
2026-01-26,327.805,335.84,327,333.26,26042120
2026-01-27,335.365,337.91,333.48,334.55,21636164
2026-01-28,336.06,337.535,331.94,336.01,27434434
2026-01-29,340.3,342.29,326.54,338.25,39785612
2026-01-30,340,340,332.285,338,31023954
2026-02-02,336.22,344.83,335.63,343.69,32006052
2026-02-03,347.34,349,337.4745,339.71,36506709
2026-02-04,342.96,343.31,328.52,333.04,70618398
2026-02-05,312.22,332.69,306.46,331.25,88205849
2026-02-06,327.18,330.38,319.92,322.86,56380484
2026-02-09,320.93,327.7,317.26,324.32,39640055
2026-02-10,320.97,321.67,314.61,318.58,39170012
2026-02-11,318.97,321.06,309.66,310.96,45406405
2026-02-12,312.09,316.24,307.2,309,47761288
2026-02-13,307.725,308.63,303.71,305.72,38499701
2026-02-17,300.04,304.435,296.25,302.02,39247556
2026-02-18,302.09,305.38,301.25,303.33,28482075
2026-02-19,301.82,305.47,300.04,302.85,25834395
2026-02-20,304.32,316.5,303.9,314.98,53210820
2026-02-23,319.045,319.515,309.865,311.49,31423000
2026-02-24,310.515,312.27,305.93,310.9,25615646
2026-02-25,312.06,313.64,309.44,312.9,29963621
2026-02-26,312.64,313.14,302.345,307.38,36121010
2026-02-27,304.135,312.37,303.8,311.76,44562264
2026-03-02,303.225,308.49,301.3,306.52,34790203
2026-03-03,298.59,303.94,296.71,303.53,35496961
2026-03-04,302.89,305.47,300.75,303.03,29536190
2026-03-05,303.035,303.3,297.99,300.845,35752321
2026-03-06,296.09,300.53,295.18,298.48,25576916
2026-03-09,294.36,306.8,294.08,306.34,29312149
2026-03-10,306.17,309.51,305.5704,307.04,23239684
2026-03-11,306.75,311.42,305.92,308.7,24125714
2026-03-12,306.82,308.94,301.03,303.55,24928347
2026-03-13,307.01,307.69,300.44,302.28,23693092
2026-03-16,304.35,306.4886,303.0201,305.56,23519709
2026-03-17,305.86,311.42,305.5,310.92,21955171
2026-03-18,309.27,312.47,306.932,307.69,20009815
2026-03-19,304.005,308.06,302.35,307.13,25075831
2026-03-20,305.46,306,298.27,301,44364080
2026-03-23,302.11,305.98,300.93,302.06,29326946
2026-03-24,299.2,299.92,290.33,290.44,36864278
2026-03-25,293.44,296,289.24,290.93,29460669
2026-03-26,287.91,287.95,278.5,280.92,39080578
2026-03-27,277.275,279.37,273.95,274.34,35890612
2026-03-30,276.42,277.09,272.11,273.5,35141244
2026-03-31,278.04,288.08,277.09,287.56,43875400
2026-04-01,290.835,300.52,290.41,297.39,37684462
2026-04-02,290.69,298.08,289.45,295.77,21666465
2026-04-06,295.87,300.62,295.18,299.99,16945494
2026-04-07,302.725,305.63,297.72,305.46,23205361
2026-04-08,320.445,322.08,315.02,317.32,33547140
2026-04-09,315.905,319.54,311.06,318.49,23739173
2026-04-10,320.015,321.83,316.32,317.24,19152630
2026-04-13,317.135,321.63,315.47,321.31,18866424
2026-04-14,324.785,333.29,323.75,332.91,27721351
2026-04-15,332.89,337.48,330.9,337.12,24918842
2026-04-16,338.75,339.88,334.52,336.02,20541487
2026-04-17,337.65,342.32,336.24,341.68,25581881
2026-04-20,340.755,341.4,336.61,337.42,18784226
2026-04-21,337.685,339.34,331.35,332.29,23123795
2026-04-22,337.02,339.82,335.17,339.32,20293014
2026-04-23,341.18,341.96,336.18,338.89,18650256
2026-04-24,338.725,345.27,335.39,344.4,26426061
2026-04-27,345.98,353.18,342.73,350.34,28576887
2026-04-28,348.55,352.42,346.12,349.78,27824052
2026-04-29,347.565,355.79,344.21,349.94,35376328
2026-04-30,374.07,385.84,365.82,384.8,72039993
2026-05-01,381.63,386.76,379.05,385.69,30105227
2026-05-04,385.63,387.38,379.79,383.25,26298574
2026-05-05,386.23,392.8199,384.02,388.43,23878626
2026-05-06,394.245,399.8499,392.76,398.04,31308476
2026-05-07,399.92,400.1,392.68,397.99,24433490
2026-05-08,397,402,396.36,400.8,21461849
2026-05-11,393.645,397.44,388.47,388.64,30753738
2026-05-12,387.34,388.52,382.77,387.35,26017488
2026-05-13,385.595,403.7,385,402.62,28144555
2026-05-14,397.28,402.93,395.84,401.07,21136716
2026-05-15,396.315,399.5399,393.18,396.78,20309702
2026-05-18,395.685,408.61,394.53,396.94,26837196
2026-05-19,396.96,397.15,386.11,387.66,39545672
2026-05-20,387.7,393.8599,382.9,388.91,31744404
2026-05-21,385.7,392.5,383.02,387.66,24852843
2026-05-22,387.345,388.74,381.7716,382.97,20442123
2026-05-26,384.51,389.2599,382.6,388.88,27747388
2026-05-27,386.665,393.88,385.9,388.83,23087287
2026-05-28,388,391.87,385.16,390.13,24357455
2026-05-29,385.24,385.24,378.46,380.34,44415846
2026-06-01,376.52,378.56,373.52,376.37,28672120
2026-06-02,366.59,373.54,358.44,361.85,50412300
2026-06-03,362.03,366.45,358.08,358.99,55441583
2026-06-04,358.9,373.2499,358.21,372.19,44055520
2026-06-05,366.34,372.08,364.1207,368.53,37471206
