Date,Open,High,Low,Close,Volume
2016-06-06,118.62,119.43,118.36,118.79,12370713
2016-06-07,119.24,119.3,117.67,117.76,16357512
2016-06-08,117.76,118.6,117.27,118.39,13538374
2016-06-09,118.13,118.68,117.71,118.56,12160865
2016-06-10,117.54,118.11,116.26,116.62,17165181
2016-06-13,115,115.48,113.31,113.95,30974633
2016-06-14,114.07,114.95,113.58,114.93,16768112
2016-06-15,115.3,115.44,114.07,114.6,17805166
2016-06-16,113.87,114.5,112.94,114.39,18772671
2016-06-17,114.42,114.43,112.56,113.02,22159389
2016-06-20,113.77,114.72,112.75,113.37,19987694
2016-06-21,114.12,115.214,113.97,114.38,18405746
2016-06-22,114.65,114.74,113.61,113.91,13397233
2016-06-23,114.37,115.09,113.54,115.08,14698375
2016-06-24,111.01,113.68,111,112.08,37632693
2016-06-27,111.57,111.57,108.23,108.97,35342587
2016-06-28,110.63,112.75,110.55,112.7,25711141
2016-06-29,113.37,114.25,113.04,114.16,20085792
2016-06-30,114.67,115.18,113.67,114.28,22305802
2016-07-01,114.2,115.13,113.81,114.19,13754112
2016-07-05,113.94,114.25,112.97,114.2,14068252
2016-07-06,113.36,116.79,112.97,116.7,22079562
2016-07-07,116.63,116.97,115.36,115.85,16253926
2016-07-08,116.43,117.5,115.85,117.24,17609821
2016-07-11,117.71,118.7,117.5,117.87,16960490
2016-07-12,118.63,118.72,117.57,117.93,14878483
2016-07-13,118.39,118.4,116.68,116.78,15069957
2016-07-14,117.5,117.64,116.7,117.29,13942329
2016-07-15,117.74,118.28,116.58,116.86,15362140
2016-07-18,117.32,119.61,116.89,119.37,19162315
2016-07-19,118.99,120.85,118.66,120.61,20978937
2016-07-20,121.25,122.2,120.56,121.92,17958095
2016-07-21,121.92,122.1,120.25,120.61,17149312
2016-07-22,119.9,121.01,119.31,121,17606557
2016-07-25,121.39,121.85,117.78,121.63,17893874
2016-07-26,122,122.07,120.75,121.22,15483870
2016-07-27,122.42,125,121.51,123.34,38925756
2016-07-28,127.52,128.33,123.63,125,77533490
2016-07-29,124.65,125.84,123.71,123.94,33402493
2016-08-01,123.85,124.58,122.86,124.31,23704434
2016-08-02,124.06,124.8,122.07,123.06,23075729
2016-08-03,123.09,123.92,122.31,122.51,17426472
2016-08-04,122.94,124.79,122.51,124.36,20430908
2016-08-05,124.98,125.835,124.618,125.15,19490136
2016-08-08,125.25,125.45,124.55,125.26,13324914
2016-08-09,125.34,126.09,124.53,125.06,19033204
2016-08-10,125.07,125.48,124.54,124.88,10060129
2016-08-11,125.2,125.38,124.75,124.9,11215038
2016-08-12,124.7,125,124.18,124.88,10831027
2016-08-15,124.91,124.92,123.7,123.9,18061032
2016-08-16,123.5,123.92,122.78,123.3,12355889
2016-08-17,123.66,124.38,122.85,124.37,12019206
2016-08-18,124.01,124.26,123.64,123.91,11209237
2016-08-19,123.6,124.157,123.28,123.56,11327086
2016-08-22,123.33,124.83,123.11,124.15,13765400
2016-08-23,124.51,125.09,124.25,124.37,11786264
2016-08-24,124.47,124.69,123.09,123.5,10885726
2016-08-25,123.12,124.37,123.1,123.89,9589471
2016-08-26,124.05,125.19,123.91,124.96,16942845
2016-08-29,124.35,126.73,124.35,126.54,15528793
2016-08-30,126.6,126.6,125.15,125.84,16858238
2016-08-31,125.6,126.22,125.1,126.12,12578233
2016-09-01,126.38,126.63,125.6,126.17,12773461
2016-09-02,126.85,126.86,126,126.51,10986111
2016-09-06,126.67,129.94,126.47,129.73,25151525
2016-09-07,130.04,131.98,129.95,131.05,27065870
2016-09-08,130.92,131.08,129.81,130.26,14015245
2016-09-09,129.71,129.949,127.1,127.1,24167023
2016-09-12,125.96,128.76,125.75,128.69,19805393
2016-09-13,128.03,128.35,126.66,127.22,16614635
2016-09-14,126.89,128.8,126.89,127.79,14492287
2016-09-15,127.98,129.1,127.67,128.34,13332478
2016-09-16,128.2,129.18,128.2,129.07,20593099
2016-09-19,129.91,129.94,128.26,128.65,12845439
2016-09-20,128.65,129.17,128.031,128.64,10917838
2016-09-21,129.13,130.005,128.39,129.93,12842422
2016-09-22,130.5,130.73,129.56,130.08,14040637
2016-09-23,127.56,128.6,127.3,127.96,27755417
2016-09-26,127.37,128.16,126.8,127.32,12864369
2016-09-27,127.61,129.01,127.43,128.71,14675207
2016-09-28,129.21,129.48,128.4,129.22,11184919
2016-09-29,129.18,129.29,127.55,128.09,14314782
2016-09-30,128.03,128.59,127.45,128.27,16765509
2016-10-03,128.38,129.09,127.8,128.77,12679294
2016-10-04,129.17,129.277,127.55,128.19,13054820
2016-10-05,128.25,128.8,127.83,128.47,11988090
2016-10-06,128.43,129.06,128.08,128.74,11261317
2016-10-07,129.04,129.25,128.33,128.99,11854190
2016-10-10,129.68,130.7,129.2,130.24,14364728
2016-10-11,130.23,130.64,128.23,128.86,16532844
2016-10-12,129.01,129.66,128.46,129.05,10031618
2016-10-13,128.21,128.25,126.75,127.82,16275856
2016-10-14,128.49,128.95,127.58,127.88,12155762
2016-10-17,128.2,128.47,127.32,127.54,9324668
2016-10-18,128.68,129.39,128.01,128.55,11354193
2016-10-19,128.74,130.47,128.6,130.11,16280046
2016-10-20,130.07,130.66,129.5,130,11920514
2016-10-21,129.78,132.13,129.7,132.07,17128014
2016-10-24,132.72,133.405,132.15,133.28,16953355
2016-10-25,133.5,133.5,132.22,132.29,13127657
2016-10-26,131.64,132.26,130.935,131.04,12722745
2016-10-27,131.74,131.8,129.27,129.69,15536810
2016-10-28,130.5,132.97,129.93,131.29,23976977
2016-10-31,132.01,132.12,130.884,130.99,15668982
2016-11-01,131.41,131.94,128.65,129.5,22077779
2016-11-02,130.23,130.23,126.28,127.17,50190225
2016-11-03,122,123.28,119.5,120,63766259
2016-11-04,119.59,121.93,119.25,120.75,30545466
2016-11-07,122.83,123.209,121.35,122.15,22059381
2016-11-08,122.03,124.61,121.54,124.22,18969525
2016-11-09,121.5,123.81,120.51,123.18,31385154
2016-11-10,123.93,124.18,115.27,120.8,67261880
2016-11-11,119.53,120.7,118.15,119.02,32628312
2016-11-14,119.126,119.126,113.554,115.08,51377040
2016-11-15,116.73,118.49,115.83,117.2,34681369
2016-11-16,114.48,117.88,114.21,116.34,31626984
2016-11-17,116.81,117.79,116.01,117.79,18048145
2016-11-18,118.39,119.13,116.84,117.02,20838935
2016-11-21,118.2,121.95,117.8,121.77,34973710
2016-11-22,122.4,122.98,120.9,121.47,25199699
2016-11-23,121.23,121.31,119.94,120.84,15225934
2016-11-25,121.01,121.14,120.07,120.38,8377000
2016-11-28,120.12,121.69,119.82,120.41,17770987
2016-11-29,120.57,122.1,120.4,120.87,18391285
2016-11-30,120.32,121.79,117.95,118.42,29469197
2016-12-01,118.38,118.45,114,115.07,42264678
2016-12-02,115.11,116.48,114.3,115.4,24760728
2016-12-05,115.95,117.57,115.07,117.43,19888045
2016-12-06,117.69,117.795,116.33,117.31,18622760
2016-12-07,117,117.95,116.57,117.95,20901316
2016-12-08,117.98,119.5,117.64,118.9,21582988
2016-12-09,119.22,119.94,118.95,119.68,17072509
2016-12-12,119.22,119.24,117.65,117.77,17505048
2016-12-13,117.86,121.52,117.61,120.31,29298619
2016-12-14,120,121.69,118.85,120.21,24883781
2016-12-15,120.08,122.5,119.63,120.57,19732859
2016-12-16,120.9,121.5,119.27,119.87,22485153
2016-12-19,119.85,120.36,118.51,119.24,15572236
2016-12-20,119.5,119.77,118.8,119.09,12979524
2016-12-21,118.92,119.2,118.48,119.04,10606673
2016-12-22,118.86,118.99,116.93,117.4,14879201
2016-12-23,117,117.56,116.3,117.27,10618460
2016-12-27,116.96,118.68,116.864,118.01,11914644
2016-12-28,118.19,118.25,116.65,116.92,11180146
2016-12-29,117,117.531,116.06,116.35,9701933
2016-12-30,116.595,116.83,114.774,115.05,18684106
2017-01-03,116.03,117.84,115.51,116.86,20379077
2017-01-04,117.55,119.66,117.29,118.69,19270779
2017-01-05,118.86,120.95,118.321,120.67,18603476
2017-01-06,120.98,123.88,120.03,123.41,28102077
2017-01-09,123.55,125.43,123.04,124.9,22573851
2017-01-10,124.82,125.5,124.28,124.35,16970363
2017-01-11,124.35,126.12,124.06,126.09,17887804
2017-01-12,125.61,126.73,124.8,126.62,18284295
2017-01-13,127.49,129.27,127.37,128.33,23752663
2017-01-17,128.04,128.34,127.4,127.87,14037409
2017-01-18,128.41,128.43,126.84,127.92,12266776
2017-01-19,128.23,128.35,127.45,127.55,10576325
2017-01-20,128.1,128.48,126.78,127.04,18415194
2017-01-23,127.31,129.25,126.95,128.93,15860639
2017-01-24,129.38,129.9,128.38,129.37,14793943
2017-01-25,130,131.74,129.77,131.48,18048396
2017-01-26,131.63,133.14,131.44,132.78,19525612
2017-01-27,132.68,132.95,131.08,132.18,18970733
2017-01-30,131.58,131.58,129.6,130.98,18645376
2017-01-31,130.17,130.66,129.516,130.34,18720456
2017-02-01,132.25,133.49,130.68,133.23,36973323
2017-02-02,133.22,135.49,130.4,130.84,52925802
2017-02-03,131.24,132.85,130.76,130.98,24804890
2017-02-06,130.98,132.06,130.3,132.06,16180004
2017-02-07,132.24,133,131.661,131.84,14283526
2017-02-08,132.6,134.44,132.44,134.15,21011609
2017-02-09,134.49,134.5,133.31,134.14,14748072
2017-02-10,134.1,134.94,133.68,134.19,13867113
2017-02-13,134.698,134.698,133.7,134.05,13212484
2017-02-14,134.1,134.23,132.55,133.85,13859627
2017-02-15,133.45,133.7,132.66,133.44,12809704
2017-02-16,133.07,133.87,133.022,133.84,12471529
2017-02-17,133.5,134.091,133.17,133.53,11655537
2017-02-21,133.5,133.91,132.9,133.72,14107405
2017-02-22,133.6,136.79,133.46,136.12,27043551
2017-02-23,135.89,136.12,134.33,135.36,17544542
2017-02-24,134.16,135.62,134.16,135.44,12208697
2017-02-27,135.26,137.185,135.02,136.41,13802709
2017-02-28,136.79,136.805,134.75,135.54,15466685
2017-03-01,136.47,137.48,136.3,137.42,15628682
2017-03-02,137.09,137.82,136.31,136.76,12053505
2017-03-03,136.63,137.33,136.08,137.17,10772775
2017-03-06,136.88,137.83,136.51,137.42,11618436
2017-03-07,137.03,138.37,136.99,137.3,12924874
2017-03-08,137.15,137.99,137.052,137.72,9722801
2017-03-09,137.72,138.57,137.4,138.24,13355946
2017-03-10,138.91,139.49,138.22,138.79,14974497
2017-03-13,139.14,139.68,138.673,139.6,10955450
2017-03-14,139.46,139.46,138.52,139.32,12944018
2017-03-15,139.29,140.1,138.49,139.72,19344826
2017-03-16,140.2,140.25,139.73,139.99,13612942
2017-03-17,140.34,140.34,139.7,139.84,18797554
2017-03-20,139.71,140.19,139.25,139.94,12099471
2017-03-21,141.15,142.308,138.4,138.51,29894784
2017-03-22,137.93,139.79,137.6,139.59,17055449
2017-03-23,139.48,140.39,139.09,139.53,13022801
2017-03-24,140.08,141.024,139.76,140.34,16199236
2017-03-27,139.05,140.65,138.77,140.32,11842532
2017-03-28,140.36,141.95,140.01,141.76,14203802
2017-03-29,141.99,142.86,141.43,142.65,14317602
2017-03-30,142.4,142.95,141.85,142.41,11839157
2017-03-31,142.31,142.63,141.89,142.05,11041294
2017-04-03,141.93,142.47,140.82,142.28,13563960
2017-04-04,141.86,142.09,141.27,141.73,11691184
2017-04-05,142.26,143.44,141.29,141.85,16736334
2017-04-06,142.11,142.22,140.91,141.17,13665643
2017-04-07,141.2,141.55,140.24,140.78,11818341
2017-04-10,141,141.43,140.63,141.04,8287493
2017-04-11,140.8,141.03,138.81,139.92,16638087
2017-04-12,139.72,140.4,139.44,139.58,11267473
2017-04-13,139.62,140.58,139.33,139.39,10568037
2017-04-17,139.76,141.55,139.75,141.42,9851242
2017-04-18,141.27,141.905,140.61,140.96,14901806
2017-04-19,141.35,143.04,141.27,142.27,15294950
2017-04-20,142.95,144.25,142.689,143.8,15370322
2017-04-21,143.9,144.17,142.27,143.68,10555666
2017-04-24,144.96,145.674,144.34,145.47,14397559
2017-04-25,145.79,147.15,145.79,146.49,17740557
2017-04-26,147.09,147.59,146.09,146.56,12388443
2017-04-27,146.67,147.75,146.14,147.7,11086081
2017-04-28,149.5,151.53,149.07,150.25,30652248
2017-05-01,151.74,152.57,151.42,152.46,25179372
2017-05-02,153.34,153.44,151.66,152.78,21637871
2017-05-03,153.6,153.6,151.34,151.8,28954462
2017-05-04,150.17,151.52,148.72,150.85,36194169
2017-05-05,151.45,151.63,149.79,150.24,17148543
2017-05-08,150.71,151.08,149.74,151.06,15814206
2017-05-09,151.49,152.59,150.21,150.48,17387249
2017-05-10,150.23,150.52,148.86,150.29,12024166
2017-05-11,150.31,150.65,149.41,150.04,11833280
2017-05-12,150.4,150.46,149.63,150.33,9583109
2017-05-15,150.17,151.48,149.77,150.19,14954256
2017-05-16,150.11,150.21,149.03,149.78,14507122
2017-05-17,148,148.67,144.422,144.85,28235701
2017-05-18,144.72,148.15,144.51,147.66,23031566
2017-05-19,148.445,149.39,147.96,148.06,16161023
2017-05-22,148.08,148.59,147.69,148.24,12578741
2017-05-23,148.52,148.81,147.25,148.07,12808728
2017-05-24,148.51,150.23,148.42,150.04,17917653
2017-05-25,150.3,152.59,149.95,151.96,19828358
2017-05-26,152.23,152.25,151.15,152.14,14981682
2017-05-30,151.97,152.9,151.64,152.38,13213940
2017-05-31,152.7,153.35,151.09,151.46,18003762
2017-06-01,151.75,152.29,150.3,151.53,14519103
2017-06-02,151.85,153.63,151.3,153.61,16837198
2017-06-05,153.64,154.709,153.41,153.63,12508580
2017-06-06,153.41,154.52,152.48,152.81,13445290
2017-06-07,153.27,153.75,152.34,153.12,12044602
2017-06-08,154.08,154.73,153.1,154.71,17739243
2017-06-09,154.77,155.59,146.61,149.6,35554534
2017-06-12,148.17,149.195,144.56,148.44,33151365
2017-06-13,150.15,151.18,148.9,150.68,20476096
2017-06-14,151.26,152.4,149.05,150.25,20775594
2017-06-15,147.67,150.037,146.375,149.8,18973595
2017-06-16,149.59,150.83,148.6,150.64,22844809
2017-06-19,151.71,153.57,151.71,152.87,19011290
2017-06-20,152.88,153.84,152.21,152.25,14734038
2017-06-21,152.36,154.08,151.88,153.91,15039834
2017-06-22,153.01,154.55,152.91,153.4,12835711
2017-06-23,152.72,155.2,152.65,155.07,17901233
2017-06-26,156.25,156.5,153.195,153.59,18038450
2017-06-27,152.84,153.31,150.39,150.58,19352875
2017-06-28,150.92,153.47,149.86,153.24,16701424
2017-06-29,152.28,152.5,148.918,151.04,23953140
2017-06-30,151.9,151.92,150.06,150.98,17660076
2017-07-03,151.72,152.15,147.8,148.43,13862735
2017-07-05,149,150.85,148.13,150.34,14321686
2017-07-06,149.03,150.04,148,148.82,14935505
2017-07-07,149.25,151.99,149.19,151.44,13338986
2017-07-10,151.69,153.98,151.51,153.5,13327871
2017-07-11,153.37,155.423,152.91,155.27,13653867
2017-07-12,156.49,159.16,156.2,158.9,22714938
2017-07-13,158.74,159.78,158.423,159.26,13912779
2017-07-14,160.13,160.32,159.325,159.97,16362726
2017-07-17,160.25,160.78,158.81,159.73,12761857
2017-07-18,159.66,163.73,159.42,162.86,23707773
2017-07-19,163.59,165.7,163.17,164.14,26251852
2017-07-20,164.8,165,162.81,164.53,18458714
2017-07-21,164.16,165.05,163.75,164.43,14719391
2017-07-24,164.64,166.17,164.31,166,17266386
2017-07-25,165.01,165.54,163.862,165.28,15316842
2017-07-26,166.01,166.01,164.1,165.61,33783745
2017-07-27,174.7,175.49,167.5,170.44,68462315
2017-07-28,169.07,173.43,169.05,172.46,24548387
2017-07-31,172,172.72,168.55,169.25,25431955
2017-08-01,169.82,170.47,169.05,169.86,14319790
2017-08-02,170.3,170.55,166.91,169.3,17181593
2017-08-03,169.3,169.7,168.25,168.59,10787308
2017-08-04,168.95,170.06,168.69,169.62,10760023
2017-08-07,169.95,172.06,169.66,171.96,12766181
2017-08-08,171.88,173.05,170.62,171.23,14325917
2017-08-09,169.98,171.45,169.56,171.18,10802633
2017-08-10,170.06,170.59,166.85,167.4,20789346
2017-08-11,167.95,168.82,166.85,168.08,13779397
2017-08-14,170.09,171.08,169.29,170.75,12940926
2017-08-15,171.49,171.5,170.01,171,8714394
2017-08-16,171.25,171.38,169.24,170,15735240
2017-08-17,169.34,169.86,166.85,166.91,17012992
2017-08-18,166.84,168.67,166.21,167.41,15076979
2017-08-21,167.16,168,165.82,167.78,11899161
2017-08-22,168.28,169.87,167.15,169.63,11377933
2017-08-23,168.84,169.36,168.2,168.71,9837787
2017-08-24,168.88,169.29,166.41,167.74,14017953
2017-08-25,167.86,168.38,166.18,166.32,12596215
2017-08-28,166.91,167.7,166.33,167.24,8484528
2017-08-29,165.25,168.425,165,168.05,11113493
2017-08-30,168.17,170.18,167.63,169.92,11130900
2017-08-31,170.4,172.145,170.06,171.97,17217037
2017-09-01,172.4,172.915,171.31,172.02,11672165
2017-09-05,171.27,172.388,169.55,170.72,13215248
2017-09-06,170.91,172.48,169.57,172.09,13888193
2017-09-07,171.94,173.307,170.27,173.21,18043799
2017-09-08,173.09,173.49,170.8,170.95,10990390
2017-09-11,172.4,173.89,172.2,173.51,12354218
2017-09-12,173.76,174,171.75,172.95,11184161
2017-09-13,173.01,173.17,172.06,173.05,9112706
2017-09-14,172.26,172.28,170.5,170.96,15565561
2017-09-15,170.88,172.34,170.26,171.64,15644990
2017-09-18,171.99,172.07,169.34,170.01,12899027
2017-09-19,170.62,172.56,170.36,172.52,13062720
2017-09-20,172.5,173.05,170.7,172.17,12227131
2017-09-21,171.69,172.27,170.01,171.11,11090326
2017-09-22,170.21,171.73,169.22,170.54,12040777
2017-09-25,169.24,169.3,161.56,162.87,41211608
2017-09-26,164.5,165.5,162.78,164.21,23338152
2017-09-27,165.9,168.34,165.57,167.68,19149984
2017-09-28,167.94,169.07,167.16,168.73,12161532
2017-09-29,168.83,171.66,168.81,170.87,15301840
2017-10-02,171.39,171.87,168.75,169.47,13368468
2017-10-03,169.3,170.73,169.2,169.96,8178289
2017-10-04,169.83,170.67,168.29,168.42,11928425
2017-10-05,169.18,171.31,168.6,171.24,14559033
2017-10-06,170.25,172.37,169.75,172.23,13100116
2017-10-09,172.7,174.88,172,172.5,14554019
2017-10-10,173,173.2,170.8,171.59,11332200
2017-10-11,171.95,172.78,171.4,172.74,11253620
2017-10-12,172.61,173.85,172.29,172.55,10462623
2017-10-13,173.45,174.65,173.2,173.74,13618464
2017-10-16,174.49,175,174.06,174.52,11457286
2017-10-17,174.71,176.13,174.36,176.11,15927764
2017-10-18,176.65,176.74,175.75,176.03,12725340
2017-10-19,174.93,176.03,172.63,174.56,13879954
2017-10-20,175.5,175.88,174.63,174.98,12430136
2017-10-23,175.2,175.34,171.25,171.27,13831283
2017-10-24,172.3,173.24,171.5,171.8,12167771
2017-10-25,171.9,172.25,168.89,170.6,15862430
2017-10-26,171.38,172.285,170.39,170.63,11714814
2017-10-27,174.15,178.21,173.9,177.88,30269321
2017-10-30,179.26,180.69,177.61,179.87,24353160
2017-10-31,180.57,180.8,178.94,180.06,20174231
2017-11-01,182.36,182.9,180.57,182.66,40918341
2017-11-02,180.63,181.94,177.34,178.92,35529893
2017-11-03,179.29,179.86,176.71,178.92,17822131
2017-11-06,178.56,180.45,178.31,180.17,13275578
2017-11-07,180.5,180.748,179.403,180.25,12903836
2017-11-08,179.79,180.35,179.11,179.56,10467606
2017-11-09,178.31,179.4,177.09,179.3,12602188
2017-11-10,178.35,179.1,177.96,178.46,11060355
2017-11-13,177.5,179.04,177.3,178.77,9514931
2017-11-14,178.13,178.97,177.18,178.07,9541917
2017-11-15,176.66,178.57,176.4,177.95,10221505
2017-11-16,178.76,179.83,178.5,179.59,15234498
2017-11-17,179.3,179.98,178.9,179,13007453
2017-11-20,178.87,179.5,178.1,178.74,9579969
2017-11-21,179.15,181.89,178.99,181.86,14467580
2017-11-22,181.3,181.73,180.44,180.87,10369026
2017-11-24,180.4,183.15,180.3,182.78,9426283
2017-11-27,182.56,183.73,181.99,183.03,12291562
2017-11-28,183.51,184.25,182.09,182.42,14374173
2017-11-29,181.89,181.97,174,175.13,41880432
2017-11-30,176.85,178.275,175.2,177.18,25179935
2017-12-01,176.03,177.48,172.34,175.1,19978080
2017-12-04,176.29,176.57,170.79,171.47,24422339
2017-12-05,170.45,175.38,169.01,172.83,20162941
2017-12-06,172.5,176.77,171.9,176.08,20194873
2017-12-07,175.8,180.39,175.8,180.14,20334235
2017-12-08,181.53,182.28,178.74,179,19506831
2017-12-11,179.3,180.22,178.8,179.04,13154358
2017-12-12,178.6,179.18,176.6,176.96,16787758
2017-12-13,177.3,179.16,177.25,178.3,14607742
2017-12-14,178.29,180.36,177.68,178.39,13567686
2017-12-15,179.02,180.493,178.36,180.18,28450749
2017-12-18,181.01,181.3,179.75,180.82,17209186
2017-12-19,179.95,180.08,178.22,179.51,14842420
2017-12-20,179.81,179.81,177.36,177.89,11842240
2017-12-21,177.94,178.68,177.05,177.45,11144475
2017-12-22,177.14,177.53,176.23,177.2,8501716
2017-12-26,176.63,177,174.67,175.99,8888615
2017-12-27,176.55,178.44,176.26,177.62,9492077
2017-12-28,177.95,178.937,177.68,177.92,12211974
2017-12-29,178,178.85,176.46,176.46,10222111
2018-01-02,177.68,181.58,177.55,181.42,18130091
2018-01-03,181.88,184.78,181.33,184.67,16880049
2018-01-04,184.9,186.21,184.1,184.33,13864983
2018-01-05,185.59,186.9,184.93,186.85,13557556
2018-01-08,187.2,188.9,186.33,188.28,17977498
2018-01-09,188.7,188.8,187.1,187.87,12367720
2018-01-10,186.94,187.89,185.63,187.84,10517499
2018-01-11,188.4,188.4,187.38,187.77,9572684
2018-01-12,178.06,181.48,177.4,179.37,77446697
2018-01-16,181.5,181.75,178.04,178.39,35321091
2018-01-17,179.26,179.32,175.8,177.6,27786682
2018-01-18,178.13,180.98,177.08,179.8,23247034
2018-01-19,180.85,182.37,180.17,181.29,26705193
2018-01-22,180.8,185.39,180.41,185.37,21018588
2018-01-23,186.05,189.55,185.55,189.35,25603019
2018-01-24,189.89,190.66,186.52,186.55,23424757
2018-01-25,187.95,188.62,186.6,187.48,17330912
2018-01-26,187.75,190,186.81,190,17430015
2018-01-29,188.75,188.84,185.63,185.98,20299727
2018-01-30,183.01,188.18,181.84,187.12,20759705
2018-01-31,188.37,189.83,185.22,186.89,39327568
2018-02-01,188.22,195.32,187.89,193.09,53957944
2018-02-02,192.04,194.21,189.98,190.28,25967263
2018-02-05,186.93,190.61,180.61,181.26,32782123
2018-02-06,178.57,185.77,177.74,185.31,37758505
2018-02-07,184.15,185.06,179.95,180.18,27149253
2018-02-08,181.01,181.84,171.49,171.595,38395082
2018-02-09,174.76,176.9,167.18,176.11,39828949
2018-02-12,177.06,177.545,171.84,176.4,32007643
2018-02-13,175.62,175.97,173.1,173.15,21436894
2018-02-14,173.45,179.81,173.212,179.52,28911025
2018-02-15,180.5,180.5,176.84,179.96,20701037
2018-02-16,178.99,179.88,176.3,177.36,20817584
2018-02-20,175.77,177.95,175.11,176.01,21075187
2018-02-21,176.71,181.27,176.4,177.91,23169974
2018-02-22,178.7,180.21,177.41,178.99,17770610
2018-02-23,179.9,183.39,179.51,183.29,18994316
2018-02-26,184.58,185.66,183.223,184.93,17584427
2018-02-27,184.45,184.7,181.46,181.46,15849806
2018-02-28,182.3,182.88,178.14,178.32,18783039
2018-03-01,179.01,180.12,174.41,175.94,23201626
2018-03-02,173.29,177.11,172.99,176.62,20025905
2018-03-05,176.2,181.148,175.89,180.4,16189280
2018-03-06,181.78,182.38,179.11,179.78,15086784
2018-03-07,178.74,183.82,178.07,183.71,19097293
2018-03-08,183.56,184.4,181.45,182.34,17225946
2018-03-09,183.91,185.51,183.21,185.23,18526292
2018-03-12,185.23,186.1,184.22,184.76,15301229
2018-03-13,185.61,185.99,181.11,181.88,18067477
2018-03-14,182.6,184.25,181.85,184.19,16821728
2018-03-15,183.24,184,182.19,183.86,15645035
2018-03-16,184.49,185.33,183.41,185.09,24403438
2018-03-19,177.01,177.17,170.06,172.56,88140060
2018-03-20,167.47,170.2,161.95,168.15,129851768
2018-03-21,164.8,173.4,163.3,169.39,106598834
2018-03-22,166.13,170.27,163.72,164.89,73742979
2018-03-23,165.44,167.1,159.02,159.39,53609706
2018-03-26,160.82,161.1,149.02,160.06,126116634
2018-03-27,156.31,162.85,150.75,152.22,79116995
2018-03-28,151.65,155.88,150.8,153.03,60029170
2018-03-29,155.15,161.42,154.14,159.79,59434293
2018-04-02,157.81,159.2,154.111,155.39,36795991
2018-04-03,156.55,157.39,150.81,156.11,42543865
2018-04-04,152.025,155.56,150.51,155.1,49885584
2018-04-05,161.56,161.575,156.65,159.34,41449609
2018-04-06,157.73,161.42,156.81,157.2,41644812
2018-04-09,157.82,160.53,156.04,157.93,34915227
2018-04-10,157.93,165.98,157.01,165.04,58947041
2018-04-11,165.36,168.65,163.25,166.32,56144633
2018-04-12,166.98,167.45,163.1,163.87,38262956
2018-04-13,164.58,165.704,163.77,164.52,19990561
2018-04-16,165.725,165.78,163.39,164.83,18119435
2018-04-17,165.83,169,165.66,168.66,22743029
2018-04-18,166.88,168.12,165.77,166.36,20969568
2018-04-19,166.2,168.33,165.2,168.1,22234961
2018-04-20,167.79,168.43,165.81,166.28,19119438
2018-04-23,167.27,168.45,165.09,165.84,23088102
2018-04-24,165.43,166.1,158.19,159.69,35079926
2018-04-25,160.145,161.06,156.19,159.69,41083581
2018-04-26,173.22,176.27,170.8,174.16,77556934
2018-04-27,176.81,177.1,172.6,173.59,29804657
2018-04-30,173.79,175.72,171.71,172,20750478
2018-05-01,172,174.02,170.23,173.86,26025932
2018-05-02,174.246,178.08,174.2,176.07,30424450
2018-05-03,175.13,176.12,172.12,174.02,24026071
2018-05-04,173.08,176.98,173.06,176.61,17677844
2018-05-07,177.35,179.5,177.17,177.97,18697195
2018-05-08,178.25,179.04,177.11,178.92,15577211
2018-05-09,179.67,183.01,178.781,182.66,23282811
2018-05-10,183.15,186.129,182.5,185.53,21071403
2018-05-11,184.85,188.32,184.18,186.99,21207848
2018-05-14,187.71,187.86,186.2,186.64,15646744
2018-05-15,184.88,185.29,183.2,184.32,15429433
2018-05-16,183.695,184.32,182.66,183.2,16975495
2018-05-17,182.68,184.06,182.22,183.76,14840675
2018-05-18,183.49,184.19,182.61,182.68,13130451
2018-05-21,183.77,185.3,183.13,184.49,13532864
2018-05-22,184.93,185.42,183.43,183.8,12731419
2018-05-23,182.5,186.91,182.18,186.9,16628100
2018-05-24,185.88,186.8,185.03,185.93,12354742
2018-05-25,186.02,186.33,184.45,184.92,10965061
2018-05-29,184.34,186.81,183.71,185.74,16398937
2018-05-30,186.54,188,185.25,187.67,13736866
2018-05-31,187.87,192.72,187.48,191.78,30782631
2018-06-01,193.065,194.549,192.07,193.99,17307245
2018-06-04,191.84,193.98,191.47,193.28,18939795
2018-06-05,194.3,195,192.62,192.94,15544294
2018-06-06,191.025,192.53,189.11,191.34,22558920
2018-06-07,190.75,190.97,186.77,188.18,21503171
2018-06-08,187.53,189.475,186.43,189.1,12677092
2018-06-11,188.81,192.6,188.8,191.54,12928907
2018-06-12,192.17,193.28,191.56,192.4,11562704
2018-06-13,192.74,194.5,191.91,192.41,15853821
2018-06-14,193.1,197.28,192.91,196.81,19120866
2018-06-15,195.79,197.07,194.64,195.85,21860931
2018-06-18,194.8,199.58,194.13,198.31,16826023
2018-06-19,196.235,197.96,193.79,197.49,19993996
2018-06-20,199.1,203.55,198.805,202,28230933
2018-06-21,202.76,203.39,200.09,201.5,19045717
2018-06-22,201.16,202.24,199.31,201.74,17420188
2018-06-25,200,200,193.11,196.35,25275137
2018-06-26,197.6,199.1,196.23,199,17897576
2018-06-27,199.18,200.75,195.8,195.84,18734408
2018-06-28,195.18,197.34,193.26,196.23,18172439
2018-06-29,197.32,197.6,193.955,194.32,15811602
2018-07-02,193.37,197.45,192.22,197.36,13961578
2018-07-03,194.55,195.4,192.52,192.73,13489514
2018-07-05,194.74,198.65,194.03,198.45,19684193
2018-07-06,198.45,203.64,197.7,203.23,19740131
2018-07-09,204.93,205.8,202.12,204.74,18149437
2018-07-10,204.5,204.91,202.26,203.54,13190067
2018-07-11,202.22,204.5,201.75,202.54,12927377
2018-07-12,203.43,207.08,203.19,206.92,15454706
2018-07-13,207.81,208.43,206.45,207.32,11503401
2018-07-16,207.5,208.72,206.84,207.23,11078209
2018-07-17,204.9,210.46,204.84,209.99,15349892
2018-07-18,209.82,210.99,208.44,209.36,15334907
2018-07-19,208.77,209.99,207.76,208.09,11350429
2018-07-20,208.85,211.5,208.5,209.94,16241508
2018-07-23,210.58,211.62,208.8,210.91,16731969
2018-07-24,215.11,216.2,212.6,214.67,28468681
2018-07-25,215.715,218.62,214.27,217.5,64592585
2018-07-26,174.89,180.13,173.75,176.26,169803668
2018-07-27,179.87,179.93,173,174.89,60073749
2018-07-30,175.3,175.3,166.56,171.06,65280787
2018-07-31,170.67,174.24,170,172.58,40356471
2018-08-01,173.93,175.08,170.9,171.65,34042109
2018-08-02,170.68,176.79,170.27,176.37,32399954
2018-08-03,177.69,178.85,176.15,177.78,24763434
2018-08-06,178.97,185.79,178.38,185.69,49716192
2018-08-07,186.5,188.3,183.72,183.81,33398562
2018-08-08,184.75,186.85,183.76,185.18,22205230
2018-08-09,185.849,186.57,182.48,183.09,19732120
2018-08-10,182.04,182.1,179.42,180.26,21500410
2018-08-13,180.1,182.61,178.9,180.05,17423264
2018-08-14,180.71,181.99,178.62,181.11,19101995
2018-08-15,179.34,180.87,174.78,179.53,33020231
2018-08-16,180.42,180.5,174.01,174.7,31351784
2018-08-17,174.5,176.22,172.04,173.8,24893176
2018-08-20,174.04,174.57,170.91,172.5,21518006
2018-08-21,172.81,174.17,171.39,172.62,19578514
2018-08-22,172.21,174.24,172.13,173.64,16894083
2018-08-23,173.09,175.55,172.83,172.9,18053567
2018-08-24,173.7,174.82,172.92,174.645,14631556
2018-08-27,175.99,178.67,175.79,177.46,17921935
2018-08-28,178.1,178.24,175.83,176.26,15910675
2018-08-29,176.295,176.79,174.75,175.9,18678301
2018-08-30,175.9,179.79,175.7,177.64,24216532
2018-08-31,177.15,177.62,174.982,175.73,18065159
2018-09-04,173.5,173.89,168.8,171.16,29808971
2018-09-05,169.49,171.125,166.67,167.18,31226744
2018-09-06,166.98,166.98,160,162.53,41514834
2018-09-07,160.31,164.627,160.16,163.04,24300600
2018-09-10,163.51,165.01,162.16,164.18,20197680
2018-09-11,163.94,167.19,163.72,165.94,20457088
2018-09-12,163.25,164.49,161.8,162,24078118
2018-09-13,162,163.32,160.86,161.36,25453775
2018-09-14,161.715,162.84,160.34,162.32,21770405
2018-09-17,161.92,162.06,159.77,160.58,21005321
2018-09-18,159.39,161.764,158.866,160.3,22465236
2018-09-19,160.08,163.44,159.48,163.06,19628996
2018-09-20,164.5,166.45,164.472,166.02,18936038
2018-09-21,166.64,167.25,162.81,162.93,45994800
2018-09-24,161.03,165.7,160.88,165.41,19222775
2018-09-25,161.99,165.59,161.15,164.91,27622806
2018-09-26,164.3,169.3,164.21,166.95,25252231
2018-09-27,167.55,171.77,167.21,168.84,27266856
2018-09-28,168.33,168.79,162.56,164.46,34265638
2018-10-01,163.03,165.88,161.26,162.44,26407677
2018-10-02,161.58,162.28,158.67,159.33,36030977
2018-10-03,160,163.66,159.53,162.43,23109456
2018-10-04,161.46,161.46,157.35,158.85,25739635
2018-10-05,159.21,160.9,156.2,157.33,25744047
2018-10-08,155.54,158.34,154.39,157.25,24045968
2018-10-09,157.69,160.59,157.42,157.9,18844425
2018-10-10,156.82,157.69,151.31,151.38,30609970
2018-10-11,150.13,154.81,149.16,153.35,35338901
2018-10-12,156.73,156.89,151.3,153.74,25293492
2018-10-15,153.32,155.57,152.55,153.52,15433521
2018-10-16,155.4,159.46,155.01,158.78,19180095
2018-10-17,159.56,160.49,157.95,159.42,17592003
2018-10-18,158.51,158.66,153.28,154.92,21675084
2018-10-19,155.86,157.35,153.55,154.05,19761347
2018-10-22,154.76,157.34,154.46,154.78,15424658
2018-10-23,151.22,154.77,150.85,154.39,19095032
2018-10-24,154.28,154.65,145.6,146.04,27744597
2018-10-25,147.73,152.21,147,150.95,22105696
2018-10-26,145.82,149,143.8,145.37,31303341
2018-10-29,148.5,148.83,139.03,142.09,31336784
2018-10-30,139.935,146.64,139.742,146.22,50528278
2018-10-31,155,156.4,148.96,151.79,60101251
2018-11-01,151.52,152.75,149.35,151.75,25640786
2018-11-02,151.8,154.13,148.96,150.35,24708695
2018-11-05,150.1,150.19,147.44,148.68,15969849
2018-11-06,149.31,150.97,148,149.94,16667124
2018-11-07,151.57,153.01,149.83,151.53,21877372
2018-11-08,150.49,150.94,146.74,147.87,24145814
2018-11-09,146.75,147.76,144.07,144.96,17326898
2018-11-12,144.48,145.04,140.49,141.55,18542123
2018-11-13,142,144.88,141.62,142.16,15141710
2018-11-14,143.7,145.58,141.55,144.22,22068384
2018-11-15,142.33,144.84,140.83,143.85,30320280
2018-11-16,141.07,141.77,137.77,139.53,37250560
2018-11-19,137.61,137.75,131.21,131.55,44362729
2018-11-20,127.03,134.159,126.85,132.43,41939475
2018-11-21,134.4,137.19,134.13,134.82,25469735
2018-11-23,133.65,134.5,131.255,131.73,11886128
2018-11-26,133,137,132.78,136.38,24263640
2018-11-27,135.75,136.613,133.71,135,20750318
2018-11-28,136.28,136.79,131.85,136.76,29847505
2018-11-29,135.92,139.99,135.66,138.68,24238713
2018-11-30,138.26,140.966,137.36,140.61,25732577
2018-12-03,143,143.68,140.76,141.09,24819226
2018-12-04,140.73,143.39,137.16,137.93,30307400
2018-12-06,133.82,139.7,133.67,139.63,28218145
2018-12-07,139.25,140.87,136.657,137.42,21195460
2018-12-10,139.6,143.05,139.01,141.85,26422173
2018-12-11,143.88,143.88,141.1,142.08,20300349
2018-12-12,143.08,147.19,142.51,144.5,23696936
2018-12-13,145.57,145.85,143.19,145.01,18148610
2018-12-14,143.34,146.01,142.51,144.06,21785820
2018-12-17,143.08,144.92,138.42,140.19,24333959
2018-12-18,141.08,145.93,139.83,143.66,24709084
2018-12-19,141.21,144.91,132.5,133.24,57404894
2018-12-20,130.7,135.57,130,133.4,40297944
2018-12-21,133.39,134.9,123.42,124.95,56901491
2018-12-24,123.1,129.74,123.02,124.06,22066002
2018-12-26,126,134.24,125.89,134.18,39723370
2018-12-27,132.44,134.99,129.67,134.52,31202509
2018-12-28,135.34,135.92,132.2,133.2,22627569
2018-12-31,134.45,134.64,129.95,131.09,24625308
2019-01-02,128.99,137.51,128.56,135.68,28146193
2019-01-03,134.69,137.17,131.12,131.74,22717948
2019-01-04,134.01,138,133.75,137.95,29002059
2019-01-07,137.56,138.87,135.91,138.05,20089337
2019-01-08,139.89,143.14,139.54,142.53,26263793
2019-01-09,142.95,144.7,141.27,144.23,22205879
2019-01-10,143.08,144.56,140.84,144.2,16125004
2019-01-11,143.15,145.36,142.57,143.8,12908031
2019-01-14,142,146.57,141.27,145.39,20520278
2019-01-15,146.01,150.68,145.99,148.95,24068822
2019-01-16,149,149.65,146.998,147.54,18025714
2019-01-17,146.95,149,146.5,148.3,15787914
2019-01-18,149.75,152.43,148.55,150.04,31029612
2019-01-22,149.2,151.53,146.37,147.57,22378694
2019-01-23,148.28,148.8,143.055,144.3,20098415
2019-01-24,144.64,146.44,142.52,145.83,20955518
2019-01-25,147.48,149.83,146.54,149.01,22250954
2019-01-28,148.05,148.96,146.21,147.47,15508483
2019-01-29,148.09,148.1,143.43,144.19,17631953
2019-01-30,146.22,150.95,145.695,150.42,44613240
2019-01-31,165.6,171.68,165,166.69,77233602
2019-02-01,165.84,169.1,165.66,165.71,30806513
2019-02-04,165.7,169.3,163.62,169.25,20036470
2019-02-05,169.15,171.98,168.69,171.16,22556985
2019-02-06,171.2,172.47,169.27,170.49,13281161
2019-02-07,168.2,169.24,165.25,166.38,17517609
2019-02-08,164.47,167.37,164.21,167.33,12561422
2019-02-11,167.9,168.3,165.08,165.79,12811176
2019-02-12,166.86,168.34,164.5,165.04,16292290
2019-02-13,165.38,166.22,163.73,164.07,14205146
2019-02-14,163.19,164.87,162.247,163.95,12755151
2019-02-15,164.51,164.7,160.86,162.5,15504415
2019-02-19,160.5,164.15,160.33,162.29,14345390
2019-02-20,162.25,163.72,161.25,162.56,11770692
2019-02-21,161.93,162.24,159.59,160.04,15607828
2019-02-22,160.58,162.41,160.31,161.89,15858468
2019-02-25,163.07,166.07,162.9,164.62,18737106
2019-02-26,164.335,166.24,163.8,164.13,13784063
2019-02-27,162.9,163.93,160.41,162.81,12697485
2019-02-28,162.37,163.5,160.86,161.45,11114185
2019-03-01,162.6,163.132,161.69,162.28,11097770
2019-03-04,163.9,167.5,163.83,167.37,18894689
2019-03-05,167.37,171.88,166.55,171.26,28187890
2019-03-06,172.9,173.57,171.27,172.51,21531723
2019-03-07,171.5,171.74,167.61,169.13,18306504
2019-03-08,166.2,169.62,165.97,169.6,13184831
2019-03-11,171.6,174.3,171.58,172.07,18883983
2019-03-12,172.09,173.8,171.218,171.92,12155264
2019-03-13,172.32,174.03,172.12,173.37,11973280
2019-03-14,169.76,171.15,168.16,170.17,18037364
2019-03-15,167.16,167.58,162.51,165.98,37126000
2019-03-18,163.57,163.9,159.28,160.47,37524191
2019-03-19,161.48,163.82,160.82,161.57,25611488
2019-03-20,161.5,166.12,161.24,165.44,20211474
2019-03-21,164.89,166.39,163.75,166.08,16223007
2019-03-22,165.65,167.42,164.09,164.34,16389185
2019-03-25,163,166.54,162,166.29,12631230
2019-03-26,167.68,169.45,166.35,167.68,15437920
2019-03-27,167.85,168.94,164.79,165.87,10620299
2019-03-28,164.57,166.72,163.33,165.55,10689171
2019-03-29,166.39,167.19,164.81,166.69,13455454
2019-04-01,167.83,168.9,167.279,168.7,10381490
2019-04-02,170.14,174.9,169.55,174.2,23946529
2019-04-03,174.5,177.96,172.95,173.54,27590058
2019-04-04,176.02,178,175.53,176.02,17847731
2019-04-05,176.88,177,175.1,175.72,9594133
2019-04-08,175.21,175.5,174.23,174.93,7297379
2019-04-09,175.62,179.19,175.55,177.58,19751031
2019-04-10,178.18,178.79,176.54,177.82,11701479
2019-04-11,178.24,178.4,177,177.51,8070967
2019-04-12,178,179.63,177.95,179.1,12329812
2019-04-15,178.5,180.5,176.87,179.65,10834762
2019-04-16,179,180.17,178.3,178.87,11215193
2019-04-17,179.6,180.74,178.36,178.78,9973732
2019-04-18,178.8,178.88,177.34,178.28,11655608
2019-04-22,178.25,181.665,178.25,181.44,13389889
2019-04-23,182.74,184.22,181.48,183.78,19954814
2019-04-24,184.49,185.14,181.65,182.58,37289871
2019-04-25,196.98,198.48,192.12,193.26,54148789
2019-04-26,192.5,192.9,189.09,191.49,22075002
2019-04-29,190.95,195.41,190.65,194.78,19641310
2019-04-30,194.19,197.39,192.28,193.4,23494689
2019-05-01,194.78,196.177,193.01,193.03,15996646
2019-05-02,193,194,189.75,192.53,13209452
2019-05-03,194.38,196.16,193.71,195.47,14575434
2019-05-06,191.24,194.28,190.55,193.88,13994932
2019-05-07,192.54,192.9,187.85,189.77,16253001
2019-05-08,189.39,190.72,188.55,189.54,12505737
2019-05-09,187.2,189.77,186.26,188.65,12967033
2019-05-10,188.25,190,184.59,188.34,12578508
2019-05-13,183.5,185.43,180.84,181.54,16833347
2019-05-14,182.52,183.49,178.1,180.73,17628142
2019-05-15,180.42,187.28,180.02,186.27,16746904
2019-05-16,185.05,188.575,185.05,186.99,12953111
2019-05-17,184.84,187.58,184.28,185.3,10485370
2019-05-20,181.88,184.23,181.37,182.72,10351981
2019-05-21,184.57,185.7,183.885,184.82,7502820
2019-05-22,184.73,186.74,183.61,185.32,9213801
2019-05-23,182.42,183.9,179.67,180.87,12768835
2019-05-24,182.33,183.63,180.83,181.06,8807701
2019-05-28,181.54,184.712,181.454,184.31,14843308
2019-05-29,183.5,184.56,181.35,182.19,12797685
2019-05-30,183.08,183.48,180.89,183.01,8581544
2019-05-31,180.28,180.54,177.16,177.47,15226536
2019-06-03,175,175.05,161.01,164.15,56059609
2019-06-04,163.71,168.28,160.84,167.5,46044256
2019-06-05,167.48,168.72,164.63,168.17,19758317
2019-06-06,168.3,169.7,167.23,168.33,12446354
2019-06-07,170.17,173.87,168.84,173.35,16917343
2019-06-10,174.75,177.86,173.8,174.82,14767918
2019-06-11,178.48,179.98,176.79,178.1,15266644
2019-06-12,178.38,179.27,172.88,175.04,17699806
2019-06-13,175.53,178.03,174.606,177.47,12253569
2019-06-14,180.51,181.84,180,181.33,16773691
2019-06-17,185.01,189.5,184.411,189.01,29459881
2019-06-18,194,194.53,187.28,188.47,37571352
2019-06-19,187,188.1,184.55,187.48,21417092
2019-06-20,190.95,191.16,187.64,189.53,14635740
2019-06-21,188.75,192,188.75,191.14,22751159
2019-06-24,192.42,193.98,191.57,192.6,15508955
2019-06-25,192.88,193.14,188.13,188.84,16750309
2019-06-26,189.54,190.76,187.31,187.66,12808604
2019-06-27,189.88,189.95,188.27,189.5,11158983
2019-06-28,190.55,193.2,189.94,193,16378878
2019-07-01,195.21,195.28,191.93,193,14204690
2019-07-02,193,195,192.71,195,9049979
2019-07-03,194.16,197.4,194.16,197.2,10246119
2019-07-05,196.18,197.07,194.17,196.4,11164107
2019-07-08,195.19,196.68,193.64,195.76,9723858
2019-07-09,194.97,199.46,194.89,199.21,14698611
2019-07-10,200,202.96,199.67,202.73,20571702
2019-07-11,203.26,203.8,200.21,201.23,13678457
2019-07-12,199.68,205.3,199.16,204.87,15366272
2019-07-15,204.25,205.33,201.82,203.91,16030335
2019-07-16,203.89,205.471,203.1,203.84,12132720
2019-07-17,204.18,204.36,201.59,201.8,12083714
2019-07-18,200.78,202.47,199.38,200.78,11956554
2019-07-19,202.18,202.33,198.07,198.36,12098262
2019-07-22,199.91,202.57,198.81,202.32,13589024
2019-07-23,202.84,204.242,200.963,202.36,14583680
2019-07-24,197.63,204.81,197.22,204.66,32532540
2019-07-25,206.7,208.66,198.26,200.71,39889869
2019-07-26,200.19,202.88,196.25,199.75,24433985
2019-07-29,199,199.63,195.3,195.94,16530801
2019-07-30,195.39,198.71,193.5,197.04,11903558
2019-07-31,196.95,198.76,192.68,194.23,14593544
2019-08-01,194.17,198.47,190.88,192.73,17777013
2019-08-02,191.1,192.62,188.07,189.02,15296975
2019-08-05,184.69,185.67,179.34,181.73,23086655
2019-08-06,184.51,185.789,183.09,184.51,18035686
2019-08-07,183.6,186.37,181.22,185.15,15833197
2019-08-08,186.62,190.34,184.05,190.16,14828916
2019-08-09,190,190.98,187.12,187.85,11058811
2019-08-12,186.85,187.59,184.46,185.37,10936283
2019-08-13,185.52,191.38,185.37,188.45,13653319
2019-08-14,185.8,185.99,179.31,179.71,18903716
2019-08-15,180.95,183.2,180.03,182.59,13059640
2019-08-16,183.69,185.1,182.36,183.7,12844832
2019-08-19,186.01,187.5,184.85,186.17,9699661
2019-08-20,185.45,186,182.39,183.81,10087592
2019-08-21,185,185.9,183.14,183.55,8409548
2019-08-22,183.43,184.11,179.91,182.04,10829509
2019-08-23,180.84,183.13,176.66,177.75,17331221
2019-08-26,179.4,180.5,178.24,180.36,8780477
2019-08-27,181.93,184.04,181.01,181.3,14408946
2019-08-28,180.53,181.95,178.92,181.76,9392060
2019-08-29,183.77,186.075,183.47,185.57,10135033
2019-08-30,186.78,186.802,183.459,185.67,10785722
2019-09-03,184,185.67,182.11,182.39,9792187
2019-09-04,184.65,187.749,183.89,187.14,11314571
2019-09-05,188.53,191.36,187.94,190.9,13896621
2019-09-06,190.21,190.21,186.35,187.49,15226820
2019-09-09,187.71,188.98,185.847,188.76,14722402
2019-09-10,187.44,188.1,184.55,186.17,15455867
2019-09-11,186.46,189.44,186.08,188.49,11761660
2019-09-12,189.86,190.93,187.23,187.47,11419775
2019-09-13,187.325,187.97,186.54,187.19,11441116
2019-09-16,186.93,187.794,185.765,186.22,8444844
2019-09-17,186.66,188.32,185.54,188.08,9751570
2019-09-18,188.09,189.08,186.012,188.14,9945798
2019-09-19,188.66,191.1,188.15,190.14,10474685
2019-09-20,190.66,193.1,188.12,189.93,20359878
2019-09-23,189.34,190.1,185.206,186.82,14370089
2019-09-24,187.98,188.04,180.39,181.28,18775666
2019-09-25,181.45,183.42,177.87,182.8,18339960
2019-09-26,181.33,181.4,177.67,180.11,16280691
2019-09-27,180.49,180.755,175.66,177.1,14663575
2019-09-30,177.87,178.67,176.85,178.08,11071425
2019-10-01,179.15,179.84,174.88,175.81,17261556
2019-10-02,174.84,176.53,173.09,174.6,16374148
2019-10-03,175.57,179.84,173.63,179.38,16789319
2019-10-04,179.55,180.98,178.1,180.45,10476395
2019-10-07,180,181.18,178.09,179.68,9359793
2019-10-08,178.26,180.37,177.72,177.75,10084896
2019-10-09,179.16,180.72,177.94,179.85,7648874
2019-10-10,180.32,181.61,179.17,180.03,8980978
2019-10-11,182.15,186.49,182.14,184.19,14998754
2019-10-14,184.2,184.62,182.574,183.28,7203665
2019-10-15,183.8,190.38,183.66,188.89,15143119
2019-10-16,188.32,189.7,186.9,189.55,10560343
2019-10-17,190.3,190.84,188.765,190.39,9761548
2019-10-18,190.23,191.49,183.924,185.85,16882862
2019-10-21,187.04,189.91,186.75,189.76,8580744
2019-10-22,190,190.65,181.5,182.34,19854192
2019-10-23,182.01,186.38,182,186.15,12370819
2019-10-24,184.62,186.73,182.8,186.38,11505406
2019-10-25,185.83,189,185.088,187.89,8061240
2019-10-28,187.2,189.53,185.08,189.4,13657866
2019-10-29,191.69,192.53,188.47,189.31,13574874
2019-10-30,189.56,190.45,185.98,188.25,28734559
2019-10-31,196.7,198.09,188.25,191.65,42286529
2019-11-01,192.85,194.11,189.91,193.62,21711829
2019-11-04,194.55,197.367,193.812,194.72,16371292
2019-11-05,195.37,195.75,193.6,194.32,9941954
2019-11-06,194.03,194.37,191.35,191.55,10973019
2019-11-07,191.91,193.44,189.47,190.42,13472998
2019-11-08,190,192.34,189.7,190.84,10764784
2019-11-11,189.93,190.08,188.54,189.61,8637768
2019-11-12,190,195.06,189.74,194.47,17615454
2019-11-13,194.7,195.7,192.74,193.19,11009800
2019-11-14,192.93,194.03,191.45,193.15,9059897
2019-11-15,194.26,195.3,193.38,195.1,11530232
2019-11-18,194.56,198.63,193.05,197.4,16176107
2019-11-19,197.4,200,196.86,199.32,19070291
2019-11-20,198.58,199.59,195.43,197.51,12370240
2019-11-21,197.42,199.09,196.86,197.93,12130985
2019-11-22,198.38,199.3,197.62,198.82,9959817
2019-11-25,199.515,200.97,199.25,199.79,15286442
2019-11-26,200,200.15,198.039,198.97,11748664
2019-11-27,199.9,203.14,199.42,202,12729462
2019-11-29,201.6,203.8,201.21,201.64,7985231
2019-12-02,202.13,202.18,198.05,199.7,11542020
2019-12-03,197.6,198.93,195.08,198.82,13014170
2019-12-04,200,200.029,198.05,198.71,8459939
2019-12-05,199.86,201.29,198.213,199.36,9755350
2019-12-06,200.5,201.57,200.06,201.05,12279525
2019-12-09,200.65,203.142,200.21,201.34,12013218
2019-12-10,201.66,202.05,200.15,200.87,9485568
2019-12-11,200.28,202.63,200.28,202.26,8041827
2019-12-12,202.35,203.66,194.1,196.75,23766986
2019-12-13,196.4,196.8,193.17,194.11,18806020
2019-12-16,195.27,199.12,194.81,197.92,14922733
2019-12-17,198.84,199,196.13,198.39,10177605
2019-12-18,200.09,204.3,200.09,202.5,23284746
2019-12-19,202.78,206.3,202.51,206.06,16808184
2019-12-20,207.48,207.71,203.43,206.3,27315226
2019-12-23,206.7,208.59,205.68,206.18,13353194
2019-12-24,206.3,206.79,205,205.12,6046273
2019-12-26,205.567,207.82,205.31,207.79,9368273
2019-12-27,208.67,208.93,206.588,208.1,10287634
2019-12-30,207.86,207.9,203.9,204.41,10534441
2019-12-31,203.995,205.56,203.6,205.25,8962756
2020-01-02,206.75,209.79,206.27,209.78,12090707
2020-01-03,207.214,210.4,206.95,208.67,11197416
2020-01-06,206.7,212.78,206.52,212.6,17073861
2020-01-07,212.82,214.58,211.75,213.06,15111857
2020-01-08,213,216.24,212.612,215.22,13492703
2020-01-09,217.54,218.38,216.278,218.3,12679579
2020-01-10,219.2,219.88,217.42,218.06,12127432
2020-01-13,219.597,221.97,219.21,221.91,14494517
2020-01-14,221.61,222.38,218.63,219.06,13315361
2020-01-15,220.61,221.68,220.14,221.15,10036475
2020-01-16,222.57,222.63,220.39,221.77,10015288
2020-01-17,222.03,222.29,220.53,222.14,15905944
2020-01-21,222.155,222.37,219.12,221.44,14275784
2020-01-22,222.31,222.75,221.28,221.32,12212814
2020-01-23,220.75,221.485,219.27,219.76,11195000
2020-01-24,220.8,221.78,216.11,217.94,11905824
2020-01-27,213.1,216.06,212.5,214.87,13810655
2020-01-28,216.14,218.74,213.52,217.79,13413835
2020-01-29,221.44,224.2,218.45,223.23,33610005
2020-01-30,206.53,211.43,204.75,209.53,48775500
2020-01-31,208.43,208.69,201.06,201.91,31359917
2020-02-03,203.44,205.14,202.5,204.19,15510509
2020-02-04,206.617,210.6,205.203,209.83,19628890
2020-02-05,212.51,212.73,208.71,210.11,12538154
2020-02-06,210.47,211.19,209.338,210.85,10567533
2020-02-07,210.3,212.82,209.93,212.33,12242530
2020-02-10,211.52,213.8,210.66,213.06,11856350
2020-02-11,210.19,210.86,206.51,207.19,25030810
2020-02-12,207.85,211.22,207.4,210.76,13813704
2020-02-13,209.524,214.326,209.18,213.14,15396625
2020-02-14,214,214.93,212.65,214.18,10741747
2020-02-18,213.55,217.975,213.4,217.8,15630026
2020-02-19,217.99,218.32,216.11,217.49,12135114
2020-02-20,216.52,218.765,212.945,214.58,13109213
2020-02-21,213.48,214.237,208.831,210.18,14098432
2020-02-24,201.8,203.65,198.17,200.72,23080057
2020-02-25,202.25,203.5,195.954,196.77,21433487
2020-02-26,197.19,201.21,195.49,197.2,16555210
2020-02-27,191.82,195.88,189.5,189.75,21682626
2020-02-28,182.695,192.74,181.82,192.47,32583494
2020-03-02,194.03,196.57,188.85,196.44,24948955
2020-03-03,196.22,197.24,183.97,185.89,27984104
2020-03-04,189.17,191.83,186.39,191.76,23062473
2020-03-05,186.78,188.99,183.8901,185.17,19333425
2020-03-06,178.33,183.78,176.26,181.09,24559550
2020-03-09,169.6,175,165.19,169.5,29949041
2020-03-10,174.67,178.29,169.5,178.19,24517791
2020-03-11,174.01,175.88,167.66,170.24,20397204
2020-03-12,159.54,166.6,154.34,154.47,43266335
2020-03-13,163.53,170.79,157.6,170.28,35028627
2020-03-16,152.32,159.13,143.1,146.01,39120419
2020-03-17,150.74,153.94,140,149.42,34255596
2020-03-18,139.75,148.18,137.1006,146.96,37553136
2020-03-19,146.62,159.9294,144.8,153.13,39862312
2020-03-20,156.02,159.27,148,149.73,32568398
2020-03-23,149.66,152.31,142.25,148.1,29830765
2020-03-24,155.205,161.31,152.57,160.98,30440369
2020-03-25,158.92,162.99,153.06,156.21,35184271
2020-03-26,158.25,164,157.0201,163.34,26579021
2020-03-27,158.2,160.09,154.75,156.79,24879869
2020-03-30,159.18,166.75,158.06,165.95,22515225
2020-03-31,165.48,170.93,164.2,166.8,23676283
2020-04-01,161.615,164.15,158.035,159.6,19507559
2020-04-02,159.1,161.3509,155.92,158.19,20886309
2020-04-03,157.15,157.91,150.83,154.18,25983317
2020-04-06,160.15,166.2,158.51,165.55,28453581
2020-04-07,171.79,173.39,166.01,168.83,31411919
2020-04-08,171.25,175,167.74,174.28,21664198
2020-04-09,175.9,177.08,171.57,175.19,23534287
2020-04-13,173.67,175,169.45,174.79,19355355
2020-04-14,178.9765,181.225,176.62,178.17,21011815
2020-04-15,175.1865,178.19,172.82,176.97,17423003
2020-04-16,177.95,178.05,172.51,176.25,23593229
2020-04-17,179.2,180.28,176.66,179.24,20974750
2020-04-20,177.41,180.5,176.77,178.24,16110664
2020-04-21,175.25,175.38,168.3408,170.8,24850528
2020-04-22,178.45,184.78,178.14,182.28,33369931
2020-04-23,184.08,187.05,183.15,185.13,21426604
2020-04-24,183.23,190.41,180.825,190.07,28868528
2020-04-27,192.657,193.75,187.41,187.5,29197750
2020-04-28,188.66,189.2,182.56,182.91,21730986
2020-04-29,190.93,196.91,190,194.19,45954521
2020-04-30,206.92,209.69,201.5701,204.71,46230116
2020-05-01,201.6,207.28,199.0501,202.27,30415581
2020-05-04,200.2,205.91,198.7562,205.26,19250673
2020-05-05,207.02,210.38,206.5,207.07,21071223
2020-05-06,208.12,211.6,206.66,208.47,21856963
2020-05-07,211.16,211.6,209.04,211.26,15151976
2020-05-08,212.24,213.21,210.85,212.35,12524048
2020-05-11,210.8865,215,210.37,213.18,12911948
2020-05-12,213.29,215.275,210,210.1,14704647
2020-05-13,209.43,210.78,202.11,205.1,20684559
2020-05-14,202.56,206.93,200.69,206.81,17178947
2020-05-15,205.27,211.34,204.12,210.88,19383154
2020-05-18,212.15,214.6445,210.94,213.19,20167443
2020-05-19,213.27,220.49,212.83,216.88,31843152
2020-05-20,223.5,231.34,223.19,229.97,50162875
2020-05-21,234.72,237.2,231.2,231.39,47782636
2020-05-22,231.51,235.99,228.74,234.91,33925564
2020-05-26,239.77,240.9,231.67,232.2,33178318
2020-05-27,229.07,230.56,221.1347,229.14,34697553
2020-05-28,224.3,231.6332,224,225.46,29423013
2020-05-29,225.2,227.49,222.88,225.09,23322476
2020-06-01,224.59,232.44,223.5,231.91,18223839
2020-06-02,230.94,233,226.56,232.72,20919018
2020-06-03,232.11,232.65,228.53,230.16,15380282
2020-06-04,229.56,231.63,224.61,226.29,17041481
2020-06-05,226.71,231.35,225.3105,230.77,16750438
2020-06-08,229.03,231.55,227.41,231.4,15466499
2020-06-09,231.52,239.77,230.41,238.67,27462872
2020-06-10,240.96,241.21,235.28,236.73,20720709
2020-06-11,229.94,232.89,223.55,224.43,26708163
2020-06-12,229.9,231.66,224.5,228.58,22091387
2020-06-15,225.09,233.77,224.8,232.5,15340264
2020-06-16,237.14,238.46,233,235.65,15236691
2020-06-17,235,237.59,231.7268,235.53,19578125
2020-06-18,234.99,236.14,232.15,235.94,15782452
2020-06-19,237.79,240.83,235.55,238.79,30081291
2020-06-22,238.56,240.7,236.91,239.22,18917782
2020-06-23,241.28,245.1853,239.86,242.24,24017915
2020-06-24,241.2,243.22,232.68,234.02,20834904
2020-06-25,234.62,237.3,232.74,235.68,18704339
2020-06-26,232.64,233.09,215.4,216.08,76343939
2020-06-29,209.75,220.75,207.11,220.64,58514281
2020-06-30,220.59,227.5,218.47,227.07,33927068
2020-07-01,228.5,239,227.56,237.55,43399739
2020-07-02,239,240,232.61,233.42,30633620
2020-07-06,233.76,240.4,232.27,240.28,26206158
2020-07-07,239.41,247.65,238.82,240.86,27887786
2020-07-08,238.11,246.99,236.59,243.58,29791339
2020-07-09,245,246.525,239.24,244.5,22174896
2020-07-10,243.685,245.49,239.32,245.07,22982716
2020-07-13,247.005,250.15,238.42,239,24674874
2020-07-14,236.76,240.33,232.03,239.73,23378056
2020-07-15,241.55,244.82,238.05,240.28,19133562
2020-07-16,238,241.76,236.3306,240.93,18880705
2020-07-17,241,244.16,237.86,242.03,18152413
2020-07-20,240.06,246.05,235.635,245.42,20872223
2020-07-21,246.22,246.91,240.08,241.75,19409687
2020-07-22,240.26,241.9,238.12,239.87,15427885
2020-07-23,239.63,242.42,231.75,232.6,21771802
2020-07-24,230.19,233.49,226.9,230.71,18325813
2020-07-27,231.46,234.95,230.83,233.5,13163083
2020-07-28,234.63,234.96,229.83,230.12,14170112
2020-07-29,231.14,233.7,230.31,233.29,13588317
2020-07-30,230.22,234.893,229,234.5,20615306
2020-07-31,255.82,255.85,249,253.67,53030037
2020-08-03,252.65,255.4,250.33,251.96,23134103
2020-08-04,251.56,252.8,247.43,249.83,17183533
2020-08-05,250.19,252.2698,247.77,249.12,13088361
2020-08-06,249.04,266.6,248.665,265.28,45241611
2020-08-07,264.08,278.89,263.43,268.44,72766364
2020-08-10,268.04,273.86,259.69,263,30248826
2020-08-11,260.185,265.915,255.13,256.13,28238283
2020-08-12,258.97,263.8973,258.1125,259.89,21428329
2020-08-13,261.55,265.16,259.57,261.3,17373970
2020-08-14,262.305,262.65,258.6801,261.24,14792708
2020-08-17,262.5,264.0973,259.4,261.16,13351062
2020-08-18,260.95,265.15,259.26,262.34,18690383
2020-08-19,261.388,267.908,261.35,262.59,23291463
2020-08-20,261.5,269.63,261.46,269.01,20299688
2020-08-21,268.69,270.49,266.42,267.01,15538615
2020-08-24,271.07,277.2478,268.7701,271.39,23685603
2020-08-25,272.41,283.09,270.2601,280.82,42127240
2020-08-26,284,304.67,284,303.91,69015151
2020-08-27,300.16,301.23,292.02,293.22,30301309
2020-08-28,295,297.23,290.98,293.66,17172415
2020-08-31,293.95,296.88,291.55,293.2,17345134
2020-09-01,294.71,301.49,292.71,295.44,17320872
2020-09-02,298.88,303.6,293.05,302.5,24341369
2020-09-03,295.99,297.6,283.63,291.12,32294092
2020-09-04,287.25,289,271.14,282.73,30333671
2020-09-08,271.28,279.3,269.42,271.16,24863997
2020-09-09,275.77,278.48,271.35,273.72,22918769
2020-09-10,275.51,279.16,267.0319,268.09,24814669
2020-09-11,270.06,271.39,262.64,266.61,18913883
2020-09-14,270.95,276.64,265.7,266.15,24093830
2020-09-15,270.67,274.52,269.3,272.42,18478530
2020-09-16,267.29,272.44,261.79,263.52,29207594
2020-09-17,258.28,261.5,250.19,254.82,31281441
2020-09-18,258.405,259.2,250.05,252.53,28130767
2020-09-21,247.54,249.95,244.13,248.15,24709378
2020-09-22,253.31,255.32,248.22,254.75,30293103
2020-09-23,255.26,257.9921,248.15,249.02,19641266
2020-09-24,246.5,252.24,245.62,249.53,20006750
2020-09-25,249.4,255.75,246.61,254.82,18351311
2020-09-28,259.4,259.6,254.8208,256.82,18826254
2020-09-29,257.81,263.33,256.9,261.79,20215504
2020-09-30,261.98,266.085,260.1,261.9,20142546
2020-10-01,265.35,268.33,264.8,266.63,20009801
2020-10-02,261.21,265.15,259.18,259.94,16367597
2020-10-05,262.2,264.865,260.8401,264.65,12822252
2020-10-06,261.78,265.69,258.24,258.66,18696917
2020-10-07,259.21,260.18,254.82,258.12,23133417
2020-10-08,259.75,264.62,259.1488,263.76,16312762
2020-10-09,264.52,264.75,262.17,264.45,14107803
2020-10-12,270.2,280.18,267.87,275.75,31019256
2020-10-13,277.58,279.1,273.39,276.14,18063343
2020-10-14,277.62,278.75,271.5,271.82,15601154
2020-10-15,267.6,269.04,263.67,266.72,15416064
2020-10-16,267.375,271.37,265.3,265.93,16622702
2020-10-19,265.53,268.55,259.88,261.4,13586955
2020-10-20,263.06,269.7,262.88,267.56,18763246
2020-10-21,279.56,283.05,276.37,278.73,28998638
2020-10-22,279.87,282.45,275.04,278.12,16720026
2020-10-23,278.8024,285.24,276.82,284.79,17535155
2020-10-26,283.16,285.23,274.26,277.11,21322925
2020-10-27,278.76,284.51,276.31,283.29,16287249
2020-10-28,278.79,278.79,267.26,267.67,23121808
2020-10-29,276.55,283.6,273.78,280.83,32368118
2020-10-30,274.5,276.7,259.1,263.11,47299002
2020-11-02,264.6,270.47,257.34,261.36,27165679
2020-11-03,263.16,270.05,260.88,265.3,17961859
2020-11-04,281,288.94,278.62,287.38,35364424
2020-11-05,291.8965,297.38,288.95,294.68,23823633
2020-11-06,293.95,294.6,288.06,293.41,13890974
2020-11-09,289.87,292.58,278.53,278.77,25117650
2020-11-10,273.1,274,264,272.43,29067691
2020-11-11,273.47,278.4,272.48,276.48,14956950
2020-11-12,277.18,279.75,274.43,275.08,12914206
2020-11-13,277.72,277.76,273.1,276.95,10400101
2020-11-16,275.05,279.41,274.63,278.96,12970352
2020-11-17,277.68,277.68,273.29,275,15040297
2020-11-18,274.52,277.3889,271.84,271.97,12152945
2020-11-19,271.025,273.47,269.19,272.94,12963658
2020-11-20,272.56,273,269.41,269.7,18122412
2020-11-23,270.89,270.9471,264.53,268.43,20990786
2020-11-24,268.49,277.8199,267.87,276.92,16930424
2020-11-25,278.14,280.18,272.65,275.59,12467009
2020-11-27,277.39,279.13,274.82,277.81,7808426
2020-11-30,276.03,277.7,271.01,276.97,16693336
2020-12-01,279.16,289.3,278.96,286.55,20777906
2020-12-02,285.36,291.78,280.825,287.52,17361624
2020-12-03,286.25,286.65,281.07,281.85,12921694
2020-12-04,280.3,283.46,279.3,279.7,10880299
2020-12-07,279.19,288.49,278.2,285.58,12997268
2020-12-08,286.01,286.4272,281.55,283.4,10731946
2020-12-09,283.66,287.63,271.75,277.92,25160530
2020-12-10,275.535,278.73,271.86,277.12,20065091
2020-12-11,274.53,276.48,270.25,273.55,14391401
2020-12-14,273.3722,277.22,271.56,274.19,16376880
2020-12-15,274.83,276.08,267.47,275.55,23979461
2020-12-16,274.76,277.86,272.51,275.67,15884999
2020-12-17,277.07,280.44,273.61,274.48,16377844
2020-12-18,275.775,278,271.14,276.4,26693249
2020-12-21,272.978,274.67,267.79,272.79,16553740
2020-12-22,271.5,271.5,264.63,267.09,17334999
2020-12-23,266.89,272.1699,266.23,268.11,14329038
2020-12-24,268.875,270.4,266.2,267.4,6702033
2020-12-28,268.74,277.3,265.66,277,23299707
2020-12-29,276.95,280.51,276.28,276.78,16382995
2020-12-30,277.95,278.08,271.71,271.87,11803795
2020-12-31,272,277.09,269.81,273.16,12900408
2021-01-04,274.78,275,265.2,268.94,15106113
2021-01-05,268.29,272.4,268.2111,270.97,9871557
2021-01-06,262,267.75,260.01,263.31,24354149
2021-01-07,265.9,271.61,264.78,268.74,15789756
2021-01-08,268.31,268.95,263.18,267.57,18528251
2021-01-11,260.48,263.47,255.9,256.84,30412286
2021-01-12,256.63,259.72,250.3,251.09,26449943
2021-01-13,251.55,253.95,249.2,251.64,19528938
2021-01-14,253.4,255.03,244.61,245.64,29739404
2021-01-15,247.9,253.86,247.16,251.36,24942930
2021-01-19,256.9,262.2,252.7201,261.1,28028546
2021-01-20,268.93,270.32,263.6,267.48,25199919
2021-01-21,269.26,273.6,267.4901,272.87,20838687
2021-01-22,272.01,278.47,272,274.5,21954042
2021-01-25,278.14,280.1,271.51,278.01,19086990
2021-01-26,278.1398,285.39,277.81,282.05,19373636
2021-01-27,282.53,283.45,268.1201,272.14,35346194
2021-01-28,277.18,286.79,264.7,265,37758844
2021-01-29,265.3,266.56,254.85,258.33,30389499
2021-02-01,259.52,264.17,254.91,262.01,22914255
2021-02-02,264,268.85,263.27,267.08,17320788
2021-02-03,265.62,269.2,263.84,266.65,14223377
2021-02-04,267.01,268.16,264,266.49,16059958
2021-02-05,266.8,269.17,265.67,268.1,12454367
2021-02-08,268.75,269.86,265,266.58,13755191
2021-02-09,266.44,273.39,265.75,269.45,14613375
2021-02-10,272.4465,273.7999,267.72,271.87,14687152
2021-02-11,271.89,273.58,268.49,270.39,12828572
2021-02-12,270.52,271.18,268.34,270.5,9097597
2021-02-16,270.8,276.6,270.05,273.97,15417243
2021-02-17,271.24,273.97,269.58,273.57,12763240
2021-02-18,269.565,271.95,266.03,269.39,15249134
2021-02-19,269.86,270.27,260.15,261.56,25622587
2021-02-22,257.95,263.07,257.53,260.33,17434873
2021-02-23,259.5,267.46,254.96,265.855,21924557
2021-02-24,262.325,266.38,258.39,264.31,15736123
2021-02-25,262.3,266.94,254.04,254.69,19053142
2021-02-26,256.47,265.55,256.47,257.62,26619517
2021-03-01,260.82,266.65,257.9039,264.91,22157255
2021-03-02,265.78,266.71,258.65,259,15191722
2021-03-03,260.29,260.9899,255.1,255.41,15513515
2021-03-04,256.47,266.49,253.5,257.64,31626463
2021-03-05,260.67,265.45,255.61,264.28,26820055
2021-03-08,265.55,265.58,255.05,255.31,18391768
2021-03-09,261.175,268.53,259.81,265.74,22039740
2021-03-10,268.64,268.97,262.87,264.9,14210318
2021-03-11,268.11,277.9,267.82,273.88,21833979
2021-03-12,269.14,269.74,264.02,268.4,20600198
2021-03-15,269.08,275.96,268.5,273.75,16856746
2021-03-16,276.085,282.14,274.8,279.28,22437665
2021-03-17,275.705,286.23,275.41,284.01,21315044
2021-03-18,279.87,285.1899,278.28,278.62,18754853
2021-03-19,281.22,292.8,281.195,290.11,38930536
2021-03-22,290.45,299.705,286.7501,293.54,28273073
2021-03-23,293.15,298,289.81,290.63,23000929
2021-03-24,290.93,291.72,281.16,282.14,18675046
2021-03-25,280.98,288.06,277.75,278.74,24505648
2021-03-26,278.3018,284.5,277.77,283.02,17629185
2021-03-29,285.77,293.18,284.7,290.82,21718831
2021-03-30,289.83,292.47,286.7,288,17474537
2021-03-31,289.99,296.5,288.61,294.53,19498157
2021-04-01,298.4,302.4,296.6,298.66,17615980
2021-04-05,300.89,310.765,300.68,308.91,28237006
2021-04-06,308.8365,311.35,305.25,306.26,17335246
2021-04-07,306.34,314.25,305.5,313.09,22855241
2021-04-08,314.85,315.88,310.05,313.02,20894148
2021-04-09,311.4,314.74,310.33,312.46,15988568
2021-04-12,311.05,312.15,307.93,311.54,10881935
2021-04-13,312.21,314.428,309.32,309.76,14036927
2021-04-14,307.3,308.03,301.95,302.82,17421393
2021-04-15,306.34,310.14,304.1,307.82,14558273
2021-04-16,308.17,308.95,304.61,306.18,13059163
2021-04-19,305.007,307.7,300.56,302.24,14553507
2021-04-20,301.83,305.1,297.21,302.65,16796442
2021-04-21,301.945,301.98,297.39,301.47,14863474
2021-04-22,301.33,302.92,296.04,296.52,16375350
2021-04-23,298.76,302.59,297.15,301.13,17559498
2021-04-26,303.3396,305.8,301.56,303.04,16172593
2021-04-27,304.28,305.34,301.11,303.57,15309256
2021-04-28,307.36,310.92,305.37,307.1,33907210
2021-04-29,330.12,331.81,321.61,329.51,56526771
2021-04-30,326.1435,329.82,324.5,325.08,26332423
2021-05-03,326.17,328.55,321.84,322.58,18719462
2021-05-04,320.025,322.19,313.12,318.36,24032557
2021-05-05,318.19,321.06,314.49,315.02,15577605
2021-05-06,314.52,320.24,313.275,320.02,19012241
2021-05-07,322.38,322.935,318.75,319.08,15916743
2021-05-10,314.35,314.5786,304.83,305.97,24239170
2021-05-11,300.75,306.84,299.69,306.53,18920086
2021-05-12,301.13,304.96,298.19,302.55,24641010
2021-05-13,306.0833,308.86,302.7701,305.26,18079160
2021-05-14,309.54,316.85,309.08,315.94,19245724
2021-05-17,313.55,315.68,311.58,315.46,15401343
2021-05-18,315.59,316.5,309.81,309.96,14522403
2021-05-19,304.185,314.66,303.57,313.59,19106244
2021-05-20,313.58,319.25,313.16,318.61,17320241
2021-05-21,319.29,319.93,315.8101,316.23,13600901
2021-05-24,318.21,325.95,318.03,324.63,16445356
2021-05-25,327.08,329.18,324.8,327.79,16436965
2021-05-26,328.35,329.8299,325.82,327.66,9686917
2021-05-27,328,333.78,326.76,332.75,20477726
2021-05-28,331,332.8684,328.33,328.73,12037430
2021-06-01,330.15,331.42,326.64,329.13,11765906
2021-06-02,330.38,331.87,327.1215,329.15,11654275
2021-06-03,325.78,327.375,323.48,326.04,12610788
2021-06-04,325.9,332.455,325.18,330.35,13289383
2021-06-07,329.48,337.69,328.93,336.58,20136707
2021-06-08,336.7,338.2999,332.24,333.68,14580464
2021-06-09,335.74,336.8,330,330.25,13727946
2021-06-10,330.785,333.94,328.545,332.46,13240229
2021-06-11,332.58,332.83,328.93,331.26,13587916
2021-06-14,331.9,336.82,329.81,336.77,12250799
2021-06-15,336.99,339.92,335.03,336.75,15795226
2021-06-16,336.695,337.55,328.72,331.08,17232157
2021-06-17,330.49,337.98,330.15,336.51,17794080
2021-06-18,334.53,336.15,329,329.66,23039457
2021-06-21,331.09,332.92,327.65,332.29,11337522
2021-06-22,332.685,339.92,332.6,339.03,15345299
2021-06-23,339.35,343.4199,338.2,340.59,14817824
2021-06-24,341.85,344.9,341.79,343.18,12329096
2021-06-25,342.59,344.12,339.68,341.37,14594444
2021-06-28,342.46,358.14,341.77,355.64,29156132
2021-06-29,356.27,356.74,349.05,351.89,21417305
2021-06-30,352.165,352.92,347.17,347.71,15107514
2021-07-01,346.82,354.6699,346.5,354.39,17137021
2021-07-02,355.1,356.44,352.62,354.7,11524614
2021-07-06,356.5,358.79,349.18,352.78,13488455
2021-07-07,355.26,356.49,350,350.49,14218866
2021-07-08,345.73,348.33,342.56,345.65,14406457
2021-07-09,345.32,350.71,345.265,350.42,13018694
2021-07-12,351.23,354.19,349.64,353.16,10018624
2021-07-13,351.5,358.49,348.8,352.09,11455963
2021-07-14,354.56,355.2,346.73,347.63,13894221
2021-07-15,349.2348,349.2348,340.22,344.46,14781594
2021-07-16,344.91,345.9899,340.14,341.16,11026093
2021-07-19,337.57,339.79,334.54,336.95,14372345
2021-07-20,338.8,343.45,334.5,341.66,11024277
2021-07-21,341.5,346.52,341.25,346.23,9279657
2021-07-22,346.68,351.54,345.21,351.19,12385441
2021-07-23,360.91,375.33,357.19,369.79,33694328
2021-07-26,369.58,374.44,368.22,372.46,14925222
2021-07-27,371.91,373.15,364.55,367.81,15705447
2021-07-28,374.56,377.5499,366.93,373.28,29676910
2021-07-29,361,365.52,356.74,358.32,33413244
2021-07-30,354,360.73,352.94,356.3,15976179
2021-08-02,358.1,359.4,350.74,351.95,13180439
2021-08-03,352.73,353.7699,347.7,351.24,12406054
2021-08-04,352.42,360.48,351.51,358.92,14180572
2021-08-05,359.64,363.9,356.9,362.97,10247207
2021-08-06,361.4,365.15,361.395,363.51,8925017
2021-08-09,363.7623,365.775,360.75,361.61,7798872
2021-08-10,361.825,364.1,359.0435,361.13,7469878
2021-08-11,362.1,362.36,357.81,359.96,8400332
2021-08-12,358.45,363,357.11,362.65,7175206
2021-08-13,362.97,364.6607,361.48,363.18,7195724
2021-08-16,362.52,366.95,357.38,366.56,11232269
2021-08-17,362.98,364.67,355.07,358.45,12328737
2021-08-18,356.25,359.86,355.15,355.45,10042381
2021-08-19,351.345,357.57,351,355.12,12004535
2021-08-20,354.6,359.9898,353.31,359.37,8697667
2021-08-23,359.44,365.69,359.1,363.35,10942007
2021-08-24,363.66,367.9559,361.84,365.51,9235148
2021-08-25,365.6,370.86,365.4,368.39,9684519
2021-08-26,368.375,369.44,364.13,364.38,7888683
2021-08-27,365.1,373.74,364.08,372.63,11219142
2021-08-30,372.56,381.49,370.52,380.66,13547261
2021-08-31,379.95,382.759,378.8,379.38,12345350
2021-09-01,379.59,384.33,378.81,382.05,11567163
2021-09-02,381.5,381.75,374.06,375.28,14838274
2021-09-03,374.75,377.16,373.11,376.26,7511356
2021-09-07,375.88,382.96,373.15,382.18,10798920
2021-09-08,380.16,380.87,374.79,377.57,11067166
2021-09-09,377.64,379.83,376.565,378,9098941
2021-09-10,381.361,383.79,378.26,378.69,11549595
2021-09-13,381.68,381.75,374.3451,376.51,13026275
2021-09-14,377.4,378.59,375.11,376.53,8711569
2021-09-15,377,377.555,367.67,373.92,17940297
2021-09-16,372.79,373.56,369.71,373.06,11934217
2021-09-17,371,371.41,361.59,364.72,26298966
2021-09-20,359.3,361.03,349.8,355.7,19822772
2021-09-21,358.5,360.04,355.19,357.48,11751917
2021-09-22,347.23,349.84,340.6901,343.21,43692859
2021-09-23,345.355,349.67,343,345.96,21806264
2021-09-24,343.2387,354.35,342.37,352.96,18801933
2021-09-27,349.805,355.15,347.08,353.58,15205843
2021-09-28,347.97,349.6,338.92,340.65,21710286
2021-09-29,343.15,345.23,338.88,339.61,14452241
2021-09-30,340.445,342.8,338.15,339.39,16547094
2021-10-01,341.61,345.02,338.64,343.01,14905311
2021-10-04,335.53,335.94,322.7,326.23,42884975
2021-10-05,328.58,335.18,326.1638,332.96,35377947
2021-10-06,329.77,334.38,325.8,333.64,26443010
2021-10-07,337,338.84,328.98,329.22,28307456
2021-10-08,331.51,333.4,328.71,330.05,15946110
2021-10-11,327.625,330.46,325.31,325.45,14708224
2021-10-12,323.03,324.38,317.37,323.77,31658684
2021-10-13,326.97,327,322.66,324.54,14761470
2021-10-14,328.355,330.52,327.1,328.53,14302154
2021-10-15,328.68,329.07,322.51,324.76,21596370
2021-10-18,328.95,335.89,327.5,335.34,21585018
2021-10-19,339.645,342.46,337.28,339.99,18786316
2021-10-20,343.445,343.98,339.4531,340.78,13639465
2021-10-21,340.275,342.31,337.8,341.88,16354423
2021-10-22,326.345,329.63,321.11,324.61,35224543
2021-10-25,320.3,329.56,319.72,328.69,38408957
2021-10-26,328.26,330.2099,309.6,315.81,65654043
2021-10-27,314.19,319.25,312.06,312.22,29971761
2021-10-28,312.99,325.52,308.11,316.92,50806840
2021-10-29,320.19,325.9999,319.6,323.57,37059384
2021-11-01,326.04,333.45,326,329.98,31518885
2021-11-02,331.38,334.7895,323.8,328.08,28352966
2021-11-03,327.49,332.15,323.2,331.62,20786502
2021-11-04,334.0065,337.273,332.65,335.85,22495281
2021-11-05,340.31,346.79,339.64,341.13,26872817
2021-11-08,344.42,344.789,338.34,338.62,18342458
2021-11-09,340,341.3075,334.47,335.37,17556721
2021-11-10,332.49,333.19,325.51,327.64,21872605
2021-11-11,329.82,332.459,327,327.74,12376563
2021-11-12,330.18,341.86,329.78,340.89,25414311
2021-11-15,344.34,353.65,343.2,347.56,25076603
2021-11-16,343.83,346.65,340.87,342.96,18181106
2021-11-17,344.24,347.3,340.1,340.77,13602812
2021-11-18,339.72,342.46,335.3,338.69,17487235
2021-11-19,342.2,352.1,339.9,345.3,26488541
2021-11-22,349.05,353.83,340.51,341.01,27116811
2021-11-23,338.93,341.3999,333.5,337.25,17224986
2021-11-24,336,341.78,332.81,341.06,13566181
2021-11-26,335.795,337.75,331.902,333.12,14750737
2021-11-29,336.89,340.67,335.305,338.03,16650949
2021-11-30,335,335.81,323.43,324.46,25390008
2021-12-01,330.29,330.5,310.29,310.6,30384083
2021-12-02,311.4,314.6,307.2,310.39,24396169
2021-12-03,313.73,313.75,299.5,306.84,27471010
2021-12-06,307.99,320.1,306.34,317.87,21758340
2021-12-07,321.57,326.54,321,322.81,18794047
2021-12-08,325,332.75,323.07,330.56,19937722
2021-12-09,329.54,336.13,328,329.82,16879168
2021-12-10,332.555,335.03,326.37,329.75,14527969
2021-12-13,330.95,341.09,329.59,334.49,22948655
2021-12-14,328.05,335.7,327.65,333.74,20461024
2021-12-15,332.4935,342.11,323.98,341.66,24681326
2021-12-16,338.98,344.46,333.74,334.9,22635025
2021-12-17,332.795,337.11,330.75,333.79,40012637
2021-12-20,329.775,329.9,322.53,325.45,17901783
2021-12-21,326.41,336,323.75,334.2,16116784
2021-12-22,333.8003,334.51,328.26,330.45,16764566
2021-12-23,330.1,336.67,328.36,335.24,13987698
2021-12-27,338.845,347.87,338.01,346.18,17795026
2021-12-28,346.63,352.71,345.2,346.22,16637608
2021-12-29,346.91,349.6899,341.6401,342.94,10747009
2021-12-30,344,347.23,343.22,344.36,10593347
2021-12-31,343.015,343.44,336.27,336.35,12870480
2022-01-03,338.295,341.0816,337.19,338.54,14562849
2022-01-04,339.95,343.0854,331.8711,336.53,15997974
2022-01-05,333.02,335.76,323.84,324.17,20564521
2022-01-06,322.8,339.165,322.72,332.46,27962809
2022-01-07,332.74,337,328.8801,331.79,14722020
2022-01-10,325.31,328.34,315.43,328.07,24942383
2022-01-11,326.78,334.63,325.28,334.37,16226847
2022-01-12,335.18,336.365,330.03,333.26,14104858
2022-01-13,334.98,335.63,325.76,326.48,14797109
2022-01-14,321.79,332.73,321.21,331.9,16868497
2022-01-18,323.29,324.21,317.64,318.15,22677332
2022-01-19,319.5822,327.1,319.33,319.59,20814740
2022-01-20,323.9,327.82,315.98,316.56,16925030
2022-01-21,314.81,318.31,303.04,303.17,28710717
2022-01-24,297.84,309.53,289.01,308.71,38936901
2022-01-25,299.95,306.23,297.58,300.15,25108454
2022-01-26,307.01,307.51,290.85,294.63,28348801
2022-01-27,297.752,301.709,294.26,294.64,21629922
2022-01-28,295.6204,301.9,293.0333,301.71,21871620
2022-01-31,300.68,313.79,299.32,313.26,21579474
2022-02-01,314.555,319.6598,312.12,319,18023796
2022-02-02,327.82,328,316.8747,323,58458280
2022-02-03,244.645,248,235.745,237.76,188119925
2022-02-04,234.97,242.6099,230.11,237.09,89342247
2022-02-07,237.7,238.3,224.01,224.91,88613826
2022-02-08,220.85,225.77,216.15,220.18,94729672
2022-02-09,224.2,233.37,222.21,232,86563275
2022-02-10,228.27,235,226.7,228.07,49310356
2022-02-11,228.46,230.42,218.7701,219.55,46156943
2022-02-14,219.31,221,214.78,217.7,38184035
2022-02-15,220.47,221.15,215.06,221,42685473
2022-02-16,212.41,217.46,212.36,216.54,45817457
2022-02-17,214.02,217.5,207.1601,207.71,38747533
2022-02-18,209.39,210.75,205.18,206.16,37128438
2022-02-22,202.34,207.48,200.06,202.08,39852391
2022-02-23,204.16,206.94,198.05,198.45,44481359
2022-02-24,191.06,208.35,190.22,207.6,49957167
2022-02-25,204.94,211.32,203.18,210.48,37627551
2022-02-28,207.675,213.1508,206.83,211.03,34239803
2022-03-01,209.87,211.7517,202.22,203.49,27094902
2022-03-02,204.62,209.15,202.02,208.11,29452147
2022-03-03,209.015,209.08,201.42,202.97,27263524
2022-03-04,202.37,205.89,198.79,200.06,32146264
2022-03-07,200.79,200.89,187.28,187.47,38560609
2022-03-08,187.85,196.7,186.11,190.29,37508149
2022-03-09,195.74,199.1,193.92,198.5,31894695
2022-03-10,194.84,196.28,191.068,195.21,24852975
2022-03-11,192.635,193.56,186.67,187.61,34694534
2022-03-14,187.03,192.29,185.82,186.63,31010462
2022-03-15,190.8,192.28,185.911,192.03,31721682
2022-03-16,194.7,203.73,194.52,203.63,40640264
2022-03-17,201.7,208.04,201.11,207.84,29499681
2022-03-18,206.7,216.8,206,216.49,52127982
2022-03-21,214.5,214.71,207.63,211.49,30142338
2022-03-22,211.37,219.46,210.18,216.65,31998799
2022-03-23,213.455,216.7988,212.16,213.46,23717321
2022-03-24,215,220.67,214.79,219.57,31502314
2022-03-25,220.51,225.5,218.8901,221.82,40039026
2022-03-28,222.13,224.04,219.54,223.59,26224141
2022-03-29,226.07,230.89,225.29,229.86,31417857
2022-03-30,228.91,231.151,226.71,227.85,25588046
2022-03-31,228.45,228.49,222.26,222.36,24192266
2022-04-01,224.55,227.28,222.7,224.85,19544758
2022-04-04,225.98,234.351,225.86,233.89,28100826
2022-04-05,234.08,236.86,231.02,231.84,29727181
2022-04-06,226.91,228.9899,221.405,223.3,28995080
2022-04-07,223.93,225.52,218.56,222.95,21037187
2022-04-08,222.38,225.13,220.0283,222.33,18375711
2022-04-11,218.42,220.61,215.2198,216.46,20516586
2022-04-12,220.235,222.03,213.13,214.14,20128827
2022-04-13,211.82,216.61,211.33,214.99,19231816
2022-04-14,214.89,214.99,210,210.18,18379455
2022-04-18,210,213.38,208.3,210.77,16580792
2022-04-19,210.52,218.4299,209,217.31,20089871
2022-04-20,213.605,214.16,198.92,200.42,43036528
2022-04-21,201.6,202.965,185.58,188.07,49954078
2022-04-22,190.37,192.72,183.27,184.11,36426769
2022-04-25,182.73,187.18,181.655,186.99,29281060
2022-04-26,186.63,187.185,179.5,180.95,31747434
2022-04-27,174.43,181.2099,169,174.95,71062886
2022-04-28,202.92,208.53,192.9,205.73,100890551
2022-04-29,204.46,212.48,199.9,200.47,49193434
2022-05-02,201.165,211.88,200.99,211.13,49915289
2022-05-03,210.45,214.8999,208.09,212.03,41556267
2022-05-04,210.65,224.3,206.96,223.41,41375881
2022-05-05,218.74,220.17,206.16,208.28,41129192
2022-05-06,207.34,209.38,201.02,203.77,34747158
2022-05-09,199.84,202.57,195.58,196.21,36303200
2022-05-10,199.51,202.96,194.19,197.65,34452491
2022-05-11,196.325,200.6742,188.27,188.74,31153383
2022-05-12,187.055,198.05,184.78,191.24,38262226
2022-05-13,192.58,199.89,191.28,198.62,24549844
2022-05-16,197.05,205.37,195.93,200.04,27112595
2022-05-17,202.115,205.46,198.36,202.62,24872729
2022-05-18,200,201,191.63,192.24,23959966
2022-05-19,191.2,195.29,189.6,191.29,24446938
2022-05-20,194.97,197.91,187.87,193.54,31465570
2022-05-23,195.19,196.9924,191.24,196.23,25059161
2022-05-24,180.55,183.6759,176.11,181.28,50406273
2022-05-25,180.4,185.45,179.32,183.83,28030194
2022-05-26,182.878,192.8301,182.26,191.63,23056455
2022-05-27,191.36,195.3329,189.8,195.13,22562727
2022-05-31,194.885,197.6,192.01,193.64,26131103
2022-06-01,196.51,199.53,185,188.64,36623495
2022-06-02,188.45,200.935,187.73,198.86,31951582
2022-06-03,195.98,196.61,189.78,190.78,19464993
2022-06-06,193.99,196.92,188.4,194.25,30574242
2022-06-07,191.93,196.53,191.49,195.65,18828687
2022-06-08,194.67,202.03,194.41,196.64,22267154
2022-06-09,194.28,199.45,183.68,184,23501500
2022-06-10,183.04,183.1,175.02,175.57,27478354
2022-06-13,170.59,172.575,164.03,164.26,31749304
2022-06-14,166.03,166.75,161.3601,163.73,27244274
2022-06-15,167.2,172.16,163.975,169.35,30008251
2022-06-16,163.72,165.08,159.61,160.87,26944143
2022-06-17,161.68,165.9,159.9,163.74,31374215
2022-06-21,165.93,167.76,155.97,157.05,50724899
2022-06-22,158.38,160.79,155.44,155.85,47596820
2022-06-23,156.27,159.75,154.25,158.75,40499198
2022-06-24,161.725,170.25,161.3,170.16,68736009
2022-06-27,171.32,171.75,168.01,169.49,29174559
2022-06-28,169.9,171.3,160.61,160.68,27788725
2022-06-29,163.57,166.33,160.32,163.94,28595236
2022-06-30,162.15,165.23,158.49,161.25,35250605
2022-07-01,160.31,160.62,155,160.03,31423933
2022-07-05,158.14,168.25,157.02,168.19,28664799
2022-07-06,168.2,171.59,165.46,169.77,23085921
2022-07-07,169.45,172.72,167.78,172.19,24083368
2022-07-08,169.98,172.4,168.1501,170.88,19249243
2022-07-11,167.065,167.49,161.91,162.88,21905133
2022-07-12,164.8,165.9107,162.1,163.27,16639659
2022-07-13,160.16,164.98,159.6127,163.49,16555138
2022-07-14,161.22,162.59,157.2801,158.05,23765168
2022-07-15,160.54,164.98,159.82,164.7,23342807
2022-07-18,166.75,171.685,165.64,167.23,23574337
2022-07-19,170.37,176.49,169.51,175.78,25933679
2022-07-20,177.485,183.6,176.7,183.09,24784274
2022-07-21,180.63,183.85,178.87,183.17,27195815
2022-07-22,173.07,175.5995,168.41,169.27,42583916
2022-07-25,169,170.57,164.805,166.65,26166326
2022-07-26,165.94,166,157.95,159.15,28468424
2022-07-27,162.59,170.87,162.02,169.58,43846557
2022-07-28,161.06,161.51,154.85,160.72,73214326
2022-07-29,157.69,160.14,155.17,159.1,42065395
2022-08-01,157.25,165.19,155.2301,159.93,40596702
2022-08-02,158.31,162.24,158.01,160.19,27374516
2022-08-03,162.69,169.54,161.57,168.8,31717527
2022-08-04,168.295,172.15,166.8,170.57,23938212
2022-08-05,166.99,171.612,165.8,167.11,25832701
2022-08-08,168,177.51,167.13,170.25,27299113
2022-08-09,168.95,169.53,166.6,168.53,18655056
2022-08-10,175.99,180.48,173.95,178.34,30262132
2022-08-11,179.71,183.1,176.37,177.49,24079062
2022-08-12,180.81,181.4572,178.911,180.5,21274046
2022-08-15,178.96,181.44,178.2,180.89,15878671
2022-08-16,179.44,180.99,177.035,179.47,21156710
2022-08-17,176.76,178.14,174.17,174.85,20118133
2022-08-18,174.34,175.76,171.86,174.66,18844451
2022-08-19,170.2,172.32,167.05,167.96,26240799
2022-08-22,165.49,165.49,162.26,163.05,19499711
2022-08-23,162.48,165.05,160.7,161.11,18111777
2022-08-24,160.6,165.46,159.77,163.26,20891481
2022-08-25,165.18,168.88,164.02,168.78,15550514
2022-08-26,168.48,170.92,161.6726,161.78,24023633
2022-08-29,160.655,163.05,159.01,159.17,20052661
2022-08-30,160.355,161.66,155.91,157.16,19567948
2022-08-31,167.07,167.84,162.14,162.93,40952975
2022-09-01,163.58,167.3599,160.345,165.36,30145683
2022-09-02,167.45,167.93,159.22,160.32,22634191
2022-09-06,160.1,161.69,157.69,158.54,19339781
2022-09-07,157.76,160.955,156.81,160.39,16831182
2022-09-08,158.71,162.23,157.74,162.06,22530785
2022-09-09,163.248,169.54,163.02,169.15,22129802
2022-09-12,167.39,171.39,167.28,168.96,23220405
2022-09-13,161.54,161.63,152.67,153.13,44444061
2022-09-14,153.33,153.54,149.05,151.47,43064195
2022-09-15,149.8,154.1984,148.7,149.55,34606348
2022-09-16,148.05,148.58,144.2935,146.29,40122824
2022-09-19,145.235,148.58,145.1,148.02,22169477
2022-09-20,145.775,148.84,145.22,146.09,23217350
2022-09-21,146.39,149.6,142,142.12,38338614
2022-09-22,141.55,144.58,140.87,142.82,34418521
2022-09-23,141.42,142.62,138.89,140.41,31710685
2022-09-26,140.12,142.24,136.19,136.37,30497021
2022-09-27,137.92,139.42,134.1201,134.4,30826471
2022-09-28,134.62,142.03,134.27,141.61,32658478
2022-09-29,139.36,139.84,135.2,136.41,38985414
2022-09-30,136.05,140.99,135.5,135.68,33166393
2022-10-03,137.14,139.62,136.1,138.61,27723063
2022-10-04,140.49,142.3901,139.34,140.28,34670729
2022-10-05,138.24,140.21,134.78,138.98,27979348
2022-10-06,137.715,141.45,136.6,139.07,36231056
2022-10-07,136.76,138.29,132.44,133.45,33214773
2022-10-10,133.55,136.11,131.87,133.79,24023982
2022-10-11,131.62,132.66,126.99,128.54,38481403
2022-10-12,128.32,129.67,126.25,127.5,34605245
2022-10-13,123.53,131.14,122.5301,130.29,34325715
2022-10-14,131,131.79,126.52,126.76,23559407
2022-10-17,130.3,134.79,130.18,134.04,29612245
2022-10-18,137.085,137.8399,131.4,132.8,25444979
2022-10-19,132.89,137,132.22,133.23,30691047
2022-10-20,132.93,136.77,131.31,131.53,26356276
2022-10-21,126.31,130.12,125.44,130.01,46348647
2022-10-24,127.25,133.48,124.57,129.72,63563447
2022-10-25,130.875,138.35,130.59,137.51,38433219
2022-10-26,131.68,135.55,128.53,129.82,89294679
2022-10-27,97.975,102.5,96.38,97.94,232316571
2022-10-28,99.58,100.85,97.51,99.2,95928306
2022-10-31,98.22,99.32,92.6,93.16,121361444
2022-11-01,94.33,97.49,93.55,95.2,110189617
2022-11-02,94.205,95.2,90.48,90.54,71821058
2022-11-03,90.08,90.4576,88.41,88.91,60664012
2022-11-04,90.35,91.39,88.09,90.79,55638061
2022-11-07,94.78,96.88,93.1,96.72,81987295
2022-11-08,95.92,97.8,94.79,96.47,52088320
2022-11-09,101.72,104.9,100.74,101.47,107677284
2022-11-10,107.12,112.75,104.61,111.87,80670961
2022-11-11,109.23,114.9,108.81,113.02,59961742
2022-11-14,110.99,116.27,110.8,114.22,53394974
2022-11-15,116.07,118.74,114.4116,117.08,50670499
2022-11-16,114.5,116.075,112.66,113.23,33287773
2022-11-17,110.41,112.33,109.8,111.45,35093822
2022-11-18,113.8,114.32,110.62,112.05,33357707
2022-11-21,111.52,112.3699,109.19,109.86,24351074
2022-11-22,109.86,111.62,108.3216,111.44,29028963
2022-11-23,111.72,112.67,110.73,112.24,21343083
2022-11-25,111.3,112.73,111.02,111.41,12007566
2022-11-28,110.78,112.04,108.38,108.78,23332816
2022-11-29,109.54,110.94,108.5437,109.46,23899238
2022-11-30,109.505,118.16,109.38,118.1,43348557
2022-12-01,119.198,121.2,118.4,120.44,36551374
2022-12-02,117.83,124.04,117.61,123.49,39950464
2022-12-05,121.75,124.67,121.35,122.43,35474884
2022-12-06,119.91,120.55,113.74,114.12,43689183
2022-12-07,113.76,115.88,112.88,113.93,29461137
2022-12-08,116.39,117.34,114.59,115.33,30619418
2022-12-09,115.3,117.54,113.87,115.9,26033353
2022-12-12,115.18,115.72,113.14,114.71,24747064
2022-12-13,122.13,123.3,118.64,120.15,44701054
2022-12-14,119.39,124.14,119.39,121.59,36922037
2022-12-15,118.33,118.625,114.01,116.15,34530970
2022-12-16,120.23,123.31,118.8214,119.43,67064001
2022-12-19,116.83,117.8,114.331,114.48,29769875
2022-12-20,113.26,117.33,112.46,117.09,28742501
2022-12-21,116.7,120.34,115.62,119.76,20392799
2022-12-22,117.2,118.62,114.38,117.12,23618121
2022-12-23,116.03,118.175,115.535,118.04,17796625
2022-12-27,117.93,118.6,116.0501,116.88,21392311
2022-12-28,116.25,118.15,115.51,115.62,19612473
2022-12-29,116.4,121.03,115.77,120.26,22366192
2022-12-30,118.16,120.42,117.74,120.34,19583825
2023-01-03,122.82,126.37,122.28,124.74,35528531
2023-01-04,127.38,129.0498,125.85,127.37,32397094
2023-01-05,126.125,128.52,124.54,126.94,25447099
2023-01-06,128.97,130.33,126.04,130.02,27584498
2023-01-09,131.16,132.95,129.28,129.47,26649145
2023-01-10,127.27,133.44,127.15,132.99,28684431
2023-01-11,130.96,133.8494,130.34,132.89,25423046
2023-01-12,133.44,137.6781,131.76,136.71,30757732
2023-01-13,134.97,137.39,134.835,136.98,22423839
2023-01-17,136.176,136.75,134.25,135.36,21147587
2023-01-18,135.81,137.25,132.8,133.02,20215486
2023-01-19,132.49,137.45,132.14,136.15,28625232
2023-01-20,135.89,139.94,134.61,139.37,28688630
2023-01-23,139.29,143.76,138.66,143.27,27470093
2023-01-24,141.69,145,141.36,143.14,21970190
2023-01-25,141.22,143.17,140.31,141.5,26622021
2023-01-26,144.4,147.51,143.3,147.3,25482084
2023-01-27,148.237,153.19,147.39,151.74,35771865
2023-01-30,149.405,151.1233,146.95,147.06,28040100
2023-01-31,147.95,149.88,147.52,148.97,29842109
2023-02-01,148.03,153.58,147.06,153.12,55661017
2023-02-02,183.38,197.16,180.16,188.77,150475687
2023-02-03,183.465,196.77,182.89,186.53,76809701
2023-02-06,186.53,190.7,185.5156,186.06,42483811
2023-02-07,185.575,193.7799,184.4,191.62,47080662
2023-02-08,190,190.83,182.92,183.43,36139074
2023-02-09,186.13,186.65,177.27,177.92,37118811
2023-02-10,176.3534,178.89,173.35,174.15,33433567
2023-02-13,178.215,181,175.82,179.43,31463223
2023-02-14,177.16,181.5064,175.88,179.48,24034631
2023-02-15,176.415,178.19,175.33,177.16,25337966
2023-02-16,172.75,175.85,171.79,172.44,25827473
2023-02-17,170.22,173.18,169.7,172.88,24171260
2023-02-21,174.31,178.17,171.88,172.08,34592582
2023-02-22,171.07,172.755,169.69,171.12,22433158
2023-02-23,172,173.69,169.38,172.04,20017779
2023-02-24,168.64,170.72,167.66,170.39,19791334
2023-02-27,171.875,173.12,169.06,169.54,19277002
2023-02-28,171.9,177.55,171.87,174.94,46051117
2023-03-01,174.59,177.85,173.05,173.42,30998380
2023-03-02,172.38,175.01,171.43,174.53,17360708
2023-03-03,178.92,186.62,177.05,185.25,45877692
2023-03-06,188,189.66,184.64,184.9,33209394
2023-03-07,189,190.36,184.01,184.51,36701495
2023-03-08,182.87,185.26,181.34,184.97,19432405
2023-03-09,186.35,188.93,180.3,181.69,26582750
2023-03-10,181.01,184.77,178.8,179.51,25665032
2023-03-13,177.96,183.78,174.82,180.9,24727969
2023-03-14,187.58,194.32,186.56,194.02,41642627
2023-03-15,192.95,197.78,190.8351,197.75,42123552
2023-03-16,198.26,205.76,196.0886,204.93,50819659
2023-03-17,200.56,201.9,195.4304,195.61,50141098
2023-03-20,198.48,199.36,193.64,197.81,25186315
2023-03-21,203.2,203.55,197.95,202.16,31826952
2023-03-22,202.5,207.37,199.67,199.81,28477759
2023-03-23,202.84,207.88,202.15,204.28,27389669
2023-03-24,205.18,207.58,203.55,206.01,27733042
2023-03-27,204.81,205.86,201.36,202.84,18527184
2023-03-28,200.15,201.03,197.9,200.68,19127295
2023-03-29,203.56,205.72,202.5355,205.35,18851137
2023-03-30,203.38,208.09,202.82,207.84,22608303
2023-03-31,207.24,212.17,206.77,211.94,25440273
2023-04-03,208.84,213.4861,208.2,213.07,17924613
2023-04-04,213.39,216.24,212.54,214.72,21026367
2023-04-05,214.15,215.19,209.94,211.48,19396630
2023-04-06,209.25,216.94,208.65,216.1,26104411
2023-04-10,214.71,215.66,210.66,214.75,16106074
2023-04-11,215.48,216.02,213.41,213.85,16710101
2023-04-12,214.835,216.84,212.584,214,18972172
2023-04-13,215.73,221.15,215.69,220.35,23310357
2023-04-14,217.88,222.11,217.55,221.49,21591207
2023-04-17,219.79,220.979,217.13,218.86,15481874
2023-04-18,219.91,220.44,216.21,217.89,12280984
2023-04-19,213.472,217.33,212.93,215.7,15898078
2023-04-20,213.48,216.75,212.77,213.07,16475443
2023-04-21,210.21,213.41,209.58,212.89,17717166
2023-04-24,213.675,213.92,210.71,212.79,15750920
2023-04-25,210.815,211.26,207.13,207.55,19198175
2023-04-26,212.5,214.11,208.88,209.4,41992726
2023-04-27,239.89,241.685,236.77,238.56,71196531
2023-04-28,239.01,240.43,235.75,240.32,39554036
2023-05-01,238.615,244,236.46,243.18,29143912
2023-05-02,243.18,244.92,238.99,239.24,24350149
2023-05-03,239.47,241.75,232.75,237.03,34463859
2023-05-04,236.06,238.2,232.9264,233.52,17889391
2023-05-05,232.24,234.68,229.85,232.78,27000480
2023-05-08,231.415,235.62,230.27,233.27,16400526
2023-05-09,231.46,235.88,231.08,233.37,16865587
2023-05-10,236.17,236.75,230.72,233.08,19119007
2023-05-11,233.05,238.21,232.3,235.79,20448991
2023-05-12,236.74,236.9599,231.45,233.81,16161447
2023-05-15,236.92,240.255,235.33,238.86,20653229
2023-05-16,235.79,239.635,235.52,238.82,18163772
2023-05-17,238.45,243.8423,238.14,242.485,21193080
2023-05-18,241.3,247.0881,241.19,246.85,22943297
2023-05-19,247.47,248.69,243.41,245.64,21733581
2023-05-22,245.41,253.57,245.12,248.32,27738479
2023-05-23,246.81,251.61,246.65,246.74,17748115
2023-05-24,245.28,249.5892,244.952,249.21,17724338
2023-05-25,253.4,255.62,249.17,252.69,22371435
2023-05-26,252.93,262.3107,252.71,262.04,25768663
2023-05-30,265.25,268.65,261.29,262.52,23816483
2023-05-31,260,265,258.45,264.72,25473690
2023-06-01,265.9,274,265.89,272.61,25609508
2023-06-02,272.66,275.35,271.12,272.61,19416930
2023-06-05,270.3,275.57,269.56,271.39,20742946
2023-06-06,270.14,276.57,269.69,271.12,19419010
2023-06-07,271.67,274.25,262.8,263.6,26163627
2023-06-08,260.62,267.65,258.88,264.58,20899359
2023-06-09,262.48,267.949,261.7,264.95,16949794
2023-06-12,267.17,271.75,265.33,271.05,15471702
2023-06-13,274.88,275.72,269.0923,271.32,16164024
2023-06-14,271.89,274.99,268.315,273.35,19175066
2023-06-15,272.3,283.99,271.42,281.83,25973455
2023-06-16,284.75,287.85,280.13,281,43127731
2023-06-20,278.73,284.8,276.22,284.33,20701589
2023-06-21,283.53,284,278.36,281.64,20556170
2023-06-22,279.08,285.26,277.79,284.88,17563061
2023-06-23,281.51,289.67,278.95,288.73,51092038
2023-06-26,288.28,289.79,277.6,278.47,24232651
2023-06-27,282.01,289.345,280.655,287.05,26108260
2023-06-28,284.82,289.55,284.06,285.29,16722117
2023-06-29,284.5,286.57,280.69,281.53,15395690
2023-06-30,284.76,289.05,284.415,286.98,19694872
2023-07-03,286.7,289.4,284.8499,286.02,8629269
2023-07-05,287.65,298.12,286.36,294.37,33865457
2023-07-06,295.885,298.12,291.31,291.99,47733829
2023-07-07,292.18,296.2,288.66,290.53,25585975
2023-07-10,295.55,298.13,287.05,294.1,37058306
2023-07-11,293.9,300.18,291.9,298.29,27585918
2023-07-12,301.745,309.45,300.1004,309.34,36677127
2023-07-13,313.62,316.24,310.2901,313.41,30280972
2023-07-14,311.79,314.88,307.3612,308.87,23054108
2023-07-17,307.54,311.71,304.71,310.62,25323126
2023-07-18,310.875,314.2,307.6188,312.05,20764580
2023-07-19,313.03,318.68,310.52,316.01,21763688
2023-07-20,313.5,315.54,302.22,302.52,23836876
2023-07-21,304.57,305.46,291.2,294.26,42139259
2023-07-24,295.78,297.52,288.3001,291.61,24949405
2023-07-25,295.19,298.3,291.86,294.47,19585584
2023-07-26,301.19,301.77,291.9,298.57,47256930
2023-07-27,325.12,325.35,309.84,311.71,64229173
2023-07-28,316.875,326.2,314.2481,325.48,39220270
2023-07-31,323.69,325.6599,317.59,318.6,25799603
2023-08-01,317.535,324.14,314.66,322.71,22889870
2023-08-02,318,318.39,310.65,314.31,20461094
2023-08-03,309.93,315.9499,309.93,313.19,15215422
2023-08-04,314.96,318.41,310.2,310.73,17612762
2023-08-07,313.23,317.07,310.46,316.56,16236504
2023-08-08,314.4,317.89,310.11,312.64,15183532
2023-08-09,312.88,313.63,302.85,305.21,19955783
2023-08-10,307.94,312.339,303.87,305.74,14358897
2023-08-11,302.57,304.72,300.36,301.64,14046250
2023-08-14,300.98,306.21,298.25,306.19,15641921
2023-08-15,306.14,307.23,300.03,301.95,11623613
2023-08-16,300.195,301.08,294.28,294.29,18547741
2023-08-17,293.05,296.05,284.95,285.09,23950089
2023-08-18,279.03,285.69,274.38,283.25,35347925
2023-08-21,283.45,290.5,281.85,289.9,20181475
2023-08-22,292.55,292.9,286.75,287.6,12999913
2023-08-23,288.5,297.4,287.67,294.24,18287001
2023-08-24,298.5,299.46,286.64,286.75,18360882
2023-08-25,286.13,288.386,276.03,285.5,23701443
2023-08-28,288,291.45,285.8,290.26,14239285
2023-08-29,288.585,299.15,288.18,297.99,20844522
2023-08-30,297.17,298.29,293.43,295.1,17717024
2023-08-31,295.8,301.1,295.66,295.89,17229865
2023-09-01,299.37,301.74,294.47,296.38,12842257
2023-09-05,297.02,301.39,295.51,300.15,14955989
2023-09-06,301.71,303.3,295.66,299.17,15418092
2023-09-07,298,307.0499,292.22,298.67,33748737
2023-09-08,299.22,305.25,296.78,297.89,17572203
2023-09-11,301.41,309.04,301.28,307.56,19489330
2023-09-12,306.33,308.6599,300.23,301.66,13480400
2023-09-13,302.36,307.18,301.3206,305.06,13210915
2023-09-14,306.74,312.87,305.03,311.72,19343102
2023-09-15,311.61,312,298.75,300.31,28131140
2023-09-18,298.19,303.6,297.8,302.55,14234158
2023-09-19,302.48,306.17,299.81,305.07,15931618
2023-09-20,305.05,308.06,299.43,299.67,19379515
2023-09-21,295.7,300.2566,293.27,295.73,21319582
2023-09-22,299.3,305.38,298.27,299.08,25369592
2023-09-25,295.64,300.95,293.7,300.83,18987014
2023-09-26,297.66,300.2999,296.0101,298.96,19417161
2023-09-27,300.45,301.2997,286.79,297.74,36429835
2023-09-28,298.935,306.3299,296.7,303.96,22167075
2023-09-29,307.38,310.64,299.36,300.21,25373695
2023-10-02,302.74,307.18,301.63,306.82,16265571
2023-10-03,304.26,306.77,299.64,300.94,17362250
2023-10-04,298.725,306.9,298.5,305.58,16880484
2023-10-05,304.625,306.208,299.5,304.79,19129957
2023-10-06,301.44,316.31,300.9148,315.43,21803856
2023-10-09,312.5,320.33,311.82,318.36,22503662
2023-10-10,319.12,324.66,318.16,321.84,19037973
2023-10-11,323.005,328.835,322.95,327.82,22036297
2023-10-12,328,330.54,322.69,324.16,20530518
2023-10-13,323.53,325.0502,312.37,314.69,21360790
2023-10-16,318.64,321.82,315.52,321.15,16536114
2023-10-17,318.18,324.4,317.3,324,16387799
2023-10-18,321.39,325.94,315.56,316.97,16851003
2023-10-19,319.875,321.89,311.7504,312.81,18709160
2023-10-20,314.14,315.3,306.47,308.65,22312275
2023-10-23,309.5,317.36,307.26,314.01,17796785
2023-10-24,316.78,318.35,310.63,312.55,19525488
2023-10-25,310,310.88,298.84,299.53,42192474
2023-10-26,295,295,279.403,288.35,66684141
2023-10-27,294.48,299.31,292.97,296.73,29596256
2023-10-30,299.09,309.3967,299.05,302.66,28435053
2023-10-31,303.31,303.68,296.86,301.27,19434168
2023-11-01,301.85,312.74,301.85,311.85,20434580
2023-11-02,317.3,318.82,308.33,310.87,21631820
2023-11-03,312.55,315.55,311.0167,314.6,16764315
2023-11-06,315.98,318.33,314.45,315.8,12887699
2023-11-07,317.06,321,315.12,318.82,14055614
2023-11-08,318.14,321.33,314.88,319.78,13609704
2023-11-09,319.418,324.1799,318.8,320.55,16103071
2023-11-10,319.94,329.1,319.46,328.77,19116921
2023-11-13,326.2,332.33,325.7,329.19,16908948
2023-11-14,334.54,338.1,333.33,336.31,17179403
2023-11-15,337.93,338.4,330.02,332.71,14531180
2023-11-16,329.37,334.58,326.38,334.19,18932572
2023-11-17,330.26,335.5,329.35,335.04,14519213
2023-11-20,334.89,341.87,334.19,339.97,16976129
2023-11-21,338.33,339.9015,335.9,336.98,12027863
2023-11-22,339.21,342.92,338.58,341.49,10715177
2023-11-24,340.13,341.8556,336.77,338.23,5467488
2023-11-27,336.18,339.9,334.2,334.7,15684454
2023-11-28,333.4,339.375,333.4,338.99,12637245
2023-11-29,339.69,339.9,330.78,332.2,16024497
2023-11-30,331.89,333.5,322.4037,327.15,23146387
2023-12-01,325.48,326.86,320.76,324.82,15276375
2023-12-04,317.29,320.86,313.66,320.02,19037080
2023-12-05,318.98,321.88,315.39,318.29,16952128
2023-12-06,321.93,322.25,317.04,317.45,11294337
2023-12-07,317.77,328.24,317.77,326.59,15905079
2023-12-08,323.09,333.17,323,332.75,14087351
2023-12-11,329.4,329.89,319.995,325.28,25802462
2023-12-12,324.6,334.47,324.56,334.22,18485461
2023-12-13,333.93,338.37,332.64,334.74,16353321
2023-12-14,333.85,334.7,328.6371,333.17,19607335
2023-12-15,331.99,338.66,331.22,334.92,31776852
2023-12-18,337.48,347.56,337.02,344.62,18993852
2023-12-19,345.58,353.6,345.12,350.36,17729362
2023-12-20,348.65,354.96,347.79,349.28,16369850
2023-12-21,352.98,356.405,349.21,354.09,15289556
2023-12-22,355.58,357.1999,351.22,353.39,11772779
2023-12-26,354.99,356.98,353.45,354.83,9898614
2023-12-27,356.07,359,355.31,357.83,13207928
2023-12-28,359.7,361.9,357.81,358.32,11798807
2023-12-29,358.99,360,351.82,353.96,14987092
2024-01-02,351.32,353.16,340.01,346.29,19042152
2024-01-03,344.98,347.95,343.175,344.47,15451133
2024-01-04,344.5,348.1499,343.3987,347.12,12099895
2024-01-05,346.99,353.5,346.2601,351.95,13750912
2024-01-08,354.7,358.98,352.05,358.66,13890222
2024-01-09,356.4,360.64,355.36,357.43,13463871
2024-01-10,360.17,372.94,359.08,370.47,22117206
2024-01-11,372.13,372.78,362.93,369.67,17205385
2024-01-12,370.155,377.06,369.54,374.49,19310046
2024-01-16,373.65,375.61,367.23,367.46,15306885
2024-01-17,366.3,368.54,358.61,368.37,12724779
2024-01-18,371.49,376.85,370.95,376.13,16354332
2024-01-19,379,384.36,377.97,383.45,21670806
2024-01-22,387.95,390.3525,381.1601,381.78,17680454
2024-01-23,384.615,388.38,382.075,385.2,15506096
2024-01-24,390,396.15,387.81,390.7,15604285
2024-01-25,390.17,395.49,385.66,393.18,15091080
2024-01-26,394.35,396.79,391.5908,394.14,13159290
2024-01-29,394.985,402.93,393.1,401.02,18742433
2024-01-30,403.59,406.36,399.57,400.06,18614727
2024-01-31,389,398,387.1,390.14,20180817
2024-02-01,393.94,400.5,393.05,394.78,29727051
2024-02-02,459.6,485.96,453.01,474.99,84707646
2024-02-05,469.88,471.9,459.22,459.41,40832376
2024-02-06,464,467.12,453,454.72,21655214
2024-02-07,458,471.52,456.1773,469.59,23065994
2024-02-08,468.32,470.59,465.03,470,18815097
2024-02-09,472.95,473.59,467.465,468.11,18413137
2024-02-12,468.19,479.145,466.58,468.9,19381963
2024-02-13,456.87,467.89,455.09,460.12,20916602
2024-02-14,467.93,474.11,466.0901,473.28,16858401
2024-02-15,475.28,488.62,472.22,484.03,24212326
2024-02-16,478.11,478.96,469.21,473.32,23324620
2024-02-20,469.715,476.18,466.56,471.75,18015523
2024-02-21,466.5,469,461.79,468.03,12977050
2024-02-22,480.24,489.99,476.0618,486.13,21625805
2024-02-23,488.05,494.3599,482.3482,484.03,18374286
2024-02-26,483.47,486.14,480.6,481.74,12101415
2024-02-27,479.975,487.27,479.92,487.05,10809595
2024-02-28,485,491.05,482.75,484.02,12715486
2024-02-29,488.44,491.7,482.61,490.13,17732045
2024-03-01,492.11,504.25,491.85,502.3,15884882
2024-03-04,503,504.42,496.42,498.19,12324141
2024-03-05,495,495.58,487.89,490.22,15325299
2024-03-06,497.63,502.97,494.292,496.09,11757925
2024-03-07,503.28,519.85,501.38,512.19,18586437
2024-03-08,514.19,523.57,499.35,505.95,18597059
2024-03-11,497.01,497.318,476,483.59,20428274
2024-03-12,493.26,502.31,484.73,499.75,15448232
2024-03-13,495.39,500.98,491.0318,495.57,12090656
2024-03-14,500.255,501.35,488.16,491.83,12620014
2024-03-15,489.01,491.83,481.3001,484.1,29153576
2024-03-18,491.91,497.42,486.81,496.98,11755251
2024-03-19,488.17,496.6296,481.28,496.24,10903092
2024-03-20,499.5,508.1999,495.17,505.52,11711100
2024-03-21,514.71,515.04,506.01,507.76,9712549
2024-03-22,507,509.97,504.34,509.58,8120593
2024-03-25,505.79,507.22,500.2411,503.02,8380617
2024-03-26,505.13,510,495.2137,495.89,11205382
2024-03-27,499.3,499.89,488.07,493.86,9989676
2024-03-28,492.84,492.89,485.15,485.58,15212764
2024-04-01,487.2,497.43,481.78,491.35,9247007
2024-04-02,485.1,497.53,484.65,497.37,11081026
2024-04-03,498.93,507.24,498.75,506.74,12099171
2024-04-04,516.42,530,510.58,510.92,26476253
2024-04-05,516.855,530.7,514.4099,527.34,19263265
2024-04-08,529.28,531.4899,518.89,519.25,13260579
2024-04-09,522.23,525.87,506.74,516.9,10881445
2024-04-10,509.29,522.5599,505.8,519.83,11418491
2024-04-11,521.11,523.86,517.29,523.16,10369469
2024-04-12,517.75,520.1899,509.33,511.9,11984535
2024-04-15,516.72,518.53,497.28,500.23,13512893
2024-04-16,498.11,504.7699,497.11,499.76,9847925
2024-04-17,503.1,503.16,487.14,494.17,12193743
2024-04-18,499.82,512.21,499.04,501.8,14808670
2024-04-19,502.8,502.8,475.73,481.06,25184827
2024-04-22,489.715,492.01,473.4,481.73,17271125
2024-04-23,491.25,498.76,488.97,496.1,15079196
2024-04-24,508.06,510,484.58,493.5,37772677
2024-04-25,421.4,445.77,414.5,441.38,82890741
2024-04-26,441.46,446.44,431.96,443.29,32691443
2024-04-29,439.56,439.76,428.56,432.62,21502646
2024-04-30,431.05,439.6199,429.72,430.17,18429496
2024-05-01,428.6,449.96,427.11,439.19,20344947
2024-05-02,438.84,443.96,432.28,441.68,15221322
2024-05-03,445.93,454.17,443.85,451.96,16489057
2024-05-06,455.58,466.16,453.34,465.68,15094627
2024-05-07,466.29,471.53,461.31,468.24,13406816
2024-05-08,463.5,475.58,463.002,472.6,11683929
2024-05-09,470,476.08,467.63,475.42,9437651
2024-05-10,477.09,477.5,469.6,476.2,10749999
2024-05-13,472.75,473.35,462.85,468.01,14668798
2024-05-14,463.37,472.54,460.08,471.85,10478553
2024-05-15,474.98,482.4999,471.2,481.54,13100470
2024-05-16,475,477.69,472.75,473.23,16608179
2024-05-17,470.83,472.8,468.42,471.91,10807289
2024-05-20,469.95,473.2,467.04,468.84,11745080
2024-05-21,467.12,470.7,462.27,464.63,11742189
2024-05-22,467.87,473.7199,465.65,467.78,10078611
2024-05-23,472.88,474.3581,461.54,465.78,11747913
2024-05-24,467.62,479.8499,466.3,478.22,12024254
2024-05-28,476.575,480.86,474.84,479.92,10175770
2024-05-29,474.66,479.85,473.7,474.36,9226218
2024-05-30,471.67,471.73,464.71,467.05,10735226
2024-05-31,465.8,469.12,454.4601,466.83,16919805
2024-06-03,470.86,479.6,468.24,477.49,11279390
2024-06-04,477,478.89,473.2322,476.99,7088718
2024-06-05,484.45,496.65,483.91,495.06,15690484
2024-06-06,492.98,502.82,490.89,493.76,10667339
2024-06-07,495.91,498.91,490.1701,492.96,9380745
2024-06-10,493.86,502.66,493.41,502.6,11236919
2024-06-11,500.16,507.6,498.27,507.47,9673715
2024-06-12,513.99,514.01,504.47,508.84,11983227
2024-06-13,505.71,509.36,501.36,504.1,9954621
2024-06-14,502.65,507.15,500.75,504.16,10243347
2024-06-17,501.67,510.75,496.01,506.63,11266601
2024-06-18,504.56,506,495.02,499.49,13060425
2024-06-20,502,503.67,496.77,501.7,11801182
2024-06-21,503.45,503.45,492.39,494.78,23130732
2024-06-24,499.2,507.8,494.29,498.91,13525278
2024-06-25,497.05,510.71,495.5,510.6,12109769
2024-06-26,506.645,513.81,504.6765,513.12,8882337
2024-06-27,514.25,522.8799,513.9,519.56,10121199
2024-06-28,517.15,521.88,503.84,504.22,15855137
2024-07-01,504.95,506.58,493.17,504.68,10328150
2024-07-02,500.76,510.5,499.45,509.5,7739479
2024-07-03,506.37,511.28,506.02,509.96,6005615
2024-07-05,511.6,540.87,511.6,539.91,21354093
2024-07-08,542.35,542.81,526.65,529.32,14917495
2024-07-09,533.75,537.48,528.1901,530,8769088
2024-07-10,530.79,538.88,528.36,534.69,10983276
2024-07-11,530.89,535.46,508.3733,512.7,16458253
2024-07-12,497.755,508.09,494.23,498.87,19750544
2024-07-15,498.63,506.6799,493.37,496.16,12539163
2024-07-16,501.5,503.9499,485.79,489.79,14075833
2024-07-17,479.17,479.17,459.12,461.99,28076595
2024-07-18,475,479.2393,464.54,475.85,19267160
2024-07-19,476.06,486.71,475.71,476.79,15149416
2024-07-22,486.575,492.06,483.9,487.4,12023088
2024-07-23,489.84,495.22,487.72,488.69,9455527
2024-07-24,472.305,476.3,460.58,461.27,17649738
2024-07-25,463.26,463.548,442.65,453.41,18240489
2024-07-26,464.195,469.77,459.42,465.7,14222388
2024-07-29,469.88,473.96,465.02,465.71,11339630
2024-07-30,467,472.73,456.7,463.19,11390439
2024-07-31,471.02,476.5,466.75,474.83,24285777
2024-08-01,521,527.1709,492.1,497.74,43083082
2024-08-02,489,501.145,476.15,488.14,24044658
2024-08-05,451.345,483.48,450.8,475.73,21396191
2024-08-06,479,502.56,478.65,494.09,20954959
2024-08-07,503.13,510.15,486.86,488.92,20105307
2024-08-08,497.5,509.96,494.72,509.63,16156843
2024-08-09,507.71,518.34,505.7,517.77,13696640
2024-08-12,516.86,518.02,509.1,515.95,9767422
2024-08-13,520.01,531.4999,518.15,528.54,13743839
2024-08-14,528.06,534,523.13,526.76,11444189
2024-08-15,531.79,539.77,526.7,537.33,13482141
2024-08-16,531.9,533.66,524.66,527.42,14776684
2024-08-19,526.87,531.66,522.76,529.28,9879713
2024-08-20,528.35,531.09,525.88,526.73,7944391
2024-08-21,527.15,539.4,526.935,535.16,13423292
2024-08-22,537,544.23,528.59,531.93,15708292
2024-08-23,536.92,539.87,525.06,528,11323936
2024-08-26,527.6,528,514.95,521.12,9584002
2024-08-27,518.98,524.01,515.31,519.1,6282720
2024-08-28,517.675,521.085,512.45,516.78,9106077
2024-08-29,519.05,527.2,515.6789,518.22,8317424
2024-08-30,521.35,523.54,515.2,521.31,9157541
2024-09-03,519.64,525.49,508.6176,511.76,12459113
2024-09-04,506.07,516.59,504.07,512.74,8335207
2024-09-05,511.72,521.6295,511.15,516.86,8640888
2024-09-06,521.88,524.5849,498.25,500.27,14744521
2024-09-09,506.16,511.33,502.08,504.79,11047828
2024-09-10,508.16,514.18,500.0278,504.79,9899022
2024-09-11,507.01,513.12,495.6,511.83,10782532
2024-09-12,517.05,526.71,515.22,525.6,11993342
2024-09-13,520.34,527.581,517.11,524.62,10321422
2024-09-16,524.54,534.1,517.4,533.28,9527646
2024-09-17,537.6,542.1,530.57,536.315,11690779
2024-09-18,537.065,544.2,533.9026,537.95,10323537
2024-09-19,550,562.07,546.52,559.1,15646951
2024-09-20,560,564.5,556.3001,561.35,22066817
2024-09-23,569.5,573.9799,562.41,564.41,12830669
2024-09-24,566.68,567.745,554.19,563.33,12992956
2024-09-25,564.05,576.88,563.72,568.31,16543350
2024-09-26,575.73,577.4,562.3501,567.84,14400787
2024-09-27,570.1,570.8399,564.51,567.36,9398367
2024-09-30,567.7,574.68,564.8,572.44,12807206
2024-10-01,577.98,583.04,570.1,576.47,15259274
2024-10-02,574.86,576,569.34,572.81,6524650
2024-10-03,570.15,583.36,568.73,582.77,11580980
2024-10-04,583.73,596.85,581.43,595.94,14199788
2024-10-07,598.22,602.95,584.04,584.78,12014198
2024-10-08,589.69,593.56,585.97,592.89,7857377
2024-10-09,593.99,594.39,581.61,590.51,9529707
2024-10-10,587.57,590.23,582.52,583.83,7740449
2024-10-11,584.83,591.21,582.71,589.95,8587051
2024-10-14,594.22,600.1,589.96,590.42,8251971
2024-10-15,590.16,590.61,580.143,586.27,9564236
2024-10-16,581.395,582.08,574.03,576.79,11268384
2024-10-17,583.33,584.97,575.2,576.93,8701158
2024-10-18,581.1,583.9675,575.25,576.47,7694274
2024-10-21,576.03,577.2399,569.11,575.16,8171879
2024-10-22,574.29,583.53,572.12,582.01,8544463
2024-10-23,579.97,585,562.5,563.69,14248419
2024-10-24,567.125,568.8799,561.52,567.78,7184651
2024-10-25,573.935,581.29,571.72,573.25,11337874
2024-10-28,582,583.7499,574.12,578.16,10925131
2024-10-29,580.145,593.67,575.398,593.28,13019092
2024-10-30,600.98,601.2,589.38,591.8,26864925
2024-10-31,585,589.9,563.01,567.58,26838395
2024-11-01,567.605,573.67,562.56,567.16,15303235
2024-11-04,564.1,568.69,557.89,560.68,12064601
2024-11-05,567.305,573.48,566.67,572.43,9775379
2024-11-06,562.75,573,555.1679,572.05,18305429
2024-11-07,576.89,594.7999,575.21,591.7,14653708
2024-11-08,591.54,593.1,584.52,589.34,9415699
2024-11-11,586.36,587,576.51,583.17,10209051
2024-11-12,588.545,599.66,580.38,584.82,16287724
2024-11-13,582.605,585.64,575.17,580,10757583
2024-11-14,577,580.76,573.01,577.16,11053743
2024-11-15,571.22,572.57,551.5,554.08,17712864
2024-11-18,557.04,559.9,550.09,554.4,14346715
2024-11-19,552.3,561.43,550.6,561.09,9522445
2024-11-20,562.93,566.3499,554.2001,565.52,9797339
2024-11-21,569.52,570,549.05,563.09,11154749
2024-11-22,563.55,563.8273,554.59,559.14,9164004
2024-11-25,562.1,572.5915,556.39,565.11,13599830
2024-11-26,566,577.5,565.2,573.54,10356550
2024-11-27,574.97,574.98,564.1001,569.2,7200228
2024-11-29,569,578.46,566.9,574.32,7130519
2024-12-02,577.5,594.5,575.57,592.83,12522371
2024-12-03,595,614.2,591.2501,613.65,14907164
2024-12-04,612.96,617.78,605.1,613.78,14697006
2024-12-05,617.075,619.9,607.05,608.93,8081212
2024-12-06,610.1,629.7899,608.53,623.77,16935503
2024-12-09,623.925,626.4,606.1701,613.57,11426015
2024-12-10,617.56,625.59,612.74,619.32,10938854
2024-12-11,623.37,638.4,621.5349,632.68,10837228
2024-12-12,631.5,636.6599,627.2094,630.79,7474717
2024-12-13,627.22,631.08,616.886,620.35,8453349
2024-12-16,629.975,631.15,618.58,624.24,10885625
2024-12-17,626.17,632.37,616.54,619.44,12897842
2024-12-18,621,627.36,596.32,597.19,17075480
2024-12-19,610.39,611.52,595,595.57,14958082
2024-12-20,590.58,603.11,580,585.25,48989390
2024-12-23,589.6,601.09,586.25,599.85,10205750
2024-12-24,602.715,607.99,599.2849,607.75,4726056
2024-12-26,605.48,606.3,598.94,603.35,6091239
2024-12-27,599.41,601.85,589.8,599.81,8084229
2024-12-30,588.75,596.9399,585.58,591.24,7025864
2024-12-31,592.265,593.97,583.85,585.51,6019520
2025-01-02,589.72,604.91,587.82,599.24,12682269
2025-01-03,604.76,609.5,596.4136,604.63,11436784
2025-01-06,611.825,630.99,605.62,630.2,14560754
2025-01-07,631.7,632.1011,608.23,617.89,12071479
2025-01-08,613.395,616.4397,602.79,610.72,10085846
2025-01-10,610.03,629.91,597.34,615.86,19256564
2025-01-13,607.1,608.97,598.445,608.33,10785031
2025-01-14,605.065,605.49,588.55,594.25,13597992
2025-01-15,610.21,622.46,606.5,617.12,15524302
2025-01-16,611.5,616.25,609.71,611.3,8355349
2025-01-17,624.05,624.97,603.67,612.77,17280600
2025-01-21,617.825,621.5,609.0082,616.46,11674016
2025-01-22,623.3,633.7,619.435,623.5,12274011
2025-01-23,627.36,636.6,621.15,636.45,9910163
2025-01-24,636.4,652,634.2,647.49,19065329
2025-01-27,626.61,663.87,625.1,659.88,28399190
2025-01-28,666,682.58,659.465,674.33,20950107
2025-01-29,675,681.0459,665.67,676.49,21377820
2025-01-30,696.82,710.79,676.1,687,29322898
2025-01-31,691,705.2999,685.58,689.18,19331660
2025-02-03,675.91,704,675.25,697.46,21415739
2025-02-04,702.5,707.71,691.61,704.19,13826270
2025-02-05,703.55,718.14,699.01,704.87,17793766
2025-02-06,705.88,718.9,703.5,711.99,13080690
2025-02-07,716.795,725.01,711.75,714.52,16427067
2025-02-10,718.56,721.2,711.33,717.4,12904317
2025-02-11,713.32,723.66,710.04,719.8,12997959
2025-02-12,715.3,727.1,712.6,725.38,12016517
2025-02-13,721.5197,729,718.04,728.56,12569064
2025-02-14,726.14,740.91,725.62,736.67,16901249
2025-02-18,736,737,706.44,716.37,21938703
2025-02-19,704.095,707,695.39,703.77,17535480
2025-02-20,697.275,705.63,693.64,694.84,12587408
2025-02-21,696.58,703.87,682.36,683.55,15660355
2025-02-24,686.28,687.27,662.45,668.1275,15676994
2025-02-25,665.972,668,641.86,657.5,20579662
2025-02-26,659.65,683.0078,658,673.7,14488705
2025-02-27,682.45,688.6469,657.57,658.24,12500013
2025-02-28,658,669.63,642.6017,668.2,17534168
2025-03-03,673.675,681.25,650.8439,655.05,10843763
2025-03-04,645.51,649.75,623.65,640,21495208
2025-03-05,641,659.5,637.66,656.47,13770026
2025-03-06,648,650.5625,624.11,627.93,13446454
2025-03-07,625.37,634.79,600.61,625.66,21375671
2025-03-10,608.07,610.1059,586.8701,597.99,21999943
2025-03-11,595.055,614.934,593.33,605.71,17401469
2025-03-12,629.9,633.33,609.35,619.56,15746966
2025-03-13,620.245,620.5,586.51,590.64,16480324
2025-03-14,602.805,608.86,594.78,607.6,12364505
2025-03-17,607.46,613.1,598,604.9,15473909
2025-03-18,600.05,600.25,574.66,582.36,20297708
2025-03-19,584.28,592.3223,574.77,584.06,20537498
2025-03-20,582.755,610.2,579.51,586,24336505
2025-03-21,583.425,597.545,580.95,596.25,25015864
2025-03-24,614.97,622.54,612.2001,618.85,15741274
2025-03-25,626.76,633.88,621.18,626.31,15312540
2025-03-26,624.89,626.7499,606.61,610.98,12661891
2025-03-27,602,614.25,600.1,602.58,10436524
2025-03-28,600.31,601.75,573.92,576.74,17602823
2025-03-31,563.5,578.7,553.3,576.36,21124677
2025-04-01,570.84,589.91,570,586,12836574
2025-04-02,574.91,592.66,573.36,583.93,13470778
2025-04-03,546.22,552.5596,530.3,531.62,34777460
2025-04-04,506.62,518,494.2,504.73,38589814
2025-04-07,485.1,539.37,481.9,516.25,36606136
2025-04-08,543.25,547.43,502.86,510.45,28034211
2025-04-09,509.265,587.89,502.11,585.77,39216578
2025-04-10,575.49,581.3,535.3,546.29,28173491
2025-04-11,535.505,547.4,528.5901,543.57,17642327
2025-04-14,556.175,557.77,528.28,531.48,14130928
2025-04-15,532.105,537.94,517.5,521.52,15558659
2025-04-16,508.51,513.37,495.63,502.31,18735075
2025-04-17,505.25,507.3,498.0133,501.48,14593508
2025-04-21,491.325,493.5,479.8,484.66,16165982
2025-04-22,491.87,506.88,486.36,500.28,17399408
2025-04-23,528.525,535.3376,516.52,520.27,18173910
2025-04-24,518.73,533.9,517.5,533.15,13910011
2025-04-25,546.8,549.86,536.25,547.27,17098921
2025-04-28,555.64,558.4899,540.59,549.74,15178995
2025-04-29,546,556.5699,544.12,554.44,11835036
2025-04-30,538.4,549.1,529.5,549,29243971
2025-05-01,592.075,592.95,570.5,572.21,31159033
2025-05-02,583.455,604.34,578.33,597.02,24739260
2025-05-05,591.22,603.21,588.05,599.27,13887724
2025-05-06,592.525,596.03,586.58,587.31,10600650
2025-05-07,590.36,603.075,586.67,596.81,13160976
2025-05-08,606.285,611.2959,596.62,598.01,14622805
2025-05-09,603.72,606.97,591.7062,592.49,10427286
2025-05-12,630.92,640.3896,621.03,639.43,21965085
2025-05-13,645.545,660.92,642.83,656.03,18570821
2025-05-14,661.21,662.67,654.31,659.36,12348179
2025-05-15,654.275,657.31,638.58,643.88,14341835
2025-05-16,637.955,640.44,626.15,640.34,18518972
2025-05-19,628.25,643,627.8,640.43,9592374
2025-05-20,636.01,639.3536,632.26,637.1,6743473
2025-05-21,631.79,646.61,630.17,635.5,11464569
2025-05-22,634.05,643.25,630.71,636.57,8228443
2025-05-23,624,632.445,622.65,627.06,8454067
2025-05-27,635.41,643.08,632.75,642.32,9508367
2025-05-28,642.6,650.88,642.5472,643.58,9042874
2025-05-29,651.645,653.32,639.5,645.05,8883436
2025-05-30,642.5,649.4099,632.78,647.49,16240951
2025-06-02,644.39,673.26,644.2616,670.9,15766258
2025-06-03,671.445,675.58,665.03,666.85,11585031
2025-06-04,669.32,689,668.57,687.95,14031931
2025-06-05,691.66,694.38,682.25,684.62,13120335
2025-06-06,696.17,702.806,691.87,697.71,11727961
2025-06-09,698.46,705.19,693.94,694.06,12773221
2025-06-10,701.345,703.23,691.56,702.4,10850146
2025-06-11,703.705,708.8707,691.99,694.14,9582508
2025-06-12,693.3,695.38,687,693.36,7322730
2025-06-13,687.95,694.57,681.01,682.87,9274441
2025-06-16,699.33,707.15,693.5103,702.12,13720288
2025-06-17,702,705.97,696.06,697.23,10066110
2025-06-18,698.18,701.59,694.9,695.77,10068255
2025-06-20,700.75,701.8197,678.67,682.35,22538640
2025-06-23,683.69,699.05,678.75,698.53,11080055
2025-06-24,704.885,713.19,702.11,712.2,13823180
2025-06-25,713.315,716.58,705.38,708.68,9320436
2025-06-26,714.355,728.22,711.05,726.09,13964793
2025-06-27,726.515,735.43,725.86,733.63,18775735
2025-06-30,744.55,747.9,734.25,738.09,15402105
2025-07-01,736.875,737.7499,715.37,719.22,13431248
2025-07-02,715.325,720.3,712.8,713.57,9336740
2025-07-03,726.61,729.03,714.42,719.01,8601653
2025-07-07,717.6,727,713.51,718.35,9457080
2025-07-08,721.57,722.9099,714.81,720.67,7770693
2025-07-09,722.715,737.53,722.715,732.78,11417963
2025-07-10,731.55,735.7999,719.6,727.24,9922249
2025-07-11,722.495,725.16,709.7,717.51,10873880
2025-07-14,717.6,728,716.547,720.92,8939399
2025-07-15,723.9,724.4716,709.82,710.39,11529511
2025-07-16,713.37,713.97,699.2701,702.91,13067627
2025-07-17,704.39,705.9,697.105,701.41,11803264
2025-07-18,702.19,704.71,691.65,704.28,12779752
2025-07-21,706.8,717,705.76,712.965,9404391
2025-07-22,716.19,716.6,701.41,704.81,8921064
2025-07-23,706.365,714.6285,704.93,713.58,8771615
2025-07-24,717.05,723.6239,714,714.8,10920836
2025-07-25,716.915,720.6499,711.9,712.68,8271698
2025-07-28,715.2,724.7352,712.68,717.63,8715743
2025-07-29,720,724.47,699.91,700,13267032
2025-07-30,708.09,708.5,691.2001,695.21,27077286
2025-07-31,775.2,784.75,765.51,773.44,38831098
2025-08-01,760.73,765.9999,745.31,750.01,19028710
2025-08-04,760,776.85,758.41,776.37,15801727
2025-08-05,776.445,783.1299,763,763.46,11640294
2025-08-06,770,773.64,760.4601,771.99,9733910
2025-08-07,773.49,775,759.55,761.83,9019691
2025-08-08,762.75,769.9,758.58,769.3,7320755
2025-08-11,770.075,773.4584,764.67,765.87,7611964
2025-08-12,773,793.67,772.43,790,14579765
2025-08-13,791.15,795.4561,778.23,780.08,8811750
2025-08-14,777.88,787.81,772.51,782.13,8116193
2025-08-15,784.15,796.25,780.82,785.23,13375361
2025-08-18,775.085,775.81,756.5601,767.37,16513737
2025-08-19,767.12,767.17,749.36,751.48,12286690
2025-08-20,747.57,750.1999,731,747.72,11898190
2025-08-21,744.705,745.5,733.1101,739.1,8876307
2025-08-22,739.23,756.9,734.39,754.79,10612667
2025-08-25,754.82,758.88,750.13,753.3,6861158
2025-08-26,750.8,754.87,747.94,754.1,7601800
2025-08-27,752.3,754.1499,742.84,747.38,8315435
2025-08-28,744,753.0548,740.795,751.11,7467955
2025-08-29,745.28,747.14,735.3466,738.7,9070546
2025-09-02,726.04,736,721.7306,735.11,9350857
2025-09-03,736,740.25,733.9893,737.05,7699332
2025-09-04,748.57,761.16,745.82,748.65,11439078
2025-09-05,752.615,757.95,745.03,752.45,9663441
2025-09-08,755.995,766.51,752.02,752.3,13087816
2025-09-09,757.49,766.3,753.43,765.7,10999026
2025-09-10,765.13,765.7,751,751.98,12478276
2025-09-11,754.65,757.1,748.37,750.9,7923284
2025-09-12,748.725,757.5703,743.76,755.59,8248557
2025-09-15,757.47,774.07,751.985,764.7,10533780
2025-09-16,767,781.36,765.1,779,11782482
2025-09-17,779.99,783.29,766.31,775.715,9400867
2025-09-18,780.75,788.78,773.36,780.25,10954950
2025-09-19,786.42,790.8,769.1901,778.38,23696824
2025-09-22,781.845,785.73,764.47,765.16,11706946
2025-09-23,769.25,770.6,751.07,755.4,10872592
2025-09-24,757.5,761.11,752.5251,760.66,8828227
2025-09-25,753.45,756.765,744.55,748.91,10591065
2025-09-26,750,751.9299,737.3532,743.75,9696338
2025-09-29,748.72,750.78,739.15,743.4,9246768
2025-09-30,742.25,742.97,726.3,734.38,16226750
2025-10-01,721.49,721.8499,710.2,717.34,20419633
2025-10-02,722.58,727.77,718.14,727.05,11415271
2025-10-03,729.625,731,710.18,710.56,16154305
2025-10-06,705.185,716.88,690.51,715.66,21654738
2025-10-07,717.72,718.4999,705.75,713.08,12062928
2025-10-08,713.45,719.65,707.81,717.84,10790571
2025-10-09,718.275,733.51,712.44,733.51,12717172
2025-10-10,730.92,735.27,704.51,705.3,16980091
2025-10-13,713.01,719.94,707.6413,715.7,9251796
2025-10-14,707.78,715.55,699.33,708.65,8829757
2025-10-15,717.06,723.9,709.51,717.55,10246766
2025-10-16,717.55,725.49,703.88,712.07,9017010
2025-10-17,707.075,718.54,706.12,716.915,12232441
2025-10-20,721.19,733.77,720.18,732.17,8900204
2025-10-21,736.015,738.5,728.75,733.27,7647269
2025-10-22,733.83,740.6,724.03,733.41,8734491
2025-10-23,734.7,742.41,733.1,734,9855974
2025-10-24,736.79,741.21,731.15,738.36,9151267
2025-10-27,749.73,755.75,748.01,750.82,11321080
2025-10-28,752.63,758.4,745.5201,751.44,12193818
2025-10-29,754.75,759.155,742.51,751.67,26818592
2025-10-30,669.15,680.9599,650.17,666.47,88440094
2025-10-31,674.51,674.89,645.57,648.35,56953169
2025-11-03,656,659.3299,636.18,637.71,33003599
2025-11-04,628.035,641.7399,626.01,627.32,27356553
2025-11-05,632.31,642.23,626.5375,635.95,20219855
2025-11-06,635.85,636,618,618.94,23628750
2025-11-07,616.485,622.1348,601.2,621.71,29946826
2025-11-10,631.09,635,618.105,631.76,19245000
2025-11-11,628,629.56,619.39,627.08,13302187
2025-11-12,628.13,628.99,607.77,609.01,24493272
2025-11-13,613.07,617.65,603,609.89,20973845
2025-11-14,601.79,613.68,595.2,609.46,20724146
2025-11-17,609.035,611.69,595.4,602.01,16501331
2025-11-18,591.6,603.66,583.78,597.69,25500647
2025-11-19,593.715,595.33,581.25,590.32,24744703
2025-11-20,603.5,606.72,583.35,589.15,20603024
2025-11-21,588.5,598.12,581.86,594.25,21052624
2025-11-24,598.72,616.7,597.6301,613.05,23554932
2025-11-25,624,637.045,618.3,636.22,25212978
2025-11-26,637.69,638.36,631.63,633.61,15209481
2025-11-28,636.075,648.05,635.5,647.95,11033198
2025-12-01,639.55,645.32,637.76,640.87,13029922
2025-12-02,642.34,647.87,638.07,647.1,11640869
2025-12-03,644.41,648.8499,637.55,639.6,11134305
2025-12-04,676,676.1,660.05,661.53,29874622
2025-12-05,664,674.69,662.3947,673.42,21207861
2025-12-08,669.34,676.71,665.07,666.8,13160976
2025-12-09,663.765,664.48,653.34,656.96,12997116
2025-12-10,649.95,654.51,643.3976,650.13,16910883
2025-12-11,643.29,655.28,640.795,652.71,13056726
2025-12-12,649.8,711,638.61,644.23,14016915
2025-12-15,645.7,653,638.7001,647.51,15549088
2025-12-16,643.5,662.54,643.2,657.15,14309136
2025-12-17,655.61,661.23,649.2,649.5,15598548
2025-12-18,657.025,670.56,656.46,664.45,20260295
2025-12-19,666.42,671,658.18,658.77,49977051
2025-12-22,661.645,673.58,656.65,661.5,15659385
2025-12-23,660.05,666,658.25,664.94,8486847
2025-12-24,662.53,668.18,662.2,667.55,5627512
2025-12-26,668.06,668.9499,661.3201,663.29,7133813
2025-12-29,658.01,660.25,654.39,658.69,8506477
2025-12-30,658.69,672.22,657.84,665.95,9187483
2025-12-31,664.75,665,659.44,660.09,7940359
2026-01-02,662.725,664.39,643.5,650.41,13726517
2026-01-05,651.01,664.54,647.7512,658.79,12213745
2026-01-06,659.57,665.52,651.9,660.62,11074419
2026-01-07,655.64,659.15,644.81,648.69,12846273
2026-01-08,645.88,647.102,635.72,646.06,11921708
2026-01-09,645.435,654.95,642.85,653.06,11634944
2026-01-12,652.525,653.97,641.225,641.97,14797197
2026-01-13,642.27,642.27,624.1,631.09,18030395
2026-01-14,626.5,628.45,614.815,615.52,15527875
2026-01-15,618.48,624.17,614.23,620.8,13076058
2026-01-16,624.1762,629.08,620.08,620.25,17012516
2026-01-20,607.88,611.4,600,604.12,15169565
2026-01-21,606.74,618.27,600.08,612.96,14494655
2026-01-22,629.35,660.57,626.55,647.63,21394669
2026-01-23,644.77,666.4899,644.445,658.76,22797723
2026-01-26,665.125,675.28,661.2855,672.36,16327378
2026-01-27,674.59,676.815,664.66,672.97,13297350
2026-01-28,674.5,677.6775,666.1,668.73,25709600
2026-01-29,737.43,744,712.55,738.31,59852903
2026-01-30,727.5,732.17,713.59,716.5,23744573
2026-02-02,714.6,721.3,703.5201,706.41,14365224
2026-02-03,707.37,717,686.41,691.7,13760663
2026-02-04,687.73,688.83,667.46,668.99,16882761
2026-02-05,663.58,681.5,653.5,670.21,17131791
2026-02-06,665.49,671.9899,646.5001,661.46,18159253
2026-02-09,663.18,683.3099,658.78,677.22,14837529
2026-02-10,677.6,680.65,669.79,670.72,10455816
2026-02-11,674,679.2675,657.1,668.69,14323818
2026-02-12,669.97,676,645.28,649.81,14960108
2026-02-13,645.1,651.4299,634.57,639.77,12336363
2026-02-17,639.495,642.6,628.8,639.29,12674739
2026-02-18,633.8,645,628.145,643.22,14649196
2026-02-19,638.57,647.19,636.72,644.78,10035698
2026-02-20,639.685,663.3499,638.78,655.66,14183512
2026-02-23,652.54,657.7,636,637.25,8605909
2026-02-24,633.08,641.11,628.98,639.3,10135647
2026-02-25,642.53,653.88,642.14,653.69,11330700
2026-02-26,650.55,661,647.5,657.01,10593559
2026-02-27,643.45,649.44,638.12,648.18,15669294
2026-03-02,637.16,659.94,634.5,653.56,9816125
2026-03-03,648.29,659.04,638.84,654.991,12263754
2026-03-04,657.96,672.77,657.6711,667.52,10810054
2026-03-05,661.93,670.7,650.31,660.205,13341367
2026-03-06,647.9,649.47,636.11,644.86,13159356
2026-03-09,634.78,647.75,626.78,647.34,13489742
2026-03-10,653.56,660.3,649,653.91,9859250
2026-03-11,654.76,659.12,648.36,654.86,8977162
2026-03-12,648.75,653.5,636.9,638.18,11617485
2026-03-13,623.89,629.1699,609.55,613.71,18957637
2026-03-16,632,634.75,623.1004,627.45,15134852
2026-03-17,627.985,636.55,621.7,622.66,10348755
2026-03-18,616.34,622.65,614.61,615.68,11726301
2026-03-19,612.15,613,602.26,606.7,13247696
2026-03-20,603.53,603.955,587.25,593.66,21214898
2026-03-23,605.787,608.64,599.01,604.06,13637959
2026-03-24,599.1,601,591,592.92,10739742
2026-03-25,598.74,603.67,593.4,594.89,12585031
2026-03-26,582.49,583,543.35,547.54,35780131
2026-03-27,540.1,543.5999,520.26,525.72,30133010
2026-03-30,536.38,539.55,528.54,536.38,22795203
2026-03-31,549.98,573.69,546.77,572.13,32898272
2026-04-01,580.13,592.5465,573.82,579.23,23608128
2026-04-02,566.035,578.5,559.7,574.46,13518547
2026-04-06,577.69,582.79,572,573.02,9515651
2026-04-07,572.48,575.225,564.76,575.05,9580843
2026-04-08,606,629.95,591.83,612.42,32036638
2026-04-09,626.97,637.5,623,628.39,19012912
2026-04-10,634.47,638.58,624.33,629.86,13294844
2026-04-13,629.5,635,624.4,634.53,9538931
2026-04-14,643.22,666.26,639.3705,662.49,17817956
2026-04-15,667,678.5,664.22,671.58,14952577
2026-04-16,675.99,677.58,667.75,676.87,9544835
2026-04-17,678.6,691.52,675.13,688.55,16283480
2026-04-20,681.36,683.38,668,670.91,12533951
2026-04-21,671,676.2,667.33,668.84,8660100
2026-04-22,674.355,678.38,669.75,674.72,9215603
2026-04-23,663.7,669.56,653.05,659.15,11666981
2026-04-24,660.32,680.67,653.8401,675.03,13348279
2026-04-27,670.995,682.5,670.84,678.62,12805222
2026-04-28,674.24,678.18,665.625,671.34,10606755
2026-04-29,668.91,674.25,663.8084,669.12,18947464
2026-04-30,619.32,620.85,600,611.91,52764984
2026-05-01,614.69,618.88,606.11,608.745,21404028
2026-05-04,607.935,614,602.7501,610.41,16203902
2026-05-05,613.31,614.35,600.36,604.96,17171301
2026-05-06,601.05,619.95,598.1,612.88,19915460
2026-05-07,614.72,624.98,613.5401,616.81,12307372
2026-05-08,615.2,616.77,606.0601,609.63,13556963
2026-05-11,604.57,604.9069,598.0801,598.86,15940622
2026-05-12,594.815,603.745,592.6,603,11351559
2026-05-13,598.83,619.9,596.6601,616.63,14634394
2026-05-14,616,623.73,615,618.43,10651173
2026-05-15,613.99,621.1999,609.31,614.23,13272567
2026-05-18,609.105,615.59,603.69,611.21,13772443
2026-05-19,608.92,613.93,600.55,602.61,11749947
2026-05-20,600.755,608,597.81,605.06,11329709
2026-05-21,600,609.6,594.8083,607.38,13476078
2026-05-22,607.88,614.81,606.95,610.26,11688623
2026-05-26,608.89,614.47,605.3001,612.34,12234166
2026-05-27,609.395,638.4999,609,635.255,23143594
2026-05-28,639.495,643,629.31,635.29,16772379
2026-05-29,633.5,634.5,623.35,632.51,19806536
2026-06-01,630.4,635.7499,599.53,600.47,29138805
2026-06-02,603.24,608.88,596.68,597.63,18251964
2026-06-03,603,624.15,600.27,622.98,23020056
2026-06-04,623.67,642.4,622.43,627.57,21469248
2026-06-05,623.46,629.145,582.91,593,30091610
