Date,Open,High,Low,Close,Volume
2016-06-06,46.5103,46.8345,46.4254,46.6344,18511818.128784
2016-06-07,46.7348,47.1705,46.6088,46.6088,20306996.070037
2016-06-08,46.5356,46.9118,46.4058,46.554,22413354.295846
2016-06-09,46.5191,46.5191,46.0637,46.1791,21211620.206454
2016-06-10,45.6693,46.564,45.6603,46.056,26880675.869917
2016-06-13,44.3575,45.3714,43.8924,44.8567,89262068.873386
2016-06-14,44.6407,44.8205,44.3477,44.5763,46591118.752649
2016-06-15,44.5333,44.838,44.4541,44.4541,31747693.966436
2016-06-16,44.3008,45.1496,44.2889,45.0804,32274964.361898
2016-06-17,45.0978,45.1144,44.5664,44.8467,46673982.49104
2016-06-20,45.3011,45.4758,44.758,44.7931,37285208.46191
2016-06-21,44.9075,46.0101,44.8733,45.7952,34979231.310123
2016-06-22,45.6946,46.0385,45.5844,45.6264,27656812.887614
2016-06-23,45.8752,46.5738,45.759,46.4427,29273973.440107
2016-06-24,44.5568,45.5717,44.3008,44.5763,70376549.98648
2016-06-27,43.9288,43.9668,42.9736,43.3272,55375957.866271
2016-06-28,43.7627,44.2578,43.538,44.2296,39743905.482048
2016-06-29,44.6507,45.3752,44.5509,45.214,30555985.103475
2016-06-30,45.3752,45.8949,45.179,45.7769,29226586.021262
2016-07-01,45.7404,46.269,45.685,45.7679,22258546.862475
2016-07-05,45.4758,45.8752,45.3948,45.7769,26343690.464897
2016-07-06,45.4279,46.1057,45.0804,45.9671,29344697.767779
2016-07-07,46.0014,46.1703,45.685,45.9671,20051713.180029
2016-07-08,46.2778,46.8433,46.1145,46.7916,30127754.771732
2016-07-11,46.9675,47.2633,46.9408,47.0482,20278341.450213
2016-07-12,47.36,47.7713,47.2233,47.6022,29119277.602903
2016-07-13,47.9156,48.1845,47.5769,47.8717,26698568.328012
2016-07-14,48.1677,48.2995,47.9325,48.076,24229211.314249
2016-07-15,48.2615,48.3094,47.6022,48.0418,33253194.87382
2016-07-18,48.0418,48.6131,47.907,48.2712,30775427.194705
2016-07-19,48.0514,48.2176,47.3514,47.4948,51093982.170625
2016-07-20,50.2354,50.8487,49.6767,50.0187,95651717.377228
2016-07-21,50.0802,50.3048,49.8839,49.9179,34622279.19162
2016-07-22,50.1711,50.6595,49.9005,50.6096,33243779.842954
2016-07-25,50.5178,50.7619,50.3263,50.7531,25368871.314747
2016-07-26,50.5657,51.2523,50.5558,50.7787,28730620.91058
2016-07-27,50.6426,50.8128,50.1974,50.2676,34155114.082926
2016-07-28,50.0977,50.4308,49.8478,50.2864,40503553.90991
2016-07-29,50.3313,50.7787,50.1446,50.7073,31655423.387722
2016-08-01,50.6349,50.7699,50.2257,50.6186,27458551.544379
2016-08-02,50.8576,50.9045,50.3752,50.6186,35314018.791472
2016-08-03,50.7073,51.0921,50.5363,50.9652,23166361.215961
2016-08-04,50.8128,51.4574,50.6974,51.3421,28074350.46355
2016-08-05,51.5766,52.0747,51.3957,51.852,29641059.309751
2016-08-08,51.9378,51.9634,51.6897,51.9428,19939590.769157
2016-08-09,52.0394,52.3355,51.9078,52.067,18436705.716913
2016-08-10,52.0307,52.1744,51.7258,51.9078,16407342.704384
2016-08-11,51.9165,52.2906,51.9165,52.1558,17774612.816586
2016-08-12,51.9165,52.0581,51.5482,51.8335,22549791.361792
2016-08-15,51.8978,52.3355,51.852,51.9937,19102911.294383
2016-08-16,51.8608,51.8695,51.5552,51.7074,19349355.563091
2016-08-17,51.7983,51.9253,51.518,51.8167,19460831.944767
2016-08-18,51.6878,51.9428,51.5552,51.851,13688242.680128
2016-08-19,51.6976,51.9682,51.4914,51.8695,17570693.854758
2016-08-22,51.851,51.9837,51.5453,51.9155,15761577.654455
2016-08-23,52.1195,52.3737,52.0757,52.1118,18739277.739231
2016-08-24,52.0307,52.2465,51.9557,52.1664,18224564.472258
2016-08-25,52.1031,52.4732,52.0122,52.3647,17832291.654553
2016-08-26,52.4644,52.8423,51.9348,52.2465,20903457.113717
2016-08-29,52.3737,52.7505,52.3022,52.3022,14124039.027323
2016-08-30,52.1948,52.3835,51.8608,52.1118,17765126.118454
2016-08-31,51.8968,52.0307,51.5814,51.7248,21248166.415874
2016-09-01,51.3188,52.0484,51.3188,51.8325,25970151.470028
2016-09-02,51.9155,52.3835,51.6878,51.9155,19764023.377011
2016-09-06,52.0122,52.0307,51.5014,51.8608,16646716.48558
2016-09-07,51.7337,52.067,51.6733,51.9068,18298765.686057
2016-09-08,51.8775,52.021,51.473,51.6976,20015467.973118
2016-09-09,51.1204,51.7797,50.6017,50.6017,34698131.823948
2016-09-12,50.4114,51.4964,50.0597,51.3567,27425159.718398
2016-09-13,50.8595,50.9974,50.4553,50.8869,31768307.519228
2016-09-14,50.7629,50.9778,50.4367,50.6436,22569407.715795
2016-09-15,50.546,51.6254,50.3929,51.4818,23301243.102277
2016-09-16,51.8775,51.8775,51.0882,51.5355,43793093.618069
2016-09-19,51.5552,51.9837,51.1761,51.2484,21695070.165188
2016-09-20,51.6254,51.6254,51.0882,51.1378,17815353.608591
2016-09-21,51.7698,52.0757,51.3831,51.9937,35659016.810322
2016-09-22,52.1392,52.2123,51.8775,52.0484,20511226.272553
2016-09-23,52.0933,52.1295,51.6516,51.6976,20918212.379578
2016-09-26,51.3831,51.4378,51.1577,51.221,22205518.206129
2016-09-27,51.2484,52.2632,51.0246,52.1664,26348722.530656
2016-09-28,52.1031,52.2632,51.9155,52.2388,20857732.375403
2016-09-29,52.0394,52.3627,51.5014,51.6693,26737129.411372
2016-09-30,51.8237,52.0024,51.6165,51.851,22039693.466628
2016-10-03,51.6733,51.808,51.3657,51.6878,20716645.127834
2016-10-04,51.5552,51.8471,51.2834,51.5276,21321948.888086
2016-10-05,51.5736,52.1753,51.5453,51.8871,16846345.64974
2016-10-06,51.975,52.0853,51.5649,51.975,17175659.799749
2016-10-07,52.0757,52.1948,51.6878,52.0307,21077370.015881
2016-10-10,52.1295,52.5612,52.0933,52.2465,18888419.363466
2016-10-11,52.1118,52.2311,51.2113,51.4818,26662395.812183
2016-10-12,51.4115,51.5552,50.7719,51.4115,23152386.099462
2016-10-13,51.0423,51.5814,50.6934,51.2385,25952347.273989
2016-10-14,51.4203,51.975,51.4203,51.6878,28706781.307085
2016-10-17,51.6341,51.7248,51.1946,51.5103,24139080.515276
2016-10-18,51.7896,52.1615,51.6782,51.9068,20277864.350998
2016-10-19,51.7337,52.067,51.6645,51.7896,23925499.782431
2016-10-20,51.7602,51.7797,51.0071,51.5355,46793446.701211
2016-10-21,54.2616,54.4179,53.5504,53.7048,85275893.667418
2016-10-24,53.9619,54.9112,53.9521,54.9112,56480862.315133
2016-10-25,54.7784,55.2452,54.7324,54.9013,37083752.806333
2016-10-26,54.7412,55.0917,54.4364,54.5791,31026170.475442
2016-10-27,54.5594,54.7597,54.0897,54.0995,30381170.217602
2016-10-28,54.0222,54.4786,53.6316,53.8963,35322106.954135
2016-10-31,54.1533,54.3924,53.9422,53.9422,29365596.965808
2016-11-01,53.9882,54.031,53.3365,53.8298,27253037.474018
2016-11-02,53.8485,53.9521,53.3805,53.5015,24602513.807145
2016-11-03,53.5906,53.6863,53.2088,53.3004,23995335.436028
2016-11-04,52.7964,53.362,52.6793,52.8502,31878745.749393
2016-11-07,53.8124,54.4786,53.8124,54.3924,31627438.344908
2016-11-08,54.5068,54.7129,54.1445,54.4364,23922479.519158
2016-11-09,54.0136,54.5409,53.2907,54.1629,52020136.176997
2016-11-10,54.4442,54.4541,51.8775,52.8423,61757968.687397
2016-11-11,52.4186,53.2137,52.2212,53.1296,38704589.889475
2016-11-14,53.1296,53.1851,51.5649,52.3178,45910639.103805
2016-11-15,52.8609,53.916,52.8492,53.3523,39617292.974193
2016-11-16,53.4138,54.0672,49.1845,54.0585,27847806.146448
2016-11-17,54.749,55.2382,54.3455,54.9551,33522939.193906
2016-11-18,55.0841,55.4104,54.6475,54.6923,29121517.716815
2016-11-21,54.8291,55.2559,54.7578,55.1542,20105131.911056
2016-11-22,55.2657,55.5197,55.1065,55.3829,18722069.405302
2016-11-23,55.292,55.3731,54.6024,54.7392,22933549.084704
2016-11-25,54.6475,54.8565,54.4941,54.8565,8768157.0221754
2016-11-28,54.6825,55.3009,54.5663,54.9298,21470223.338427
2016-11-29,54.9648,55.6544,54.8475,55.3634,23148777.140805
2016-11-30,55.1542,55.4454,54.5712,54.6112,33590298.231619
2016-12-01,54.4746,54.5126,53.4088,53.6492,35025373.766205
2016-12-02,53.5447,53.8983,53.2878,53.6959,26600609.416164
2016-12-05,54.1023,54.9052,53.9803,54.5762,24836505.376807
2016-12-06,54.7665,54.7939,54.1952,54.3319,20163952.306159
2016-12-07,54.3886,55.6281,54.1952,55.6195,31282250.919717
2016-12-08,55.5558,55.8049,55.1369,55.292,22913642.99019
2016-12-09,55.4454,56.1798,55.3955,56.1625,27847765.193726
2016-12-12,56.0246,56.4601,55.9376,56.344,21800159.969815
2016-12-13,56.641,57.4761,56.4056,57.0757,36863208.063054
2016-12-14,57.0951,57.5015,56.6684,56.8157,28204570.906246
2016-12-15,56.8245,57.2339,56.4601,56.7132,28481367.285119
2016-12-16,57.0512,57.0512,56.2941,56.4601,41968934.459031
2016-12-19,56.6965,57.7935,56.5706,57.6598,31431023.969452
2016-12-20,57.7203,57.8219,57.1166,57.5843,23992231.219673
2016-12-21,57.4837,57.7299,57.2023,57.5941,16762557.40364
2016-12-22,57.8549,58.0943,57.4624,57.5941,23530827.135197
2016-12-23,57.5015,57.5843,56.9146,57.3129,13248737.040105
2016-12-27,57.2846,58.0651,57.2846,57.352,12319172.695781
2016-12-28,57.4574,57.4574,56.9408,57.0853,14785140.871771
2016-12-29,56.9691,57.2759,56.8501,57.0052,10910608.929822
2016-12-30,57.0591,57.0853,56.2133,56.3176,28225356.460471
2017-01-03,56.9056,56.9496,56.3041,56.7132,21858595.409328
2017-01-04,56.6234,56.8675,56.2991,56.4601,18612206.560884
2017-01-05,56.3608,56.7873,56.2133,56.4601,23564004.983203
2017-01-06,56.4601,57.2309,56.2229,56.9496,19392406.088639
2017-01-09,56.8763,57.1694,56.6773,56.7698,20516586.983907
2017-01-10,56.8501,57.1595,56.4427,56.7503,18798105.301061
2017-01-11,56.7415,57.3031,56.5785,57.2681,22545184.180529
2017-01-12,57.1507,57.4574,56.1456,56.7415,22774744.665632
2017-01-13,56.7503,56.973,56.506,56.8245,20383293.039402
2017-01-17,56.807,56.8245,56.2133,56.6684,20204765.789248
2017-01-18,56.7973,56.8245,56.2991,56.641,19699738.864929
2017-01-19,56.4056,57.0757,56.3654,56.4601,19988791.369782
2017-01-20,56.7973,56.9309,56.5258,56.8578,30122177.010948
2017-01-23,56.8245,57.1994,56.7053,57.0591,23791777.881976
2017-01-24,57.2759,57.7632,57.0423,57.5611,23224298.056081
2017-01-25,57.9565,58.0943,57.5015,57.7105,24959005.207521
2017-01-26,58.1138,58.4861,57.5941,58.2457,41194416.097686
2017-01-27,59.2605,59.7323,58.8092,59.6161,47992476.88711
2017-01-30,59.5321,59.6258,58.7282,59.0261,33783384.174566
2017-01-31,58.7819,59.0448,58.2369,58.5894,23784759.609185
2017-02-01,58.3247,58.5641,57.5191,57.6225,41845283.856819
2017-02-02,57.3227,57.4674,56.8675,57.2492,47500932.622804
2017-02-03,57.5464,57.7299,57.1595,57.7105,33435534.822424
2017-02-06,57.5464,57.684,57.2222,57.6781,19182981.033294
2017-02-07,57.7661,57.8032,57.3031,57.4837,21063192.183406
2017-02-08,57.6138,57.8296,57.2943,57.4036,18787738.119399
2017-02-09,57.566,58.3952,57.3862,58.0553,23995847.345056
2017-02-10,58.227,58.273,57.9772,58.0005,18865666.030931
2017-02-13,58.2184,58.7819,58.1226,58.6531,23782075.158235
2017-02-14,58.7282,59.0095,58.3707,58.8728,20323536.874592
2017-02-15,58.8102,58.8728,58.4947,58.8356,17253845.713432
2017-02-16,59.028,59.4842,58.7566,58.8278,22030125.88687
2017-02-17,58.7829,58.9812,58.6267,58.9156,21760045.75446
2017-02-21,58.907,59.2195,58.7644,58.8016,20325388.961461
2017-02-22,58.6531,58.7087,58.3972,58.6813,20043444.825388
2017-02-23,58.738,59.0182,58.5328,58.9156,21231084.011567
2017-02-24,58.8356,59.0857,58.4753,58.9156,23458050.052316
2017-02-27,58.8455,58.8455,58.3932,58.5631,17055167.676248
2017-02-28,58.4244,58.5366,58.1362,58.3365,23794167.473325
2017-03-01,58.4713,59.2556,58.3726,59.1823,24507040.725542
2017-03-02,58.9812,59.0378,58.2437,58.362,26210397.54421
2017-03-03,58.3444,58.6082,58.0063,58.5806,19577549.251085
2017-03-06,58.3276,58.8639,58.1801,58.5993,18562158.238908
2017-03-07,58.5281,59.0623,58.5281,58.7185,18287363.424338
2017-03-08,58.5894,59.3426,58.5806,59.2556,22348787.209979
2017-03-09,59.4375,59.447,58.7927,59.0182,21056358.197865
2017-03-10,59.366,59.5027,59.0378,59.202,20083165.894608
2017-03-13,59.3943,59.4423,58.8728,58.9998,22045111.511794
2017-03-14,58.8356,58.8542,58.49,58.7282,15662093.253699
2017-03-15,58.8542,59.1921,58.5806,59.0378,27236972.744861
2017-03-16,59.0378,59.0477,58.6267,58.9353,22674942.881277
2017-03-17,59.1823,59.4842,58.9714,59.1473,47531521.234942
2017-03-20,59.1823,59.4247,59.0095,59.202,16010735.041019
2017-03-21,59.4375,59.7205,58.4713,58.5455,29218476.35842
2017-03-22,58.4624,59.3943,58.4624,59.2898,22681214.790704
2017-03-23,59.2097,59.4794,59.0524,59.1473,21133882.725082
2017-03-24,59.3758,59.6748,59.0477,59.2459,23935048.933464
2017-03-27,58.9256,59.4646,58.6715,59.3562,18805765.507776
2017-03-28,59.2273,59.6922,58.9441,59.5281,20556683.794356
2017-03-29,59.3758,59.7205,59.2166,59.6922,14096172.747403
2017-03-30,59.6473,60.1592,59.5936,59.915,16328753.406387
2017-03-31,59.8603,60.3494,59.6748,60.0488,21910024.861868
2017-04-03,60.0019,60.122,59.4375,59.7646,22375059.405182
2017-04-04,59.6219,60.0019,59.5194,59.9314,13858853.769052
2017-04-05,60.4492,60.4961,59.6708,59.7743,22578081.502386
2017-04-06,59.8125,60.2285,59.7021,59.9314,19104780.786159
2017-04-07,60.0389,60.1406,59.6669,59.8865,15473813.112719
2017-04-10,59.8223,60.0116,59.5936,59.747,17028262.761486
2017-04-11,59.8125,59.8223,59.1294,59.7021,20609986.833941
2017-04-12,59.6473,59.7303,59.366,59.4745,18070316.043547
2017-04-13,59.5281,60.0488,59.2195,59.2195,18437051.767416
2017-04-17,59.2995,59.7119,59.2724,59.7021,15955328.055323
2017-04-18,59.5663,59.915,59.4119,59.6219,15974232.855775
2017-04-19,59.8603,59.9472,59.1648,59.2995,23775785.8439
2017-04-20,59.6833,59.9472,59.3943,59.7205,22798210.575536
2017-04-21,59.877,60.8155,59.6748,60.5431,34305180.214868
2017-04-24,61.5276,61.6886,61.1797,61.5734,32600939.841217
2017-04-25,61.9106,62.0354,61.636,61.9289,33155709.989733
2017-04-26,62.0706,62.2824,61.6525,61.8448,28699883.844826
2017-04-27,62.136,62.345,61.6193,62.2473,37672635.548744
2017-04-28,62.8293,63.0405,61.7161,62.4205,43375950.212084
2017-05-01,62.6196,63.4118,62.4565,63.2855,35017132.030833
2017-05-02,63.5591,63.5591,63.0307,63.186,25807578.376682
2017-05-03,63.2613,63.2613,62.6471,62.9859,31698984.79848
2017-05-04,62.9399,62.9859,62.5833,62.7386,23784586.583933
2017-05-05,62.8208,62.9399,62.4445,62.9116,20979869.774522
2017-05-08,62.8841,62.9565,62.3831,62.8571,20349380.090028
2017-05-09,62.7855,63.1664,62.6196,62.9486,25056167.58892
2017-05-10,62.9019,63.4204,62.8371,63.1949,19669951.902331
2017-05-11,62.3276,62.6655,62.1086,62.4205,31555469.054477
2017-05-12,62.5551,62.5551,62.0354,62.345,19028998.797277
2017-05-15,62.1262,62.4396,61.6103,62.3929,33957947.201198
2017-05-16,62.5659,63.6783,62.5034,63.651,38102597.156824
2017-05-17,63.1713,63.365,61.8332,61.8792,33255783.085873
2017-05-18,61.805,62.4748,61.5685,62.0872,27482469.981864
2017-05-19,61.8976,62.4445,61.8332,62.0696,29340884.04551
2017-05-22,62.2562,62.8161,61.8976,62.768,17683979.322945
2017-05-23,63.0171,63.0435,62.7046,62.98,16820321.218508
2017-05-24,63.1529,63.1624,62.768,63.062,15993460.158915
2017-05-25,63.2466,64.0798,63.19,63.8395,23815715.772006
2017-05-26,64.0075,64.3924,63.7467,64.1519,21500509.924238
2017-05-30,63.9986,64.5642,63.9802,64.5642,18601474.899995
2017-05-31,64.6765,64.8663,64.0163,64.0425,33204793.875099
2017-06-01,64.4109,64.7509,63.6892,64.281,23527312.3678
2017-06-02,64.5925,65.8946,64.4109,65.7959,37771908.019163
2017-06-05,65.9951,66.841,65.8477,66.2802,36319885.224251
2017-06-06,66.299,66.5928,66.2715,66.5,34358567.207535
2017-06-07,66.6055,66.7295,65.9765,66.38,24299574.234145
2017-06-08,66.4903,66.5,65.5644,65.9765,26676561.358842
2017-06-09,66.0558,66.0976,62.8949,64.4822,53592420.736344
2017-06-12,63.5034,64.1334,62.4748,63.9889,52041071.208659
2017-06-13,64.2076,64.9422,64.1519,64.7878,27543206.964374
2017-06-14,65.0252,65.199,63.6685,64.4372,27790587.002788
2017-06-15,63.5221,64.3844,63.0895,64.0981,28417485.133533
2017-06-16,63.9439,64.2126,63.4752,64.189,52648221.936689
2017-06-19,64.648,65.0565,64.5094,64.988,25759381.117754
2017-06-20,64.9422,64.988,64.0702,64.1071,23458385.86464
2017-06-21,64.3844,64.7595,64.1334,64.4372,21691566.659791
2017-06-22,64.6861,64.733,63.9264,64.4283,24648054.25821
2017-06-23,64.2722,65.3358,64.115,65.2999,29522572.845828
2017-06-26,65.4735,65.7596,64.5973,64.6765,21274651.565234
2017-06-27,64.2896,64.3553,63.436,63.4654,27496767.601054
2017-06-28,63.4654,64.0435,63.0795,64.0075,28139441.744264
2017-06-29,63.6217,63.7213,62.4396,62.8062,31514944.28808
2017-06-30,63.0697,63.6217,63.0346,63.2094,26336689.597012
2017-07-03,63.5759,63.8199,62.3745,62.5122,17628827.267945
2017-07-05,62.5893,63.6783,62.5561,63.3452,23080585.739011
2017-07-06,62.6021,63.0697,62.4664,62.8773,23019030.725873
2017-07-07,62.9993,64.0425,62.9993,63.6959,17655572.467091
2017-07-10,63.6959,64.4197,63.4556,64.1696,16364537.895172
2017-07-11,64.189,64.8115,63.9606,64.1793,19039578.933095
2017-07-12,64.8202,65.3632,64.6951,65.245,19353964.791991
2017-07-13,65.5644,66.0606,65.3924,65.8143,22103576.642031
2017-07-14,66.2442,67.1887,65.9853,66.7394,28202298.030155
2017-07-17,66.7591,67.3539,66.6838,67.2619,23758482.294892
2017-07-18,67.0245,67.2991,66.63,67.2161,28781082.855052
2017-07-19,67.3987,67.8949,67.3539,67.7298,24183753.792445
2017-07-20,68.0209,68.1341,67.1974,68.059,43504867.33439
2017-07-21,67.3539,68.1244,67.0948,67.6655,50494067.788632
2017-07-24,67.426,67.6273,67.0609,67.4904,23150062.032469
2017-07-25,67.6742,68.1441,67.3987,68.0305,24000401.287781
2017-07-26,68.1683,68.2054,67.6829,67.9048,17699849.526672
2017-07-27,67.6359,68.2444,66.3184,67.0869,39046972.053185
2017-07-28,66.6397,67.2248,66.5189,66.9765,19412204.682256
2017-07-31,67.2161,67.3442,66.3985,66.6662,25677973.248642
2017-08-01,67.0342,67.3253,66.4737,66.5548,22689081.808667
2017-08-02,66.5284,66.537,65.5126,66.2628,28884999.364185
2017-08-03,66.1982,66.4268,65.8819,66.1623,19859766.746581
2017-08-04,66.3614,66.9765,66.2442,66.6485,24622125.042058
2017-08-07,66.7591,66.8489,66.2628,66.3887,20397263.036812
2017-08-08,66.1074,67.0609,65.7959,66.7491,24035370.817392
2017-08-09,66.253,66.4903,66.0704,66.4551,24219611.99613
2017-08-10,65.9307,66.1982,65.4265,65.4821,26049171.795429
2017-08-11,65.6669,66.6662,65.3632,66.4816,23379881.543541
2017-08-14,66.9963,67.6019,66.8908,67.4817,21898151.643842
2017-08-15,67.8432,67.8432,67.3342,67.4994,20799005.147741
2017-08-16,67.6107,68.3119,67.4535,67.8969,19684023.257729
2017-08-17,67.8343,68.1,66.7453,66.7453,24353355.396764
2017-08-18,66.6253,67.1497,66.3115,66.8282,20350680.338964
2017-08-21,66.8107,66.8203,66.0995,66.5129,19214191.102991
2017-08-22,66.6972,67.5169,66.6972,67.4436,15548024.564698
2017-08-23,67.2609,67.4339,66.8634,67.0412,14924925.822768
2017-08-24,67.0589,67.1683,66.4395,67.013,18546052.557027
2017-08-25,67.1683,67.6196,66.8203,67.1301,13875893.173
2017-08-28,67.3529,67.3811,66.879,67.1397,15795932.89323
2017-08-29,66.6055,67.4436,66.4208,67.3432,12445560.987481
2017-08-30,67.3078,68.4106,67.1387,68.229,18324986.690356
2017-08-31,68.2483,69.1052,68.0334,68.9558,29988268.775607
2017-09-01,68.8726,68.8999,67.8881,68.1644,23573998.471273
2017-09-05,67.6107,68.1194,67.2785,67.8607,24118512.010477
2017-09-06,67.9779,68.2582,67.6196,67.6665,17935898.970631
2017-09-07,67.924,68.773,67.8519,68.5327,18948714.056575
2017-09-08,68.5228,68.6253,68.0707,68.2005,15949731.865815
2017-09-11,68.5034,69.0902,68.5034,68.9165,19417253.129103
2017-09-12,68.9165,69.3619,68.5592,68.8462,15618305.579151
2017-09-13,69.0765,69.3521,68.7271,69.3347,14485648.494173
2017-09-14,69.141,69.5945,68.6997,68.9264,17032147.127201
2017-09-15,68.9848,69.5008,68.2838,69.4273,41779115.519508
2017-09-18,69.3521,70.035,69.1791,69.2869,25280671.436632
2017-09-19,69.3347,69.7956,69.151,69.5486,17105814.93179
2017-09-20,69.4634,69.6471,68.5034,69.0863,22552080.61897
2017-09-21,69.2418,69.3619,68.3217,68.4106,20798903.789753
2017-09-22,68.2094,68.6899,68.0803,68.5981,15289903.651031
2017-09-25,68.3021,68.4487,67.2238,67.5353,26184848.164556
2017-09-26,67.9163,68.0434,67.2884,67.5353,19541128.971288
2017-09-27,67.8049,68.3764,67.4535,68.0803,21139411.342597
2017-09-28,67.7962,68.1909,67.5841,68.1,11801621.40515
2017-09-29,68.1644,68.7133,68.1097,68.6703,18522253.906255
2017-10-02,68.8726,69.151,68.4887,68.7819,16593034.633311
2017-10-03,68.8375,69.0307,68.3989,68.4586,13219277.699285
2017-10-04,68.2191,68.8824,67.9496,68.8559,14421787.842768
2017-10-05,69.3443,70.1726,69.1052,70.035,22985238.58703
2017-10-06,69.7576,70.0897,69.6383,70.0604,15128489.519727
2017-10-09,70.035,70.5711,69.9342,70.3329,12351355.392635
2017-10-10,70.3689,70.6423,70.1922,70.3329,15122770.472052
2017-10-11,70.3943,70.4851,70.0163,70.448,16684658.159015
2017-10-12,70.5144,71.2529,70.404,71.0948,18732947.472174
2017-10-13,71.5282,71.7872,71.2529,71.4385,16617984.055583
2017-10-16,71.3723,71.7295,71.3056,71.584,13409628.000382
2017-10-17,71.42,71.5567,71.2168,71.5282,17439071.805143
2017-10-18,71.6027,71.7676,71.3244,71.547,14415067.50103
2017-10-19,71.509,71.841,71.3056,71.8223,16365978.407181
2017-10-20,72.2004,72.8,72.1095,72.6526,24791557.716398
2017-10-23,72.8188,73.143,72.6046,72.6712,22356446.392876
2017-10-24,72.7374,73.0119,72.3311,72.6994,18836365.381911
2017-10-25,72.4407,72.922,71.9161,72.4896,22130200.006829
2017-10-26,73.0119,73.2171,72.595,72.6046,34278992.996565
2017-10-27,77.7776,79.4663,77.0791,77.2608,77043441.25387
2017-10-30,77.251,77.7364,76.6121,77.3381,34447703.879173
2017-10-31,77.7686,77.7686,76.6159,76.6826,29381882.839667
2017-11-01,77.1446,77.2138,76.4042,76.6826,24197692.051496
2017-11-02,76.838,77.8635,76.6258,77.4846,26026096.984024
2017-11-03,77.5129,77.9377,76.8839,77.5676,19127804.40666
2017-11-06,77.6213,78.0831,77.5149,77.8732,21534415.706884
2017-11-07,78.1478,78.2678,77.3751,77.6778,19447080.020605
2017-11-08,77.5676,78.0011,77.2803,77.9562,19557407.67842
2017-11-09,77.5401,77.6866,76.4238,77.5215,22969780.981981
2017-11-10,77.2413,77.5264,76.7285,77.3194,21039939.227658
2017-11-13,77.127,77.3839,76.9404,77.3751,15388052.993039
2017-11-14,76.9786,77.5304,76.4949,77.4846,20355303.901315
2017-11-15,77.3371,77.5401,76.6121,76.881,20871883.588608
2017-11-16,76.9922,77.2892,76.8449,77.0868,22620480.879649
2017-11-17,77.0108,77.0108,76.197,76.3456,23826466.885439
2017-11-20,76.3456,76.5195,76.207,76.4638,17408277.405576
2017-11-21,76.6601,77.6788,76.6601,77.5676,22877139.781129
2017-11-22,77.6701,77.7325,76.9374,77.0009,22182495.609445
2017-11-24,76.9082,77.2989,76.6973,77.1426,8014594.1688537
2017-11-27,77.1847,77.8068,77.1777,77.7062,19127594.523959
2017-11-28,77.8937,78.8109,77.8458,78.642,23662915.022028
2017-11-29,78.4837,78.674,77.0636,77.2128,29542965.253919
2017-11-30,77.3741,78.3089,77.2128,77.9856,35643127.154051
2017-12-01,77.4561,78.5765,77.1065,78.0667,31718605.247756
2017-12-04,78.215,78.215,74.769,75.1217,42186145.650711
2017-12-05,75.3638,76.6037,75.0281,75.5934,28221414.760946
2017-12-06,75.5564,77.0293,75.4469,76.6973,26850200.901584
2017-12-07,76.4725,76.7157,75.9744,76.4276,25009124.172944
2017-12-08,77.4846,78.3666,77.2032,77.9767,25933662.59442
2017-12-11,78.095,79.098,77.9396,78.9662,23149443.646361
2017-12-12,79.0415,79.723,78.8294,79.2895,25818685.7788
2017-12-13,79.439,79.6812,78.9086,79.0795,23430867.68286
2017-12-14,79.1519,79.5608,78.3188,78.465,20833812.914098
2017-12-15,78.9946,80.6891,78.642,80.4685,58201911.733671
2017-12-18,80.7175,81.0679,79.8948,80.0318,24046535.553321
2017-12-19,80.0034,80.0034,79.0043,79.5248,25191937.125491
2017-12-20,79.8678,79.9586,78.4837,79.2348,25459648.142914
2017-12-21,79.723,79.77,79.1255,79.2151,19364984.145756
2017-12-22,79.1255,79.3364,78.6769,79.2251,15193106.772679
2017-12-26,79.0415,79.2484,78.7826,79.1255,10671993.797808
2017-12-27,79.3559,79.6615,78.9517,79.4115,15825484.377674
2017-12-28,79.5875,79.6145,79.2621,79.4214,11429124.657065
2017-12-29,79.3364,79.723,79.2151,79.2533,20019366.672285
2018-01-02,79.7945,79.9663,79.2151,79.6334,24258566.225624
2018-01-03,79.7279,80.1519,79.6518,80.0034,28041768.477654
2018-01-04,80.2261,81.2186,80.2077,80.7087,23643525.955633
2018-01-05,81.2186,81.914,81.0048,81.7089,25259234.73412
2018-01-08,81.7185,82.0703,81.1657,81.7918,23864696.251747
2018-01-09,82.1357,82.2078,81.4031,81.7372,21010317.099768
2018-01-10,81.4031,81.7089,80.986,81.367,20118227.567843
2018-01-11,81.6541,81.6541,80.8287,81.6072,19196430.931129
2018-01-12,82.1524,83.1807,81.9501,83.0177,26186953.134486
2018-01-16,83.4788,84.1156,81.5429,81.8564,39487177.984759
2018-01-17,82.5342,83.6448,82.2285,83.5158,27649472.112133
2018-01-18,83.2005,84.007,83.0695,83.4788,26063301.508456
2018-01-19,83.5158,83.9505,83.0695,83.3858,38439014.556524
2018-01-22,83.3858,84.8852,83.1447,84.8755,25378203.416349
2018-01-23,85.147,85.5162,84.8098,85.147,25068148.307842
2018-01-24,85.7467,86.5643,84.8481,85.0748,35332999.354461
2018-01-25,85.6685,86.3875,85.1812,85.5446,28171597.821849
2018-01-26,86.2771,87.1493,85.776,87.1493,31263660.43141
2018-01-29,88.1477,88.4347,86.8338,87.0173,34022867.504294
2018-01-30,86.444,86.7762,85.3589,85.9244,40373391.824845
2018-01-31,86.8611,88.3898,86.6374,88.0293,51532303.253152
2018-02-01,87.8243,89.0089,86.7038,87.3309,50617091.814192
2018-02-02,86.7576,87.0653,84.7747,85.0355,51252647.35044
2018-02-05,83.9057,86.3875,81.5331,81.5331,54623527.355722
2018-02-06,80.5076,84.7524,78.9848,84.6185,73392158.982512
2018-02-07,83.8411,85.0268,82.6446,83.0266,44341523.261348
2018-02-08,83.1163,83.2704,78.5317,78.7649,59639462.860322
2018-02-09,79.9586,82.3926,77.6701,81.7,68507199.498333
2018-02-12,82.2157,83.1807,81.4675,82.5968,38543912.907174
2018-02-13,82.3926,83.3858,81.3475,83.2285,28408037.340489
2018-02-14,82.3886,84.7016,82.2989,84.5315,37547874.103938
2018-02-15,84.9028,86.3092,84.3529,86.2525,29567930.033461
2018-02-16,86.0584,87.0349,85.4548,85.6372,32852131.554264
2018-02-20,85.1509,86.6249,84.721,86.3092,33157843.626568
2018-02-21,86.5525,86.9052,85.1626,85.1626,28670128.620587
2018-02-22,85.6854,86.3189,85.0443,85.3894,25371309.025543
2018-02-23,86.3378,87.5673,85.9742,87.5588,28259691.222884
2018-02-26,87.875,88.8518,87.7316,88.8225,32411472.07129
2018-02-27,89.1233,89.2123,87.6844,87.6844,27790490.763891
2018-02-28,88.2834,89.0892,87.158,87.2842,33482227.068805
2018-03-01,87.4922,88.0331,85.4907,86.4315,39893724.873838
2018-03-02,85.2467,86.7097,84.5776,86.6159,35268795.724005
2018-03-05,85.9557,87.7498,85.8805,87.1658,25676816.334235
2018-03-06,87.8174,87.9568,86.5155,86.868,23822834.378967
2018-03-07,86.7186,87.4453,86.0396,87.3709,28700410.087307
2018-03-08,87.7498,88.5265,87.2804,87.9013,27810589.336201
2018-03-09,88.7003,89.8656,88.4308,89.8656,39680692.907472
2018-03-12,89.8276,90.4878,89.3996,90.0795,28010314.739256
2018-03-13,90.2944,90.517,87.4723,87.8839,38016171.555405
2018-03-14,88.545,88.8126,87.0349,87.3613,34518515.231379
2018-03-15,87.0644,88.042,86.4127,87.6679,29661744.529809
2018-03-16,88.1327,88.7843,87.4275,88.0606,52726685.305064
2018-03-19,87.2586,87.4081,85.74,86.4674,35820644.919599
2018-03-20,86.6159,87.2842,86.5711,86.6912,24789105.672147
2018-03-21,86.5055,87.5489,85.8366,86.0865,26273580.428062
2018-03-22,84.9565,85.4089,83.46,83.5816,41471997.745011
2018-03-23,83.3125,84.2063,81.0583,81.153,47342075.989011
2018-03-26,84.3441,87.5021,84.1486,87.2937,60585530.127934
2018-03-27,88.3763,88.5616,82.3886,83.2843,60770552.479851
2018-03-28,83.6095,84.9222,82.7285,83.2101,56400554.026615
2018-03-29,83.9446,85.9086,82.289,84.9614,49274263.310505
2018-04-02,84.2161,84.5961,81.4587,82.3986,52118796.404214
2018-04-03,83.382,83.8243,81.8134,83.5068,39977814.122446
2018-04-04,81.7772,86.3474,81.6648,85.9479,38201096.644606
2018-04-05,86.0436,86.6297,85.0834,85.9938,31983125.024288
2018-04-06,85.1626,86.068,83.2932,83.9924,40850302.657639
2018-04-09,84.7485,86.7275,84.3529,84.4935,33876062.232869
2018-04-10,86.0027,86.8318,85.3043,86.4576,28940784.138745
2018-04-11,85.5094,86.8416,85.1549,85.5094,26719432.716229
2018-04-12,86.0396,87.6515,86.0396,87.1122,28746338.565417
2018-04-13,87.5489,87.6679,86.0485,86.6443,25080039.954593
2018-04-16,87.5673,88.1153,86.9598,87.6591,21794934.402444
2018-04-17,88.4308,89.8656,88.3204,89.4279,28759358.459667
2018-04-18,89.5666,90.0327,88.9172,89.7738,22606232.403726
2018-04-19,89.7738,90.3568,88.7472,89.464,25301855.256081
2018-04-20,89.2777,89.464,87.5489,88.4308,33468300.071755
2018-04-23,89.1263,89.6322,88.0899,88.7569,23990476.395521
2018-04-24,89.5883,89.8003,86.0222,86.6816,37089053.112423
2018-04-25,86.8504,86.8504,84.0374,85.9284,36234425.083261
2018-04-26,87.0839,88.5714,86.6628,87.7403,45687794.865165
2018-04-27,90.852,91.1305,87.4178,89.1935,51858137.44558
2018-04-30,89.6701,89.7317,86.7097,87.0545,44607682.170594
2018-05-01,86.7655,88.7003,86.3748,88.4308,33741756.756121
2018-05-02,88.4219,88.5899,86.7458,87.0449,29511352.823723
2018-05-03,86.5339,88.3613,86.0584,87.5673,33455540.22729
2018-05-04,86.868,88.7747,86.4967,88.5804,24204789.158278
2018-05-07,88.5899,90.0237,88.5265,89.5666,26042542.573499
2018-05-08,89.218,89.5128,88.4913,89.1866,25228857.028503
2018-05-09,89.3722,90.2671,88.4787,90.2376,29357096.204468
2018-05-10,90.7212,91.1773,90.3382,91.1392,24050949.232971
2018-05-11,91.0386,91.1031,90.3296,90.9449,18024488.923425
2018-05-14,91.1491,91.8678,90.5845,91.2516,20899036.267341
2018-05-15,90.517,91.0855,89.68,90.5942,26420678.511453
2018-05-16,91.0212,91.0592,90.3236,90.8258,18595356.563277
2018-05-17,90.4604,91.19,89.5913,89.9183,18447719.951587
2018-05-18,89.7603,90.6215,89.7603,90.0875,19109959.257898
2018-05-21,90.6841,91.6296,90.4976,91.2447,20774983.304632
2018-05-22,91.3219,91.7778,90.8726,91.1519,16516462.256891
2018-05-23,90.4135,92.3055,90.0494,92.2392,22731085.992157
2018-05-24,92.3006,92.4988,90.5072,91.9089,28505055.363542
2018-05-25,91.9002,92.5351,91.4891,91.9557,19642721.413427
2018-05-29,91.4704,92.4413,90.8999,91.6296,30667532.128596
2018-05-30,91.9089,92.788,91.533,92.5086,23701575.415741
2018-05-31,92.8252,93.4844,92.1903,92.4031,36518350.307278
2018-06-01,92.8162,94.2894,92.7167,94.2236,30651105.991664
2018-06-04,94.6662,95.228,94.2804,95.0489,29181424.382879
2018-06-05,95.3606,95.6792,94.9134,95.5453,25151865.910494
2018-06-06,95.8197,95.9263,95.2659,95.8295,22593848.300491
2018-06-07,95.9761,96.0153,93.8497,94.3077,30198194.477983
2018-06-08,94.5061,95.3129,93.9922,95.0099,23708633.617437
2018-06-11,94.7706,94.972,94.1115,94.467,25126720.938975
2018-06-12,94.5158,94.846,94.1946,94.7131,19601336.639861
2018-06-13,95.097,95.3705,94.0109,94.2804,31546660.1239
2018-06-14,95.0296,95.39,94.42,94.8176,27480903.540235
2018-06-15,94.9036,94.9134,93.5585,93.6134,70316401.699354
2018-06-18,93.503,94.5257,92.9472,94.2894,25228491.525457
2018-06-19,93.1639,94.42,93.0234,94.2894,30648393.897627
2018-06-20,94.7706,95.8588,94.5333,95.2376,28003937.376569
2018-06-21,95.4291,95.801,94.3077,94.553,24813632.257558
2018-06-22,93.878,94.2044,93.1406,93.878,41633579.782476
2018-06-25,93.4931,93.5947,90.9663,91.9842,37900791.355471
2018-06-26,92.3846,93.5685,92.3212,92.6287,28770278.50308
2018-06-27,93.0976,93.5116,91.0592,91.19,33477902.461326
2018-06-28,91.0406,92.6581,90.9294,92.2096,28506536.828272
2018-06-29,92.4892,93.4101,91.9275,92.1903,30006744.596293
2018-07-02,91.7156,93.5496,91.6198,93.503,20926931.214166
2018-07-03,93.9347,94.0743,92.4988,92.6023,15691863.835208
2018-07-05,93.0234,93.4191,92.5828,93.2646,20298924.288463
2018-07-06,93.3809,94.8274,93.1816,94.5714,20574063.1059
2018-07-09,95.0296,95.6039,94.6564,95.2181,19480201.558618
2018-07-10,95.3606,95.849,95.228,95.4788,20636649.103824
2018-07-11,94.5626,95.689,94.5158,95.3411,21012637.071489
2018-07-12,96.0933,97.6248,96.0543,97.4099,26030598.712027
2018-07-13,97.5858,98.7374,97.3123,98.5823,26370287.210425
2018-07-16,98.5634,98.9048,97.7225,98.094,23304081.125935
2018-07-17,97.8103,99.5487,97.5369,99.0312,27705437.078671
2018-07-18,99.0215,99.1191,97.8982,98.2982,31547786.323764
2018-07-19,98.1138,98.4749,97.1208,97.6151,42969065.463045
2018-07-20,101.062,101.179,99.1478,99.3243,59941183.066015
2018-07-23,99.354,101.12,99.1973,100.957,31775648.294708
2018-07-24,101.512,101.718,100.271,100.663,28149220.230543
2018-07-25,100.937,103.905,100.605,103.622,32942734.333361
2018-07-26,103.544,103.768,102.373,102.487,33556756.928201
2018-07-27,103.025,103.025,99.2072,100.681,39582215.943687
2018-07-30,100.204,100.535,97.9472,98.534,37082513.986483
2018-07-31,99.5388,99.7631,98.5439,99.1478,29580964.261165
2018-08-01,99.0993,99.4999,98.5723,99.3342,25274124.120147
2018-08-02,98.5634,101.071,98.0255,100.575,27922071.860785
2018-08-03,100.799,101.034,99.8511,101.024,19958990.073733
2018-08-06,101.1,101.386,100.565,101.11,21677201.468611
2018-08-07,101.502,101.979,101.15,101.776,17199985.716821
2018-08-08,102.205,102.606,101.668,102.363,16565999.693657
2018-08-09,102.577,103.006,102.467,102.537,14629647.480299
2018-08-10,102.294,102.557,101.348,101.885,19449977.42571
2018-08-13,102.118,102.45,101.081,101.189,19761413.664779
2018-08-14,101.502,102.606,101.024,102.431,17957396.078407
2018-08-15,101.805,102.284,100.243,101.053,31947766.443816
2018-08-16,101.629,102.158,100.711,101.034,22785734.328674
2018-08-17,100.77,101.289,100.116,100.977,19245194.361443
2018-08-20,100.907,101.289,99.92,100.29,19088227.695787
2018-08-21,100.34,100.76,99.3153,99.4405,24381451.011929
2018-08-22,99.3153,100.75,99.2469,100.478,19180332.415976
2018-08-23,100.565,101.54,100.29,100.957,19358367.209643
2018-08-24,101.062,101.865,100.957,101.718,18363472.01118
2018-08-27,102.557,102.909,101.825,102.869,20950924.390369
2018-08-28,103.172,103.7,103.045,103.486,20406647.353137
2018-08-29,103.651,105.155,103.496,105.146,22182378.894185
2018-08-30,104.804,105.682,104.579,105.078,24292844.678046
2018-08-31,104.814,105.829,104.658,105.409,24744641.253861
2018-09-04,104.024,105.078,103.446,104.844,24118029.792171
2018-09-05,104.178,104.56,101.473,101.805,35026681.181866
2018-09-06,101.59,102.284,100.907,102.039,25016258.137176
2018-09-07,101.57,102.029,100.643,101.56,23973122.679428
2018-09-10,102.138,102.909,101.688,102.656,22086334.522105
2018-09-11,102.195,104.724,102.186,104.394,25894420.67205
2018-09-12,104.569,104.979,103.71,104.844,20129114.849079
2018-09-13,105.233,106.738,105.233,105.957,27763207.036446
2018-09-14,106.386,106.738,105.517,106.396,20375556.046333
2018-09-17,106.698,106.708,104.989,105.253,22095507.931911
2018-09-18,105.292,106.708,104.854,106.249,23623933.149447
2018-09-19,106.093,106.347,104.198,104.834,23152428.076002
2018-09-20,105.37,106.807,105.058,106.581,25268671.265166
2018-09-21,107,108.204,106.523,107.237,75897822.63227
2018-09-24,106.074,107.832,105.321,107.608,29125856.657748
2018-09-25,107.734,108.017,106.757,107.4,24153588.017167
2018-09-26,107.42,107.977,106.747,106.981,20620284.395975
2018-09-27,107.714,107.841,107.187,107.363,20342471.365769
2018-09-28,107.177,107.508,106.688,107.335,23066526.66943
2018-10-01,107.687,108.574,107.667,108.505,20120605.897193
2018-10-02,108.214,108.732,107.391,108.066,22149556.311045
2018-10-03,108.32,109.044,107.859,108.086,17739064.829771
2018-10-04,107.548,107.696,104.764,105.839,37103802.235376
2018-10-05,105.692,106.209,103.836,105.243,30973921.968456
2018-10-08,104.794,105.155,102.616,104.024,31583120.332602
2018-10-09,104.295,106.123,103.974,105.35,27915550.139752
2018-10-10,104.394,104.638,99.2557,99.6173,65398684.132571
2018-10-11,98.8458,102.225,97.8005,99.3739,68092324.873166
2018-10-12,102.304,104.394,100.535,102.841,50870945.45419
2018-10-15,102.205,102.753,100.368,100.995,34169726.01426
2018-10-16,102.812,104.552,102.244,104.168,33681774.327521
2018-10-17,104.814,104.94,102.821,103.895,28288114.459829
2018-10-18,103.328,103.73,101.219,101.815,34636525.619906
2018-10-19,102.225,104.034,101.56,101.961,34934110.624461
2018-10-22,102.606,103.74,101.58,102.899,28285306.126894
2018-10-23,101.16,102.264,98.6495,101.473,46638977.127799
2018-10-24,101.728,101.805,95.3411,96.0345,68085374.172364
2018-10-25,99.9889,102.557,99.6074,101.629,65686917.582978
2018-10-26,99.1676,102.049,98.3375,100.378,59161876.30761
2018-10-29,101.473,101.999,95.3802,97.4684,58777108.076274
2018-10-30,97.2831,97.9666,93.9542,97.3512,69633726.984592
2018-10-31,98.9245,101.502,98.885,100.233,54408819.399195
2018-11-01,100.468,100.73,99.0215,99.3839,35572074.180783
2018-11-02,99.92,100.73,98.534,99.6173,40149610.792683
2018-11-05,99.8132,101.13,99.3639,100.907,29752054.496942
2018-11-06,100.79,102.138,99.7343,101.11,25935414.347117
2018-11-07,102.713,105.331,102.675,105.088,40385637.712646
2018-11-08,104.93,105.311,104.082,104.883,27324722.143028
2018-11-09,104.024,104.589,102.059,102.841,34138952.091053
2018-11-12,102.695,103.192,99.5586,100.29,35825250.053228
2018-11-13,100.947,102.039,100.067,100.359,37692896.908124
2018-11-14,101.875,102.029,98.4848,98.9147,41902482.524118
2018-11-15,98.9344,101.609,97.9472,101.13,40852164.982687
2018-11-16,100.937,102.626,100.671,102.059,35544172.067231
2018-11-19,102.039,102.324,97.6151,98.6215,47502995.616192
2018-11-20,95.9565,97.0533,93.6438,95.8784,67956635.194401
2018-11-21,97.6639,98.4454,96.3716,97.1853,29845261.86918
2018-11-23,96.3041,97.8493,96.149,97.1499,14665656.185241
2018-11-26,98.7669,100.506,98.5823,100.35,34307144.921723
2018-11-27,100.156,101.179,99.2856,100.995,30899705.397386
2018-11-28,101.688,104.94,101.659,104.734,49640350.957544
2018-11-29,103.984,104.724,102.773,103.865,29837381.541583
2018-11-30,104.335,104.589,103.065,104.512,35717638.584721
2018-12-03,106.514,106.913,104.365,105.644,36849831.880118
2018-12-04,105.498,106.17,101.979,102.284,47951867.143813
2018-12-06,99.7343,102.977,98.9443,102.929,52100665.610215
2018-12-07,102.148,103.155,98.3275,98.7965,47790551.299044
2018-12-10,98.7768,101.766,97.9275,101.424,43288493.625881
2018-12-11,103.496,104.569,101.289,102.354,44965246.532294
2018-12-12,104.512,104.883,102.782,102.821,38388476.849514
2018-12-13,103.28,104.492,102.392,103.155,33243215.719203
2018-12-14,102.019,102.996,99.4225,99.93,49910547.805212
2018-12-17,99.3342,99.7143,95.8784,96.983,60429022.132766
2018-12-18,97.8005,98.5241,96.6226,98.0059,52325339.411725
2018-12-19,97.7127,100.75,95.5354,97.7419,72355058.932218
2018-12-20,97.1306,98.3375,93.1064,95.689,74621251.538066
2018-12-21,95.801,97.0818,91.8622,92.5868,118022586.29509
2018-12-24,92.0671,92.3396,88.5804,88.7209,46613167.698359
2018-12-26,89.675,94.9036,88.5626,94.7804,54782079.915552
2018-12-27,93.5947,95.3802,90.8618,95.3705,52515581.188104
2018-12-28,96.2359,96.526,93.8019,94.6183,40495838.41702
2018-12-31,95.4788,96.5161,94.6662,95.7437,35195799.544062
2019-01-02,93.8301,95.9076,93.2549,95.3129,37482767.465955
2019-01-03,94.3432,94.43,91.6158,91.8045,45173683.603213
2019-01-04,93.9922,96.6129,93.2452,96.0834,46746238.450528
2019-01-07,95.81,97.3416,95.1802,96.2065,37829477.308599
2019-01-08,97.1208,98.0059,95.8784,96.8953,33435308.558634
2019-01-09,97.8982,98.836,97.322,98.2982,34248448.408605
2019-01-10,97.2927,97.8005,96.4976,97.6639,31900258.214442
2019-01-11,97.2633,97.5076,95.81,96.8953,30040031.992834
2019-01-14,96.0543,96.9636,95.4495,96.1968,30170398.84151
2019-01-15,96.6129,98.9918,96.0345,98.9542,33512969.253652
2019-01-16,99.1875,100.136,98.9048,99.3054,31673541.895905
2019-01-17,98.9443,100.497,98.7472,100.018,30123650.285136
2019-01-18,101.308,101.698,99.8132,101.54,39708904.214077
2019-01-22,100.623,100.957,98.8261,99.5984,34344371.970153
2019-01-23,100.018,100.897,99.2657,100.585,27451404.270513
2019-01-24,100.73,100.857,99.2657,100.086,24576801.640422
2019-01-25,101.091,101.678,100.468,101.024,33121029.176816
2019-01-28,100.146,100.359,98.6495,99.0215,31273407.179328
2019-01-29,98.836,98.9147,96.3041,97.0241,33409984.418953
2019-01-30,98.6215,100.261,98.3572,100.261,52487315.619143
2019-01-31,97.8493,99.1478,97.2534,98.4454,59027586.188133
2019-02-01,97.8202,98.1335,96.4683,96.8755,37701691.505248
2019-02-04,96.9636,99.7143,96.8659,99.6575,33224036.535512
2019-02-05,99.9589,101.12,99.8611,101.071,28990921.532894
2019-02-06,100.857,100.857,99.4502,99.93,21865982.256623
2019-02-07,99.1191,99.5099,98.318,99.1973,31574695.3338
2019-02-08,98.416,99.6953,98.2884,99.5885,22769206.833753
2019-02-11,100.086,100.458,98.9147,99.1776,20066991.616918
2019-02-12,100.037,100.995,99.4036,100.76,26583864.871814
2019-02-13,101.348,101.59,100.585,100.681,19516086.381573
2019-02-14,100.194,101.14,99.5786,100.77,23112543.195892
2019-02-15,101.698,102.069,101.219,101.989,28228651.106984
2019-02-19,101.6,102.421,101.59,101.941,19137952.491258
2019-02-20,102.089,102.166,100.613,101.444,22827230.698406
2019-02-21,101.209,103.632,101.179,103.573,30703588.952986
2019-02-22,104.168,105.262,103.944,105.048,29330202.551704
2019-02-25,105.779,106.19,105.321,105.624,25091107.427806
2019-02-26,105.321,107.197,105.233,106.357,22752290.287969
2019-02-27,105.712,106.357,104.959,106.18,22699814.493375
2019-02-28,106.054,106.856,105.75,106.044,30725462.825808
2019-03-01,106.866,106.991,105.692,106.514,24827598.159697
2019-03-04,106.991,107.207,104.883,106.269,28109796.068559
2019-03-05,106.259,106.386,105.292,105.721,20641082.236017
2019-03-06,105.888,106.64,105.469,105.769,18685268.265185
2019-03-07,105.439,105.586,103.994,104.482,26769110.416068
2019-03-08,103.328,104.794,102.996,104.598,24106325.504126
2019-03-11,105.068,106.923,105.058,106.807,27986833.472082
2019-03-12,106.797,107.899,106.63,107.538,27607673.716072
2019-03-13,108.037,108.866,107.696,108.387,37518205.904237
2019-03-14,108.426,109.054,108.224,108.476,32499685.259037
2019-03-15,109.18,110.998,108.476,109.707,57714074.714555
2019-03-18,109.961,111.327,109.843,111.288,32968987.076021
2019-03-19,111.767,112.11,110.742,111.367,39710241.320462
2019-03-20,111.115,112.403,110.479,111.24,29700089.587558
2019-03-21,110.878,114.356,110.84,113.808,31539461.659131
2019-03-22,113.117,113.205,110.79,110.8,35522331.980405
2019-03-25,110.332,111.688,110.108,111.377,28594814.516559
2019-03-26,112.275,112.364,110.616,111.601,27570646.312163
2019-03-27,111.565,111.886,109.345,110.537,24016524.374568
2019-03-28,111.162,111.297,109.921,110.684,19369589.279384
2019-03-29,111.747,111.994,110.713,111.63,26833338.618159
2019-04-01,112.598,112.744,111.777,112.657,24075343.745854
2019-04-02,112.695,113.097,112.187,112.822,19166267.203486
2019-04-03,113.468,114.004,112.784,113.576,24151029.495838
2019-04-04,113.693,113.818,112.052,112.989,21248039.462435
2019-04-05,113.017,113.818,112.998,113.497,16719496.639914
2019-04-08,113.419,113.625,112.295,113.536,15969358.457998
2019-04-09,112.285,113.157,112.236,112.911,18606018.60454
2019-04-10,113.369,113.927,113.157,113.779,17407156.324802
2019-04-11,114.113,114.386,113.526,113.908,15011099.564944
2019-04-12,114.199,114.513,113.946,114.483,20859579.34318
2019-04-15,114.473,115.089,114.132,114.572,16683919.986194
2019-04-16,115.149,115.157,113.693,114.318,14866011.236402
2019-04-17,114.757,115.352,114.113,115.275,20390302.097831
2019-04-18,115.675,116.905,114.815,116.768,29570838.700565
2019-04-22,116.056,117.374,116.006,117.14,16531953.647935
2019-04-23,117.474,118.888,117.206,118.76,25381546.182311
2019-04-24,119.094,119.151,117.863,118.34,33021156.749015
2019-04-25,123.118,124.368,121.935,122.25,40180563.88405
2019-04-26,122.765,123.557,122.121,122.951,24990042.251968
2019-04-29,122.961,123.234,122.433,122.834,17245536.406067
2019-04-30,122.874,123.734,122.483,123.646,25530485.090571
2019-05-01,123.577,123.694,120.871,121.046,28335537.712303
2019-05-02,121.135,121.154,118.829,119.477,28893834.914031
2019-05-03,120.539,122.512,120.441,122.005,26317135.695912
2019-05-06,119.639,121.682,119.387,121.301,25607563.233114
2019-05-07,119.707,120.374,117.59,118.829,38050533.960906
2019-05-08,118.76,119.619,118.089,118.819,30022993.612703
2019-05-09,117.648,119.094,116.955,118.819,28773055.097656
2019-05-10,118.242,121.095,117.197,120.324,32659961.928479
2019-05-13,117.483,118.859,116.455,116.749,35860809.302038
2019-05-14,117.246,119.169,117.083,118.069,26692372.181121
2019-05-15,118.059,120.374,117.531,119.737,26021762.138363
2019-05-16,120.413,122.922,120.128,122.493,31694459.52266
2019-05-17,121.895,123.968,121.535,121.663,27124650.689468
2019-05-20,120.186,121.214,119.486,119.906,24952613.51138
2019-05-21,121.066,121.145,120.246,120.548,16096843.258839
2019-05-22,120.285,121.828,120.186,121.291,16205492.878855
2019-05-23,119.886,119.973,118.528,119.877,24844069.344624
2019-05-24,120.558,121.046,119.687,119.924,14865466.565195
2019-05-28,120.627,121.614,119.767,119.867,24343636.291934
2019-05-29,119.142,119.151,117.843,118.722,23959227.420736
2019-05-30,119.026,119.486,118.567,119.467,17713924.977342
2019-05-31,118.03,118.4,117.158,117.511,28046921.353943
2019-06-03,117.657,118.165,113.077,113.858,39979483.9697
2019-06-04,115.235,117.122,114.621,117.004,30926549.906883
2019-06-05,118.731,119.59,118.01,119.554,26235881.399507
2019-06-06,120.109,121.584,119.347,121.437,22586519.810826
2019-06-07,122.736,125.627,121.848,124.837,35666103.678923
2019-06-10,125.775,127.394,125.396,125.968,27868335.746161
2019-06-11,127.21,127.543,124.718,125.49,25170277.230644
2019-06-12,124.837,125.366,124.192,124.926,17990587.236049
2019-06-13,125.376,126.038,124.995,125.695,18104666.163232
2019-06-14,125.637,127.123,125.07,125.824,18758142.610779
2019-06-17,125.998,127.064,125.902,126.203,15280620.692694
2019-06-18,127.494,128.479,126.906,128.402,27297183.484888
2019-06-19,128.264,129.154,127.143,128.919,24992090.911903
2019-06-20,130.579,130.775,128.949,130.11,34778810.734603
2019-06-21,129.759,130.844,129.644,130.13,38657755.332383
2019-06-24,130.158,131.488,130.158,130.894,21712783.24142
2019-06-25,130.395,130.707,126.088,126.77,35078606.162347
2019-06-26,127.649,128.967,126.936,127.259,24900840.055973
2019-06-27,127.444,127.991,126.849,127.454,17427493.446717
2019-06-28,127.864,127.893,126.498,127.288,31621574.938885
2019-07-01,129.809,129.875,128.236,128.909,23844521.916902
2019-07-02,129.34,129.769,128.578,129.759,16038516.344039
2019-07-03,129.965,130.854,129.506,130.589,14345446.849226
2019-07-05,129.164,130.472,128.949,130.218,19094364.46123
2019-07-08,129.604,130.248,128.608,130.12,17661437.920749
2019-07-09,129.223,130.13,129.026,129.644,21001532.740825
2019-07-10,130.278,131.665,130.178,130.959,25476178.709288
2019-07-11,131.294,132.278,130.979,131.488,23501163.030765
2019-07-12,131.918,132.191,131.107,131.967,19931867.085723
2019-07-15,132.486,132.573,131.546,131.967,17526406.556997
2019-07-16,132.026,132.115,129.7,130.238,23920272.167423
2019-07-17,130.815,131.038,129.436,129.486,21272939.74144
2019-07-18,128.783,129.799,127.952,129.614,32427549.086265
2019-07-19,133.216,133.637,129.634,129.799,51566663.611018
2019-07-22,130.54,132.25,130.472,131.516,26398628.541923
2019-07-23,132.787,133.003,131.127,132.347,18982213.383452
2019-07-24,131.967,133.705,131.918,133.686,21827967.892105
2019-07-25,133.422,133.589,132.377,133.186,19321443.211358
2019-07-26,133.363,134.614,133.295,134.29,20037928.493688
2019-07-29,134.449,134.459,132.417,133.989,17478424.299862
2019-07-30,133.14,134.174,132.827,133.344,17731726.101927
2019-07-31,133.324,133.481,128.323,129.486,40626954.700514
2019-08-01,130.158,133.9,130.092,131.156,42688593.577341
2019-08-02,131.185,131.41,128.499,130.063,32409567.769701
2019-08-05,126.643,127.259,124.259,125.598,44995821.834796
2019-08-06,127.133,128.909,126.556,127.971,34414693.937327
2019-08-07,127.123,128.88,125.226,128.519,35170303.402948
2019-08-08,129.779,132.056,129.154,131.958,28941308.333592
2019-08-09,131.685,132.436,129.644,130.824,24699757.07017
2019-08-12,130.228,130.969,128.479,129.016,21560697.116448
2019-08-13,129.272,131.868,128.264,131.675,26836311.785801
2019-08-14,129.975,130.521,127.424,127.728,34122765.527546
2019-08-15,128.12,128.284,126.048,127.434,29505012.318486
2019-08-16,128.569,130.072,128.412,129.759,26253725.52445
2019-08-19,131.41,132.075,130.482,131.938,25565957.314847
2019-08-20,131.742,132.23,130.815,130.834,22228351.396472
2019-08-21,132.075,132.963,131.546,132.307,15717221.760885
2019-08-22,132.181,132.689,129.905,131.332,19627402.023815
2019-08-23,130.766,131.878,126.585,127.161,40404628.513814
2019-08-26,128.675,129.233,127.649,129.125,21322260.128777
2019-08-27,130.004,130.327,128.353,129.406,24249495.197626
2019-08-28,128.569,129.426,127.317,129.233,18264856.831956
2019-08-29,130.824,131.967,130.512,131.665,21169564.832059
2019-08-30,132.641,132.669,129.895,131.41,25120720.341333
2019-09-03,130.218,130.775,129.366,129.672,19806904.972578
2019-09-04,130.874,131.244,130.092,131.185,18898991.308739
2019-09-05,132.603,133.822,132.278,133.511,27400724.252793
2019-09-06,133.491,133.618,131.732,132.593,21845979.923211
2019-09-09,133.062,133.216,130.072,131.078,27038186.182964
2019-09-10,130.403,130.482,128.226,129.71,30321135.574279
2019-09-11,129.564,129.895,128.773,129.75,25938973.13869
2019-09-12,131.4,131.948,130.472,131.078,28334864.040021
2019-09-13,131.332,131.606,130.178,130.894,24509052.528028
2019-09-16,129.496,130.307,129.33,129.945,17552144.319173
2019-09-17,130.55,131.078,130.034,130.959,18858051.896029
2019-09-18,130.933,132.191,130.14,132.046,25673846.238047
2019-09-19,133.734,135.716,133.531,134.488,37865951.850755
2019-09-20,134.429,135.024,131.781,132.923,42004831.567801
2019-09-23,132.718,133.101,131.967,132.631,18262282.953356
2019-09-24,133.793,134.116,130.482,130.95,31489036.572107
2019-09-25,131.068,133.412,129.662,132.845,23649876.699052
2019-09-26,132.923,133.618,131.967,133.013,18687293.377304
2019-09-27,133.599,133.793,130.248,131.284,23602569.138017
2019-09-30,131.596,132.699,131.332,132.524,19334429.319614
2019-10-01,133.13,133.686,130.589,130.657,23689609.030272
2019-10-02,129.875,129.985,127.346,128.343,33571501.955882
2019-10-03,128.638,130.356,126.996,129.905,27673771.409936
2019-10-04,130.356,131.781,130.034,131.665,25008918.385515
2019-10-07,130.717,131.714,130.609,130.707,17415604.871421
2019-10-08,130.667,131.313,129.291,129.34,28097101.74845
2019-10-09,131.029,132.22,130.56,131.772,21168270.726034
2019-10-10,132.016,133.14,131.781,132.593,19298989.857515
2019-10-11,133.57,134.449,132.973,133.149,26804385.04346
2019-10-14,133.159,133.724,132.993,133.023,14258333.242072
2019-10-15,133.521,135.161,133.275,134.946,20894761.826947
2019-10-16,134.214,134.409,133.003,133.842,21864005.26395
2019-10-17,134.369,134.799,132.514,133.159,23186976.81639
2019-10-18,133.226,133.461,130.168,130.979,33868032.427837
2019-10-21,131.977,132.026,130.599,131.958,21732195.855629
2019-10-22,132.476,133.471,129.885,129.985,29305539.798489
2019-10-23,130.482,131.019,129.282,130.815,32919564.306877
2019-10-24,132.875,133.852,132.191,133.402,39106963.696147
2019-10-25,132.827,134.555,132.689,134.155,27233090.426782
2019-10-28,137.642,138.863,136.782,137.446,37010684.959125
2019-10-29,137.338,137.738,135.98,136.156,21599415.86779
2019-10-30,136.792,138.227,136.119,137.846,19403880.017621
2019-10-31,138.131,138.157,136.315,136.666,25812056.556871
2019-11-01,137.515,137.662,136.285,136.988,34753365.784392
2019-11-04,138.063,138.227,137.416,137.787,17741558.850561
2019-11-05,138.197,138.247,137.174,137.699,19145373.124545
2019-11-06,137.614,137.758,136.498,137.319,17388867.86282
2019-11-07,137.105,138.111,137.037,137.515,18659180.357233
2019-11-08,137.241,139.165,137.027,139.145,17574699.031004
2019-11-11,138.55,139.576,137.965,139.282,15075060.55052
2019-11-12,139.44,140.678,139.233,140.189,19563461.514601
2019-11-13,139.868,140.573,139.44,140.425,18299899.052648
2019-11-14,140.141,141.472,140.123,141.138,20724120.023479
2019-11-15,141.96,142.975,141.333,142.956,24661951.564539
2019-11-18,143.053,143.514,142.008,143.316,22612057.92848
2019-11-19,143.836,144.265,143.178,143.355,25135450.011743
2019-11-20,143.776,144.285,141.999,143.112,26890170.758592
2019-11-21,142.897,143.288,142.037,142.975,19421186.638084
2019-11-22,143.541,143.766,142.329,143.083,16562381.520638
2019-11-25,143.474,144.783,143.395,144.665,23448954.452683
2019-11-26,144.793,145.778,144.753,145.416,25755852.016907
2019-11-27,145.7,145.846,144.937,145.69,15866208.788593
2019-11-29,145.485,145.67,144.714,144.81,12522196.840623
2019-12-02,145.202,145.222,141.862,143.044,28723504.351256
2019-12-03,141.071,142.927,140.269,142.807,26338239.657553
2019-12-04,143.609,143.648,142.701,143.325,18380431.557322
2019-12-05,143.523,143.786,142.975,143.404,18694062.862309
2019-12-06,144.429,145.261,143.736,145.142,17156977.167815
2019-12-09,144.507,145.582,144.353,144.793,17502982.623635
2019-12-10,144.596,145.28,144.206,144.566,17230851.783654
2019-12-11,144.957,145.261,143.796,145.104,19718020.160184
2019-12-12,145.064,146.753,144.458,146.559,25766584.701615
2019-12-13,146.344,148.16,146.168,147.809,24935097.008216
2019-12-16,148.376,149.137,148.094,148.786,25251579.646496
2019-12-17,148.706,148.953,147.731,147.966,26601055.800838
2019-12-18,147.586,148.736,147.469,147.652,25230259.659244
2019-12-19,147.291,149.012,147.049,148.953,26988201.337705
2019-12-20,150.485,151.6,149.488,150.544,56038079.433505
2019-12-23,151.239,151.239,150.407,150.544,18532723.469723
2019-12-24,150.614,150.838,150.263,150.514,9398103.0592812
2019-12-26,150.691,151.834,150.534,151.776,15187816.704771
2019-12-27,152.528,152.625,151.338,152.048,19252095.918977
2019-12-30,152.068,152.108,149.899,150.72,17100853.509478
2019-12-31,149.929,150.895,149.626,150.829,19230174.950524
2020-01-02,151.872,153.708,151.441,153.613,23664284.89059
2020-01-03,151.432,153.006,151.179,151.726,22082592.467102
2020-01-06,150.224,152.185,149.685,152.118,21774192.872396
2020-01-07,152.399,152.742,150.455,150.71,22877229.877118
2020-01-08,152.019,153.777,151.071,153.142,29025034.12679
2020-01-09,154.783,155.144,154.003,155.028,22373523.678093
2020-01-10,155.741,156.132,154.148,154.304,21677217.8497
2020-01-13,154.715,156.219,154.225,156.19,22621363.410815
2020-01-14,156.286,156.494,154.675,155.068,24569929.773612
2020-01-15,155.545,156.825,155.497,156.093,22392257.500931
2020-01-16,157.196,159.003,156.915,158.934,24951093.141563
2020-01-17,160.136,160.184,158.222,159.833,35935365.780703
2020-01-21,159.432,160.867,159.189,159.257,30860048.828704
2020-01-22,160.117,160.204,158.456,158.476,25236949.286439
2020-01-23,158.953,159.55,158.066,159.471,20576125.075471
2020-01-24,160.224,160.244,157.293,157.84,26051743.626392
2020-01-27,154.121,156.276,153.239,155.213,33537429.290891
2020-01-28,156.668,158.524,155.986,158.251,26032740.539406
2020-01-29,160.546,161.416,158.466,160.722,36725877.203943
2020-01-30,166.475,166.475,163.349,165.265,53944850.65048
2020-01-31,164.718,164.902,162.194,162.823,37786969.406622
2020-02-03,163.009,166.906,162.979,166.796,31520656.169029
2020-02-04,169.445,172.785,168.633,172.286,38090840.654057
2020-02-05,176.018,176.183,170.636,172.071,40969070.671529
2020-02-06,173.106,175.812,172.228,175.627,29013905.224493
2020-02-07,174.884,177.552,174.533,175.88,35054450.19907
2020-02-10,175.578,180.628,175.275,180.491,37474969.043802
2020-02-11,182.357,182.407,175.499,176.418,55578367.720278
2020-02-12,177.503,177.765,173.937,176.681,49204006.867687
2020-02-13,175.108,178.127,174.904,175.705,36901586.906799
2020-02-14,175.275,177.346,174.69,177.296,24202684.188348
2020-02-18,177.532,179.525,177.435,179.066,29120265.58733
2020-02-19,180.373,180.482,178.831,179.613,31276753.016742
2020-02-20,179.288,179.584,173.693,176.887,38434417.613439
2020-02-21,175.667,175.988,170.011,171.28,50673009.685099
2020-02-24,160.907,167.424,156.572,163.907,71224278.505743
2020-02-25,167.08,167.695,160.789,161.199,70976367.105756
2020-02-26,162.763,166.162,161.337,163.204,58791849.008682
2020-02-27,156.658,160.204,151.521,151.716,97148467.711665
2020-02-28,146.168,157.029,145.778,155.378,101213382.71689
2020-03-02,158.534,165.85,155.673,165.722,74060008.811783
2020-03-03,166.689,167.833,155.623,157.762,74733776.309435
2020-03-04,161.602,163.721,158.837,163.575,51938780.522604
2020-03-05,159.247,163.887,158.904,159.471,49856476.902081
2020-03-06,155.966,156.455,149.606,154.958,75926603.181717
2020-03-09,144.84,151.298,143.874,144.467,73422393.3536
2020-03-10,151.697,154.432,146.334,154.324,68141506.021247
2020-03-11,150.691,151.249,144.977,147.34,58914000.741255
2020-03-12,139.36,147.183,132.913,133.373,97202120.897027
2020-03-13,141.462,155.282,134.966,152.341,96681924.060533
2020-03-16,134.28,143.248,129.496,129.875,91654724.509652
2020-03-17,134.28,141.462,129.496,140.583,84516715.172044
2020-03-18,132.367,140.025,129.516,134.663,85072816.284036
2020-03-19,136.918,144.018,133.314,136.858,89586940.676838
2020-03-20,140.025,141.081,130.298,131.732,88485441.44684
2020-03-23,131.4,134.809,127.103,130.413,82343174.005229
2020-03-24,137.866,143.484,135.493,142.261,86035757.097072
2020-03-25,142.817,148.026,138.53,140.914,78863912.620261
2020-03-26,142.319,150.233,142.289,149.715,67453401.999321
2020-03-27,145.542,148.572,143.103,143.579,59474931.203028
2020-03-30,146.198,154.013,143.883,153.651,66124964.282267
2020-03-31,152.898,158.027,150.144,151.258,81250489.848714
2020-04-01,146.734,151.298,144.665,145.876,60442125.9801
2020-04-02,145.641,149.137,144.216,148.923,51747299.926372
2020-04-03,148.776,150.934,145.954,147.537,43002156.286518
2020-04-06,153.738,159.696,151.129,158.495,69973760.509675
2020-04-07,162.635,163.038,156.599,156.825,65445902.621434
2020-04-08,158.886,159.862,156.835,158.358,50378825.804136
2020-04-09,159.56,160.536,156.668,158.367,53625148.104405
2020-04-13,157.625,158.788,155.663,158.729,43692366.30219
2020-04-14,162.081,166.64,161.132,166.593,55129231.023778
2020-04-15,164.199,166.465,162.314,164.853,42686805.991011
2020-04-16,167.176,170.04,165.831,169.806,52632376.304596
2020-04-17,172.159,172.636,168.672,171.289,55015882.078873
2020-04-20,169.415,171.437,167.823,167.893,38233416.533082
2020-04-21,166.396,166.563,159.315,160.957,58600627.438418
2020-04-22,164.374,166.886,163.838,166.416,36129364.969359
2020-04-23,166.994,167.893,163.925,164.404,34189209.271914
2020-04-24,165.029,167.434,163.73,167.424,35768314.50717
2020-04-27,169.376,169.668,166.201,166.936,34610000.541644
2020-04-28,168.4,168.476,162.463,162.861,35859414.861842
2020-04-29,166.133,170.401,164.853,170.188,53473739.746987
2020-04-30,172.636,173.029,169.025,171.878,56173460.943033
2020-05-01,168.604,171.329,166.896,167.444,41049478.270399
2020-05-04,167.365,171.681,166.689,171.524,31668150.470008
2020-05-05,173.234,176.134,172.541,173.371,38410219.673625
2020-05-06,174.622,176.671,174.212,175.071,33509920.323473
2020-05-07,176.642,177.015,175.108,176.088,29523564.925527
2020-05-08,177.425,177.445,175.851,177.141,32230946.328285
2020-05-11,175.647,179.836,175.363,179.086,32210117.7737
2020-05-12,179.143,179.376,174.834,175.041,33404506.992341
2020-05-13,175.079,176.526,169.327,172.404,46618265.288473
2020-05-14,170.284,173.304,168.486,173.145,43659675.79158
2020-05-15,171.729,179.396,169.767,175.657,48598142.055138
2020-05-18,178.157,178.586,176.438,177.356,36812316.114997
2020-05-19,177.474,178.958,175.978,176.116,27941998.431659
2020-05-20,177.746,178.742,176.916,178.569,32503987.34252
2020-05-21,178.322,179.525,176.282,176.418,30277027.444678
2020-05-22,176.183,177.415,175.549,176.496,21654777.805492
2020-05-26,179.203,179.357,174.182,174.622,37507553.077336
2020-05-27,173.314,175.033,169.854,174.854,41087971.781767
2020-05-28,173.83,177.111,173.487,174.475,35176654.146365
2020-05-29,175.735,177.228,173.507,176.242,43822072.788218
2020-06-01,175.549,175.998,174.523,175.831,23569916.508673
2020-06-02,177.208,177.932,174.425,177.844,32018685.296918
2020-06-03,177.756,178.821,176.566,178.282,28396641.221679
2020-06-04,177.257,178.733,175.334,175.918,29905106.082342
2020-06-05,175.627,180.55,175.051,180.042,41479435.783207
2020-06-08,178.821,181.351,177.396,181.165,34531767.532329
2020-06-09,180.814,183.402,180.102,182.552,30967841.513006
2020-06-10,183.81,190.933,183.703,189.32,45616274.007046
2020-06-11,185.746,188.277,178.948,179.133,54955671.338844
2020-06-12,183.245,184.388,178.108,180.559,45097709.136537
2020-06-15,177.522,183.52,176.986,181.722,34072979.302992
2020-06-16,185.513,188.098,184.134,186.175,44248304.627112
2020-06-17,187.562,188.821,186.294,186.813,26708925.271494
2020-06-18,186.585,188.99,186.585,188.821,23978359.508797
2020-06-19,191.002,191.654,186.938,187.679,46207697.865877
2020-06-22,188.307,193.091,187.758,192.906,34123498.581277
2020-06-23,194.371,196.138,193.736,194.195,32146430.147547
2020-06-24,193.903,195.494,189.057,190.276,38201105.858969
2020-06-25,190.237,192.945,187.993,192.681,28909152.256007
2020-06-26,192.084,192.242,187.417,188.831,56849169.599721
2020-06-29,188.297,190.943,186.155,190.853,27762985.891746
2020-06-30,190.316,196.578,190.181,195.719,35674134.507775
2020-07-01,195.385,198.465,194.058,196.871,33335655.227898
2020-07-02,197.809,200.066,197.163,198.375,30481077.455215
2020-07-06,200.836,203.063,200.134,202.644,33165575.500547
2020-07-07,202.398,206.453,200.036,200.289,34936378.381461
2020-07-08,202.027,205.115,200.719,204.702,34935642.256276
2020-07-09,208.075,208.122,203.395,206.112,34438284.753035
2020-07-10,205.448,205.876,203.013,205.486,27218206.159846
2020-07-13,206.266,207.556,198.609,199.166,39651516.140438
2020-07-14,198.248,200.855,194.313,200.386,39086112.617565
2020-07-15,201.53,203.258,197.193,200.086,33458556.395292
2020-07-16,197.535,197.827,194.577,196.108,31130807.752487
2020-07-17,196.647,197.203,193.696,195.132,32892799.655188
2020-07-20,197.163,204.184,195.259,203.524,38351026.608748
2020-07-21,205.486,205.749,200.076,200.758,39620500.596171
2020-07-22,201.199,204.184,200.426,203.669,51577543.725526
2020-07-23,199.282,202.858,194.427,194.801,70138484.644762
2020-07-24,192.76,195.113,189.967,193.606,41410131.491183
2020-07-27,193.775,196.158,193.188,196.04,31359775.446933
2020-07-28,195.815,196.871,194.028,194.303,24175641.058149
2020-07-29,194.761,196.823,194.293,196.247,20413008.334734
2020-07-30,193.325,196.637,191.929,196.089,26076522.071046
2020-07-31,196.578,197.262,191.382,197.173,53285100.24587
2020-08-03,203.445,209.324,202.389,208.259,82122622.095223
2020-08-04,205.964,206.551,202.263,205.135,51238961.974451
2020-08-05,206.677,206.776,203.494,204.811,30005765.826229
2020-08-06,204.223,208.113,203.475,208.093,33954968.914466
2020-08-07,206.627,207.458,202.868,204.363,28926296.089399
2020-08-10,203.591,203.794,198.465,200.289,38175959.863633
2020-08-11,199.253,199.733,195.385,195.601,37895223.832868
2020-08-12,197.437,202.233,196.919,201.189,29156021.409209
2020-08-13,201.413,203.278,200.193,200.729,23486788.625222
2020-08-14,200.767,201.559,199.596,200.905,18672813.5185
2020-08-17,201.569,203.122,200.914,202.233,20987110.215834
2020-08-18,202.476,204.243,201.209,203.415,22184290.362501
2020-08-19,203.914,204.492,201.727,202.166,28656498.530772
2020-08-20,202.007,207.285,201.393,206.871,27986355.349049
2020-08-21,206.169,208.485,205.2,205.368,37599358.842652
2020-08-24,207.078,207.791,204.811,206.004,26408363.004025
2020-08-25,205.448,208.827,205.448,208.688,23901916.13345
2020-08-26,210.067,214.119,209.56,213.202,41075688.012699
2020-08-27,214.902,222.854,211.522,218.445,59747483.856051
2020-08-28,219.991,222.353,218.445,220.703,27272126.561722
2020-08-31,218.856,220.498,216.25,217.421,29845795.278388
2020-09-01,217.401,219.297,216.367,219.121,26751783.319245
2020-09-02,219.784,224.504,219.198,223.342,35350116.568583
2020-09-03,221.037,221.075,207.245,209.502,60575301.16171
2020-09-04,207.38,210.517,197.818,206.551,61886150.708334
2020-09-08,199.097,202.486,194.946,195.395,54895400.193552
2020-09-09,200.144,207.126,199.292,203.716,47380218.330785
2020-09-10,205.73,207.029,196.773,197.995,36782213.816435
2020-09-11,199.771,201.13,194.018,196.696,34872190.108275
2020-09-14,196.9,201.677,196.696,198.034,31507057.817575
2020-09-15,200.924,202.243,199.518,201.267,22636735.015148
2020-09-16,203.063,203.092,197.292,197.681,27354656.535426
2020-09-17,192.867,196.988,192.779,195.621,35277944.562177
2020-09-18,195.533,196.324,189.204,193.198,57282092.089628
2020-09-21,190.122,195.445,189.33,195.279,41323413.077799
2020-09-22,197.691,200.632,194.829,199.967,34765346.503314
2020-09-23,200.436,200.632,192.848,193.395,31951010.923244
2020-09-24,192.671,198.189,192.036,195.884,32364574.037479
2020-09-25,196.227,201.52,195.279,200.357,30533650.512526
2020-09-28,203.317,204.94,200.592,201.91,33196900.237868
2020-09-29,201.824,202.526,199.402,199.811,25375607.013754
2020-09-30,200.269,204.373,199.136,202.781,35088989.725096
2020-10-01,205.816,206.295,203.746,204.841,28169882.926601
2020-10-02,200.535,203.425,198.159,198.794,34389571.489805
2020-10-05,199.791,202.858,199.567,202.828,22126014.638605
2020-10-06,201.305,202.634,197.466,198.522,29617710.115107
2020-10-07,199.644,202.566,199.312,202.293,26637497.580815
2020-10-08,202.957,203.62,200.827,203.023,20667938.007513
2020-10-09,203.659,208.122,203.659,208.075,27443427.704017
2020-10-12,210.927,215.831,209.023,213.448,41968278.191655
2020-10-13,214.735,217.108,212.497,214.873,30029063.829972
2020-10-14,215,216.162,211.258,212.917,24325129.756705
2020-10-15,209.304,212.431,208.249,211.776,23579715.471312
2020-10-16,212.255,214.315,211.444,211.776,27028360.601055
2020-10-19,212.487,214.325,206.034,206.522,28654715.039715
2020-10-20,208.065,209.57,205.438,206.94,23600924.886214
2020-10-21,205.466,209.127,205.466,207.087,23571253.615059
2020-10-22,206.237,208.288,204.097,207.176,23183890.004944
2020-10-23,207.313,208.513,205.496,208.466,19582744.103916
2020-10-26,206.159,208.563,200.632,202.536,38493713.060123
2020-10-27,204.004,206.96,202.781,205.584,38067160.766178
2020-10-28,200.212,201.324,194.849,195.415,53102279.102777
2020-10-29,196.734,199.907,196.05,197.37,32603212.717307
2020-10-30,196.178,196.948,192.446,195.211,38357369.16162
2020-11-02,196.948,197.906,192.935,195.075,31990823.112272
2020-11-03,196.558,200.651,195.815,199.032,28536666.76992
2020-11-04,206.325,210.479,204.791,208.61,43887602.263061
2020-11-05,214.071,216.064,213.202,215.282,37423874.379769
2020-11-06,214.286,216.298,210.202,215.701,26171610.197058
2020-11-09,216.377,219.932,210.067,210.544,46048359.013778
2020-11-10,206.796,208.717,202.186,203.445,45685499.465078
2020-11-11,204.771,210.212,204.588,208.767,30537256.399728
2020-11-12,209.413,211.239,206.757,207.714,22421168.07527
2020-11-13,208.591,209.615,206.463,208.727,19324158.37685
2020-11-16,207.156,209.932,206.815,209.433,25882685.669462
2020-11-17,208.338,209.872,206.384,206.757,25053687.901582
2020-11-18,206.512,207.995,203.904,204.034,29352635.429186
2020-11-19,204.323,205.906,202.928,205.33,25648956.197225
2020-11-20,205.125,206.149,202.996,203.376,23631999.811931
2020-11-23,203.924,205.2,201.199,203.102,26570479.474516
2020-11-24,202.595,207.097,201.882,206.717,35153211.784278
2020-11-25,207.937,208.113,205.368,206.727,21738561.956319
2020-11-27,207.684,209.051,206.891,208.055,15013387.798304
2020-11-30,206.95,207.595,203.804,206.921,34206634.655273
2020-12-01,207.351,210.076,206.218,208.993,31999522.494315
2020-12-02,207.714,208.269,205.691,208.182,24543827.532209
2020-12-03,207.448,209.156,206.512,207.087,25988466.551278
2020-12-04,207.068,208.192,206.054,207.205,25517873.699725
2020-12-07,207.215,208.338,205.866,207.136,25452748.633016
2020-12-08,206.825,209.664,205.777,208.797,24071774.716102
2020-12-09,207.985,208.045,204.166,204.732,33539552.689544
2020-12-10,204.702,205.955,203.347,203.504,27380838.634639
2020-12-11,203.043,206.188,202.126,206.131,32049306.671234
2020-12-14,205.866,208.993,205.767,207.048,29792922.242387
2020-12-15,207.985,208.222,205.152,206.98,27951168.77001
2020-12-16,207.585,212.753,207.556,211.962,36232771.617098
2020-12-17,212.517,213.514,210.643,212.097,33638707.420885
2020-12-18,211.286,212.363,208.807,211.286,65542866.38213
2020-12-21,210.292,216.523,210.038,215.164,38465951.209646
2020-12-22,215.262,218.094,214.453,216.463,23425380.018066
2020-12-23,215.672,216.092,213.428,213.641,19345425.125565
2020-12-24,214.032,216.142,213.817,215.322,10914932.513484
2020-12-28,216.943,218.485,215.585,217.441,18552823.065849
2020-12-29,218.759,219.609,216.112,216.65,18004227.564045
2020-12-30,217.705,218.094,214.08,214.286,20972435.8316
2020-12-31,214.305,215.567,212.353,215,21665363.060399
2021-01-04,215.107,215.567,207.644,210.429,38412417.810996
2021-01-05,210.019,211.221,208.495,210.623,24645671.833589
2021-01-06,205.096,209.266,204.871,205.161,37171507.323591
2021-01-07,206.891,212.021,206.57,210.996,28650901.317446
2021-01-08,211.376,213.212,209.793,212.294,23748991.501489
2021-01-11,211.171,211.6,209.502,210.232,23842951.38
2021-01-12,209.276,209.862,206.188,207.762,24052245.386634
2021-01-13,206.871,209.532,206.786,209.119,20780782.210116
2021-01-14,208.698,210.202,205.633,205.896,30360217.781032
2021-01-15,206.384,207.351,204.96,205.545,32842869.072288
2021-01-19,206.608,209.743,205.525,209.216,31533508.157119
2021-01-20,210.439,218.253,210.047,216.835,39081888.344256
2021-01-21,217.187,218.749,215,217.451,31811479.879125
2021-01-22,219.514,222.382,218.262,218.407,31214667.665849
2021-01-25,221.456,222.1,216.719,221.855,34296992.741854
2021-01-26,224.131,226.357,222.392,224.58,50867657.974403
2021-01-27,230.051,232.414,222.452,225.116,72283601.550816
2021-01-28,227.745,234.533,227.236,230.959,50807198.446588
2021-01-29,228.117,230.069,223.632,224.23,43970971.767576
2021-02-01,227.207,234.399,224.677,231.653,34464689.020765
2021-02-02,233.254,234.21,230.724,231.516,26811350.077714
2021-02-03,231.574,236.916,231.273,234.887,28096003.191673
2021-02-04,234.553,235.119,232.344,233.92,26169692.585836
2021-02-05,234.132,235.158,232.394,234.104,18678268.421118
2021-02-08,235.032,235.551,232.775,234.369,22979012.749415
2021-02-09,233.791,236.594,233.333,235.636,24378762.465707
2021-02-10,236.831,237.699,232.853,234.71,22952916.65092
2021-02-11,236.614,236.975,234.056,236.332,16295016.55372
2021-02-12,235.795,237.113,234.621,236.821,17133010.610881
2021-02-16,236.831,237.905,234.807,235.569,27651548.415156
2021-02-17,233.801,236.703,233.43,236.594,22370061.125418
2021-02-18,234.26,236.332,233.362,236.203,17469845.728349
2021-02-19,236.164,236.272,232.697,233.46,26074980.201051
2021-02-22,230.022,230.521,225.156,227.197,37618976.220474
2021-02-23,223.145,227.512,221.602,226.008,31141852.701702
2021-02-24,222.844,227.871,221.855,227.236,27186764.707265
2021-02-25,224.855,227.266,220.791,221.845,40813810.710576
2021-02-26,224.317,228.04,222.382,225.136,39035396.766213
2021-03-01,228.557,230.069,225.889,229.551,26147475.733963
2021-03-02,229.619,229.905,226.174,226.575,23546049.262091
2021-03-03,224.924,226.299,220.185,220.478,35123829.229812
2021-03-04,219.666,225.245,217.267,219.666,46166117.543062
2021-03-05,222.362,226.008,219.415,224.386,43219290.691845
2021-03-08,224.171,226.106,220.06,220.312,36401552.119333
2021-03-09,225.626,228.05,224.455,226.486,34144316.89768
2021-03-10,229.609,229.609,224.815,225.176,30703394.427555
2021-03-11,227.638,231.722,227.005,229.738,30869336.906132
2021-03-12,226.711,228.479,225.968,228.41,23382145.205268
2021-03-15,227.638,227.851,224.59,227.492,26880135.293981
2021-03-16,228.929,232.571,228.593,230.305,28995569.66688
2021-03-17,228.802,231.125,225.968,229.649,30512741.076314
2021-03-18,225.314,226.885,223.154,223.535,35973010.546902
2021-03-19,223.831,225.235,222.199,223.174,47923823.743371
2021-03-22,223.095,229.512,222.969,228.642,31095811.603607
2021-03-23,230.089,233.538,229.679,230.176,32655784.7508
2021-03-24,230.441,230.586,227.991,228.126,26444004.158281
2021-03-25,227.971,229.551,224.366,225.096,35157196.484161
2021-03-26,224.346,229.329,224.346,229.112,26299219.903703
2021-03-29,229.21,229.417,224.658,227.911,26038705.303415
2021-03-30,226.249,226.556,223.908,224.63,25589259.413863
2021-03-31,225.655,231.653,225.146,228.43,45026290.660222
2021-04-01,231.047,235.276,230.634,234.797,31313573.609402
2021-04-05,235.197,242.172,235.138,241.322,38097560.995793
2021-04-06,239.896,241.636,239.184,240.139,23669354.837616
2021-04-07,240.091,243.11,239.485,242.114,23450447.179414
2021-04-08,244.898,246.225,244.145,245.366,24384922.778966
2021-04-09,244.994,248.004,244.573,247.876,25109122.530365
2021-04-12,246.771,249.644,246.683,247.935,28021700.619887
2021-04-13,249.234,251.119,248.823,250.436,24604021.891146
2021-04-14,249.448,250.766,247.211,247.632,23812840.890896
2021-04-15,249.897,251.832,249.703,251.423,26451595.769185
2021-04-16,251.393,252.868,249.575,252.621,25678614.158746
2021-04-19,252.086,253.326,249.791,250.679,23955610.271535
2021-04-20,249.791,252.096,248.833,250.221,20357112.987825
2021-04-21,250.874,252.565,249.234,252.468,24803139.146277
2021-04-22,252.105,253.619,247.682,249.155,26429581.63329
2021-04-23,249.849,253.355,249.253,253.013,22190648.272644
2021-04-26,253.503,254.255,252.067,253.395,20398884.764616
2021-04-27,253.424,254.986,252.018,253.805,32011551.332685
2021-04-28,248.091,248.541,245.072,246.626,48411403.784154
2021-04-29,247.506,248.111,241.252,244.643,41894263.312744
2021-04-30,241.958,245.2,241.82,244.322,31940212.714179
2021-05-03,245.513,246.431,243.287,244.007,20257708.444877
2021-05-04,243.15,243.372,238.098,240.071,33809403.486708
2021-05-05,241.312,241.731,238.157,238.784,22605616.065257
2021-05-06,238.764,242.075,237.073,241.948,27342970.676106
2021-05-07,244.292,246.381,243.334,244.593,27902221.052447
2021-05-10,243.051,243.881,239.418,239.476,30242099.891608
2021-05-11,236.936,238.91,235.013,238.547,34723417.058541
2021-05-12,234.621,236.771,230.654,231.556,37864045.501529
2021-05-13,234.26,237.942,233.891,235.464,30576940.611499
2021-05-14,237.922,241.42,237.835,240.423,24669679.343246
2021-05-17,238.862,238.9,235.942,237.543,25773144.303916
2021-05-18,238.586,238.725,235.335,235.511,20816525.746179
2021-05-19,232.384,236.203,231.702,236.096,26506328.058781
2021-05-20,236.906,240.784,236.811,239.35,22449932.243627
2021-05-21,240.404,241.156,237.659,238.078,22514131.778811
2021-05-24,240.619,243.891,240.356,243.52,22049174.02185
2021-05-25,244.485,245.445,243.557,244.437,18231529.506511
2021-05-26,244.155,245.629,243.492,244.214,18300830.727081
2021-05-27,243.901,244.204,242.046,242.105,25153647.353917
2021-05-28,243.736,244.79,242.347,242.455,18819163.190891
2021-06-01,243.958,244.016,239.818,240.248,23904593.417673
2021-06-02,240.952,242.065,238.725,240.149,19984629.549374
2021-06-03,238.127,239.213,235.98,238.596,26061364.444688
2021-06-04,240.599,244.371,240.356,243.529,26033954.787623
2021-06-07,242.749,246.741,242.583,246.481,23766455.789933
2021-06-08,247.778,248.6,245.21,245.268,23123698.717459
2021-06-09,246.481,248.131,245.894,246.264,18471810.390508
2021-06-10,246.761,250.015,246.341,249.801,25295114.437984
2021-06-11,250.524,251.013,249.184,250.436,19565535.769987
2021-06-14,250.446,252.438,249.371,252.38,19720801.873848
2021-06-15,252.27,252.477,250.231,250.894,18576123.117228
2021-06-16,251.901,253.043,247.066,249.936,28030555.622276
2021-06-17,248.659,254.176,248.6,253.346,28386427.612726
2021-06-18,252.125,254.713,251.274,251.931,38310084.124583
2021-06-21,252.31,255.905,250.466,255.034,27491118.173007
2021-06-22,255.123,258.103,254.811,257.829,25429469.057999
2021-06-23,258.299,259.108,256.782,257.604,20099940.12968
2021-06-24,258.455,260.103,257.79,258.97,22085546.182201
2021-06-25,258.521,259.519,257.105,257.36,26373801.977818
2021-06-28,258.484,261.129,258.219,260.955,20173407.265932
2021-06-29,261.09,263.786,260.232,263.553,20531551.108652
2021-06-30,262.858,263.514,261.814,263.064,22301377.267138
2021-07-01,261.814,263.973,261.804,263.739,17223397.364369
2021-07-02,264.93,269.96,264.616,269.62,27262805.722116
2021-07-06,269.99,271.298,266.377,269.63,32505570.16524
2021-07-07,271.328,272.577,269.132,271.835,23952705.699703
2021-07-08,268.894,270.673,266.914,269.392,25351723.386081
2021-07-09,267.743,270.01,267.353,269.902,24628893.503243
2021-07-12,271.083,271.678,268.584,269.294,19495473.8526
2021-07-13,269.492,274.668,269.363,272.852,26897974.299836
2021-07-14,274.191,275.46,272.432,274.345,23801977.157477
2021-07-15,273.849,274.345,271.738,272.901,23277372.784241
2021-07-16,273.915,275.889,271.387,272.626,26966681.705931
2021-07-19,270.869,272.255,266.522,269.003,33916443.664738
2021-07-20,269.99,272.842,268.271,271.249,27041745.998354
2021-07-21,270.839,273.38,269.265,273.261,25089879.869954
2021-07-22,275.633,278.135,275.225,277.861,24080425.978697
2021-07-23,279.063,281.601,278.213,281.291,23446094.928846
2021-07-26,280.644,281.311,278.35,280.694,23866247.336106
2021-07-27,281.063,281.193,274.766,278.252,34604789.307725
2021-07-28,280.634,281.759,275.623,277.941,34566459.607247
2021-07-29,277.961,280.275,277.803,278.213,18709338.227742
2021-07-30,276.926,278.37,275.703,276.668,21568575.39641
2021-08-02,278.076,278.487,275.537,276.582,16751791.956754
2021-08-03,277.158,278.927,275.792,278.818,18411478.839948
2021-08-04,277.941,279.279,276.417,278.223,16673471.922907
2021-08-05,278.585,281.251,277.822,281.143,14314107.778451
2021-08-06,280.158,281.123,279.309,281.083,17083359.53031
2021-08-09,281.37,283.116,279.492,279.991,16597605.980944
2021-08-10,280.452,280.891,276.955,278.154,19170972.671284
2021-08-11,278.907,280.314,277.588,278.652,14371535.780995
2021-08-12,278.34,281.581,278.057,281.427,15004292.198672
2021-08-13,281.103,284.435,280.941,284.385,18792495.801918
2021-08-16,284.718,286.293,281.631,286.076,23186545.788988
2021-08-17,283.938,284.952,282.657,284.612,20673082.693258
2021-08-18,284.143,286.839,282.414,282.863,22419646.681634
2021-08-19,280.891,289.426,280.833,288.743,30680660.547562
2021-08-20,291.604,297.563,290.004,296.116,41952864.610783
2021-08-23,295.042,297.131,293.684,296.4,23465108.254013
2021-08-24,296.762,297.378,293.831,294.438,18681278.44621
2021-08-25,296.057,296.342,292.289,293.841,20562464.271114
2021-08-26,292.843,294.251,290.852,290.988,18157412.245794
2021-08-27,290.892,292.728,288.801,291.604,23234434.878681
2021-08-30,292.973,295.98,292.913,295.376,16802744.310078
2021-08-31,296.175,296.254,293.342,293.714,27016385.001223
2021-09-01,294.67,296.928,293.333,293.666,19511803.750635
2021-09-02,294.028,295.159,292.053,293.002,16743617.793375
2021-09-03,292.823,294.418,292.132,292.993,15161881.345709
2021-09-07,292.863,292.943,290.139,292.053,17662006.139772
2021-09-08,291.664,292.473,289.416,292.082,15465300.065562
2021-09-09,292.68,293.969,288.968,289.212,20481207.927073
2021-09-10,290.344,291.8,287.385,287.708,20179404.792118
2021-09-13,289.506,290.462,286.113,288.958,24310784.018068
2021-09-14,291.448,293.234,290.041,291.674,22461219.837722
2021-09-15,295.062,297.055,293.656,296.565,29144948.816905
2021-09-16,295.539,297.045,292.622,296.958,20094560.989601
2021-09-17,295.932,296.254,291.42,291.75,42523105.673983
2021-09-20,288.312,290.629,281.681,286.332,39343266.023167
2021-09-21,287.688,289.496,286.103,286.82,22986092.45129
2021-09-22,288.694,292.092,286.534,290.501,27366872.732503
2021-09-23,290.755,292.758,289.486,291.448,19122031.096628
2021-09-24,290.169,291.683,288.899,291.243,15416129.15566
2021-09-27,288.128,288.45,285.021,286.203,24227318.274658
2021-09-28,281.954,282.912,275.097,275.85,44387330.928927
2021-09-29,277.384,279.014,275.351,276.319,27086643.491676
2021-09-30,277.981,280.039,274.003,274.296,33243174.76648
2021-10-01,274.493,282.13,273.681,281.271,30923038.210943
2021-10-04,279.63,279.962,272.665,275.451,32222672.854554
2021-10-05,276.358,282.541,276.358,280.951,25688129.523783
2021-10-06,278.048,285.686,277.783,285.178,28781365.428838
2021-10-07,287.19,288.615,285.96,286.869,20998682.431351
2021-10-08,288.204,288.615,285.804,286.869,18177574.294822
2021-10-11,285.002,289.915,284.826,286.263,19835367.114607
2021-10-12,287.346,287.444,284.445,284.962,18474039.24242
2021-10-13,286.925,289.24,285.548,288.292,24075492.199473
2021-10-14,291.106,295.072,289.778,294.564,28021137.519954
2021-10-15,294.162,296.205,292.385,295.97,26090804.332965
2021-10-18,295.356,299.877,294.506,298.981,23361442.580305
2021-10-19,299.996,300.933,298.911,299.897,18173914.145263
2021-10-20,300.845,301.314,297.826,299.095,16996997.405611
2021-10-21,298.861,302.601,298.07,302.35,17388626.241758
2021-10-22,301.998,302.67,299.478,300.795,17934632.507693
2021-10-25,300.992,301.02,298.17,299.799,18042693.432325
2021-10-26,302.582,303.94,300.239,301.714,28889069.040969
2021-10-27,307.447,317.273,307.447,314.422,54051284.728217
2021-10-28,315.544,316.081,312.664,315.574,27029340.394936
2021-10-29,315.36,323.017,315.133,322.644,35732891.426159
2021-11-01,322.391,322.519,317.537,320.458,27826140.108691
2021-11-02,321.375,324.425,321.072,324.11,27223767.539541
2021-11-03,324.863,325.841,321.708,324.961,22098040.857789
2021-11-04,323.877,327.441,320.594,327.343,24659471.877201
2021-11-05,329.347,329.619,325.371,326.972,23197817.001994
2021-11-08,328.174,328.504,325.391,327.871,21478187.619105
2021-11-09,327.988,329.55,325.478,326.865,21899969.944714
2021-11-10,325.517,325.575,320.995,321.854,26210169.232783
2021-11-11,322.294,324.745,321.57,323.439,17318471.156928
2021-11-12,324.883,328.104,324.754,327.617,24493837.56786
2021-11-15,328.397,328.73,324.989,326.982,17188108.403524
2021-11-16,326.601,331.456,326.434,330.322,21467736.484363
2021-11-17,330.371,333.536,329.452,330.548,19547529.88179
2021-11-18,329.629,333.79,328.594,332.646,23046125.046976
2021-11-19,333.974,336.377,333.545,334.433,22533024.293445
2021-11-22,335.909,340.832,330.969,331.24,31835905.106549
2021-11-23,328.524,330.869,325.126,329.141,31216701.992332
2021-11-24,327.783,329.61,325.468,329.366,22223093.066923
2021-11-26,325.897,329.385,319.822,321.347,24845316.355019
2021-11-29,326.474,330.459,326.278,328.124,29304275.383188
2021-11-30,326.845,329.239,320.672,322.235,43997848.015431
2021-12-01,326.66,330.704,321.062,321.736,34267405.423778
2021-12-02,321.952,325.058,319.52,321.161,31563896.100917
2021-12-03,323.591,324.286,309.987,314.841,42862824.886921
2021-12-06,315.76,319.167,311.16,317.948,30811450.233098
2021-12-07,323.261,327.313,321.756,326.454,31826490.075681
2021-12-08,326.835,327.02,322.44,326.503,25403164.100619
2021-12-09,325.956,327.979,323.72,324.678,22790282.12849
2021-12-10,326.513,334.327,326.328,333.878,39083705.621309
2021-12-13,332.071,335.099,330.508,330.821,29648937.589713
2021-12-14,324.794,326.181,315.916,320.038,45591217.083878
2021-12-15,320.302,326.717,316.297,326.191,36298732.119343
2021-12-16,327.227,328.252,314.85,316.688,35943460.086276
2021-12-17,312.769,316.708,309.235,315.613,49228171.021506
2021-12-20,311.96,314.636,309.536,311.822,29061181.047166
2021-12-21,315.113,319.443,311.716,319.011,25382244.426228
2021-12-22,319.998,325.174,317.518,324.774,25475497.870278
2021-12-23,324.335,327.891,324.315,326.231,20126637.209376
2021-12-27,326.982,333.82,326.953,333.79,20464354.858011
2021-12-28,334.473,335.119,331.719,332.626,16067647.039261
2021-12-29,332.676,335.598,331.094,333.302,15432068.979015
2021-12-30,333.263,334.453,330.254,330.743,16409287.958696
2021-12-31,329.951,330.772,327.363,327.822,18467647.54628
2022-01-03,326.875,329.452,321.444,326.288,29668002.105783
2022-01-04,326.367,326.727,317.879,320.692,33521714.707509
2022-01-05,317.624,317.831,307.995,308.386,41093135.920054
2022-01-06,305.231,310.641,303.618,305.942,40674370.786264
2022-01-07,306.209,308.502,302.251,306.1,33568611.717502
2022-01-10,301.664,306.764,296.986,306.324,45438114.307575
2022-01-11,305.453,308.608,302.053,307.018,30148920.162457
2022-01-12,311.589,315.231,309.067,310.221,35263660.252624
2022-01-13,312.359,312.769,296.314,297.093,46542545.752494
2022-01-14,296.556,302.964,296.067,302.36,40879830.594267
2022-01-18,296.382,301.969,294.115,295.004,43534640.987353
2022-01-19,298.55,305.972,295.052,295.657,47125149.418751
2022-01-20,301.255,303.775,293.53,293.979,36298273.448853
2022-01-21,295.033,296.42,288.138,288.547,59488228.551975
2022-01-24,284.816,289.602,269.072,288.88,88266721.147341
2022-01-25,284.153,287.53,277.961,281.193,74737967.820567
2022-01-26,300.2,300.698,285.627,289.212,92774126.222225
2022-01-27,295.013,299.535,290.404,292.26,54868355.015715
2022-01-28,292.641,300.678,287.004,300.464,51033801.12132
2022-01-31,301.136,304.489,298.629,303.12,47649075.000614
2022-02-01,302.562,302.779,297.417,300.952,42012444.678886
2022-02-02,301.804,307.154,301.069,305.532,37586143.399152
2022-02-03,301.664,303.366,292.376,293.636,44864108.665373
2022-02-04,292.622,300.992,292.385,298.207,36006715.661209
2022-02-07,298.432,300.053,292.319,293.342,29273296.696369
2022-02-08,293.636,297.836,292.366,296.861,33262031.447484
2022-02-09,302.035,304.048,299.624,303.346,32096038.846519
2022-02-10,296.352,301.304,293.1,294.74,46563290.353996
2022-02-11,295.52,296.594,286.782,287.58,40191639.547807
2022-02-14,286.341,289.26,283.987,287.54,37302471.058196
2022-02-15,292.424,293.195,289.515,292.873,28089575.6619
2022-02-16,291.423,293.871,286.849,292.532,30696236.915507
2022-02-17,289.466,289.895,283.254,283.967,33234751.815313
2022-02-18,286.233,287.023,279.645,281.232,35080110.151073
2022-02-22,278.37,284.757,277.881,281.023,42730190.281244
2022-02-23,283.429,284.913,273.583,273.751,38711755.592068
2022-02-24,266.17,288.292,265.203,287.736,58347069.681839
2022-02-25,288.273,290.706,284.87,290.394,33321920.708641
2022-02-28,287.464,292.182,286.183,291.84,35452215.800661
2022-03-01,289.506,292.993,285.353,288.088,31961324.866366
2022-03-02,288.49,294.457,286.867,293.205,32632160.149097
2022-03-03,295.845,296.077,287.21,289.035,27965046.623794
2022-03-04,287.444,288.781,280.485,283.116,33140637.340274
2022-03-07,281.819,282.951,272.05,272.423,44185098.195445
2022-03-08,271.337,277.355,263.72,269.432,49306540.198621
2022-03-09,276.846,282.863,274.248,281.789,36042982.368299
2022-03-10,276.436,279.932,274.052,278.946,31357511.785206
2022-03-11,281.261,282.775,272.93,273.553,27857403.41693
2022-03-14,273.819,278.761,269.402,270.01,31391026.469355
2022-03-15,273.829,281.123,272.24,280.47,35060736.44195
2022-03-16,282.384,287.718,276.612,287.54,38727278.721472
2022-03-17,286.466,288.733,282.637,288.352,31550625.37124
2022-03-18,288.499,293.999,285.92,293.441,44424105.449774
2022-03-21,291.936,293.159,288.039,292.2,29026516.615338
2022-03-22,292.823,297.904,291.82,296.986,28257060.010474
2022-03-23,293.52,296.175,290.793,292.522,26327867.356802
2022-03-24,292.182,297.121,291.375,297.025,25067628.208268
2022-03-25,298.13,298.392,292.324,296.613,23103942.100383
2022-03-28,297.251,303.568,297.251,303.472,30282683.015634
2022-03-29,306.608,308.473,301.86,308.073,31117314.854291
2022-03-30,306.461,308.599,304.332,306.559,28834356.203916
2022-03-31,306.598,307.809,300.728,301.136,34218118.822437
2022-04-01,302.172,302.917,298.432,302.222,27756249.16892
2022-04-04,302.877,307.779,302.503,307.642,24915501.130573
2022-04-05,305.982,307.54,302.66,303.647,23708267.090571
2022-04-06,298.09,299.858,289.808,292.532,41065723.191535
2022-04-07,289.758,296.584,289.456,294.359,32159307.731088
2022-04-08,293.451,294.115,289.387,290.061,24942170.567183
2022-04-11,285.002,285.804,278.37,278.623,35392636.756376
2022-04-12,282.507,283.976,273.964,275.499,31704288.176023
2022-04-13,276.152,281.868,274.756,280.931,22428962.40215
2022-04-14,281.39,281.596,272.823,273.321,28893790.889855
2022-04-18,272.423,275.889,271.865,273.993,21272891.621991
2022-04-19,272.882,279.512,271.934,278.662,22828808.402035
2022-04-20,282.666,282.96,278.732,279.699,23452259.337377
2022-04-21,281.868,286.476,273.543,274.276,30156138.079772
2022-04-22,275.126,276.612,267.02,267.654,30106187.020509
2022-04-25,266.932,274.571,264.47,274.191,36528652.988403
2022-04-26,271.045,271.885,263.72,263.933,47626424.049885
2022-04-27,275.537,284.2,272.665,276.631,64989609.436705
2022-04-28,278.55,284.21,274.909,282.893,34447965.976596
2022-04-29,281.897,283.135,270.068,271.065,37956951.871258
2022-05-02,271.249,278.31,269.793,277.852,35988336.07942
2022-05-03,277.355,277.522,273.632,275.225,26597364.936735
2022-05-04,276.017,284.114,270.292,283.234,34399590.573326
2022-05-05,278.898,279.689,267.958,270.899,44290764.409639
2022-05-06,268.41,272.753,264.959,268.338,38680175.924049
2022-05-09,263.776,266.023,257.194,258.425,48862691.522395
2022-05-10,265.371,267.383,258.904,263.23,40273341.252704
2022-05-11,259.499,265.046,253.268,254.489,50142408.809493
2022-05-12,251.693,253.834,244.204,249.41,52249328.087598
2022-05-13,251.364,256.922,249.41,255.043,35756940.912357
2022-05-16,253.907,259.635,249.829,255.416,33326233.030304
2022-05-17,259.92,262.086,256.354,260.611,29515445.024504
2022-05-18,257.48,258.067,247.466,248.746,32028227.515966
2022-05-19,248.571,252.26,246.594,247.826,33393177.539313
2022-05-20,251.841,253.112,241.266,247.258,40039674.284633
2022-05-23,250.128,256.012,248.111,255.179,33886627.594075
2022-05-24,252.478,255.844,248.18,254.171,29666577.696854
2022-05-25,252.721,259.026,251.727,257.011,29159987.850159
2022-05-26,256.765,261.505,255.944,260.32,25538126.367839
2022-05-27,262.845,267.601,261.945,267.506,27487748.103147
2022-05-31,266.81,269.003,263.285,266.163,38638684.827302
2022-06-01,269.418,271.862,264.372,266.702,25834414.171502
2022-06-02,258.9,268.884,256.109,268.815,44951703.173165
2022-06-03,264.636,267.711,262.775,264.352,28660515.390761
2022-06-06,266.351,268.424,261.611,263.11,22880584.041977
2022-06-07,261.038,267.397,260.36,266.781,23350788.186849
2022-06-08,266.006,267.269,263.951,264.736,17744787.479422
2022-06-09,262.159,266.985,259.074,259.233,27006570.638564
2022-06-10,255.11,255.11,247.229,247.681,32120009.943203
2022-06-13,239.967,243.799,236.461,237.176,47124895.444757
2022-06-14,238.742,240.582,236.442,239.359,29265747.649349
2022-06-15,243.098,249.941,241.246,246.477,33821612.998572
2022-06-16,240.816,242.224,237.918,239.829,33880275.264626
2022-06-17,239.563,245.243,238.908,242.452,44008476.733082
2022-06-21,245.002,249.403,244.274,248.414,30569931.242199
2022-06-22,246.604,251.772,245.115,247.816,26517798.77465
2022-06-23,250.206,253.926,248.306,253.427,26415893.886432
2022-06-24,256.312,262.356,256.226,262.08,34650512.830156
2022-06-27,262.576,262.67,257.753,259.33,25142838.648617
2022-06-28,258.44,261.307,250.941,251.097,27967253.472004
2022-06-29,252.183,256.473,250.392,254.797,20500117.272694
2022-06-30,251.654,254.081,247.592,251.44,32411147.651177
2022-07-01,251.011,254.319,249.266,254.131,23327310.410296
2022-07-05,250.783,257.462,249.393,257.333,23464123.99947
2022-07-06,258.213,262.365,256.893,260.621,24335191.899336
2022-07-07,259.554,263.406,259.457,262.765,21307089.872201
2022-07-08,259.233,262.473,257.758,262.042,20080215.936694
2022-07-11,260.073,260.936,256.676,258.957,19937579.123498
2022-07-12,260.3,260.36,246.748,248.345,36637435.476674
2022-07-13,244.939,248.228,242.901,247.416,30129819.713165
2022-07-14,245.31,249.783,240.778,248.746,25641003.666032
2022-07-15,250.352,254.905,249.426,251.332,30412377.333123
2022-07-18,254.299,255.367,247.984,248.913,21424718.793148
2022-07-19,252.168,254.27,248.355,254.081,25548807.555981
2022-07-20,254.444,259.311,253.476,256.765,23276841.106858
2022-07-21,254.338,259.33,251.634,259.283,22885009.937378
2022-07-22,259.673,259.762,253.631,254.896,22350404.060432
2022-07-25,255.518,256.012,251.421,253.398,21507418.584354
2022-07-26,254.406,254.426,244.333,246.613,40191539.799641
2022-07-27,255.68,264.382,253.417,263.1,46980117.695314
2022-07-28,264.089,272.009,262.247,270.61,34176663.169316
2022-07-29,271.872,276.08,270.823,274.848,32842076.443156
2022-08-01,271.99,275.376,270.05,272.173,22001368.122812
2022-08-02,270.206,272.057,266.662,269.052,23242012.078146
2022-08-03,270.952,277.549,270.803,276.542,24023096.304944
2022-08-04,275.885,277.843,274.286,277.696,18486686.239961
2022-08-05,273.291,277.696,272.831,276.974,17134237.609142
2022-08-08,278.088,279.918,273.458,274.436,19159967.78947
2022-08-09,273.772,277.137,271.783,276.375,23907024.057109
2022-08-10,282.121,283.727,280.919,283.091,25217128.93213
2022-08-11,284.744,285.097,280.496,280.995,20496132.638961
2022-08-12,282.425,285.784,280.919,285.784,23104619.33303
2022-08-15,284.892,288.006,284.021,287.31,18473393.23217
2022-08-16,285.861,287.868,284.325,286.565,18490990.584116
2022-08-17,284.26,287.803,283.997,285.811,18605200.626273
2022-08-18,284.701,286.39,283.614,284.684,17517464.466628
2022-08-19,283.436,283.778,280.16,280.739,20966530.698299
2022-08-22,276.744,277.118,271.979,272.498,25544134.687934
2022-08-23,271.211,273.586,270.193,271.211,17865258.595363
2022-08-24,270.201,271.988,269.908,270.575,18486619.133725
2022-08-25,272.085,273.744,269.328,273.576,16903060.483563
2022-08-26,273.803,275.039,262.912,263.021,28080333.703518
2022-08-29,260.824,262.344,258.862,260.215,20730579.631774
2022-08-30,261.626,262.002,255.729,257.997,23205917.707174
2022-08-31,260.372,262.059,256.389,256.527,25269709.029059
2022-09-01,253.975,255.958,250.579,255.476,23711845.295011
2022-09-02,256.746,259.734,249.657,251.216,23295928.907421
2022-09-06,251.356,252.955,247.175,248.461,21739354.556882
2022-09-07,249.883,253.935,248.431,253.21,24591754.237763
2022-09-08,252.639,255.506,249.972,253.63,20711587.471357
2022-09-09,255.573,260.215,255.369,259.458,22519047.313068
2022-09-12,260.754,262.392,260.145,261.608,19109061.123392
2022-09-13,253.945,255.476,246.831,247.224,33996219.925226
2022-09-14,248.735,249.423,245.134,247.451,24373888.176456
2022-09-15,245.046,246.646,239.406,240.739,32138722.82988
2022-09-16,239.64,240.661,237.484,240.11,40558774.276717
2022-09-19,237.881,240.505,236.295,239.896,27344033.543974
2022-09-20,237.487,238.905,235.107,237.866,27174189.628638
2022-09-21,239.65,242.977,234.384,234.433,29177328.961816
2022-09-22,233.372,239.249,233.077,236.424,31659881.469216
2022-09-23,235.01,236.569,230.752,233.42,34834808.458429
2022-09-26,232.562,236.883,232.42,232.96,28228009.395977
2022-09-27,235.443,237.227,230.064,231.94,27539531.604404
2022-09-28,232.331,237.748,230.291,236.511,29589240.615962
2022-09-29,234.344,235.413,229.977,233.01,28014005.369545
2022-09-30,233.783,235.992,228.329,228.496,36382867.78143
2022-10-03,230.958,237.041,230.222,236.186,29437040.359553
2022-10-04,240.455,245.624,240.343,244.174,35560907.708755
2022-10-05,241.338,245.842,239.483,244.486,20739337.246881
2022-10-06,243.242,245.604,241.426,242.123,20630019.949365
2022-10-07,236.346,236.756,228.761,229.811,38497630.013309
2022-10-10,228.641,230.122,222.442,224.916,30316930.955346
2022-10-11,223.316,224.727,219.872,221.148,31061354.740635
2022-10-12,221.138,223.551,219.724,221.482,22326146.366616
2022-10-13,215.691,231.635,214.986,229.811,43372025.624142
2022-10-14,231.085,232.754,224.021,224.238,30780680.922938
2022-10-17,231.36,234.443,230.687,233.038,28684724.324058
2022-10-18,238.639,239.317,230.92,233.991,26837107.066147
2022-10-19,232.558,235.078,229.861,232.009,20370932.348235
2022-10-20,231.311,236.746,230.428,231.685,22231433.248482
2022-10-21,230.301,238.405,230.064,237.542,26806673.538228
2022-10-24,239.15,243.154,236.731,242.575,25391388.099856
2022-10-25,242.585,246.293,241.181,245.921,35445820.292625
2022-10-26,226.796,233.793,225.708,226.946,84278637.85844
2022-10-27,226.671,229.271,221.51,222.462,41203850.298167
2022-10-28,221.961,232.126,221.776,231.409,41431229.257727
2022-10-31,229.341,230.478,226.776,227.74,28903865.499015
2022-11-01,230.163,231.283,223.026,223.857,31181952.360124
2022-11-02,225.119,226.926,215.881,215.936,39147322.333505
2022-11-03,215.926,216.242,209.935,210.197,37340059.211967
2022-11-04,213.438,217.398,209.395,217.204,37498190.632517
2022-11-07,217.793,224.089,217.095,223.561,34143669.338522
2022-11-08,224.375,227.269,221.568,224.541,28735973.496264
2022-11-09,223.07,224.309,220.089,220.264,28389788.803546
2022-11-10,230.977,238.729,230.558,238.385,47159860.299985
2022-11-11,238.395,243.3,237.355,242.437,35287568.597566
2022-11-14,237.41,239.299,234.686,236.981,31723257.981337
2022-11-15,241.016,242.328,235.491,237.395,31995177.241754
2022-11-16,238.871,239.865,236.538,237.827,24488668.283983
2022-11-17,233.941,239.323,233.793,237.778,23503026.01349
2022-11-18,239.577,239.805,235.17,237.325,28066690.356509
2022-11-21,237.532,240.719,237.295,238.141,26827865.171457
2022-11-22,239.656,241.348,236.824,241.075,19988434.089967
2022-11-23,241.148,244.273,240.327,243.581,19828616.663137
2022-11-25,243.317,244.685,242.747,243.494,9351766.4792296
2022-11-28,242.108,242.668,236.912,237.857,25217434.002103
2022-11-29,237.502,238.871,234.365,236.45,18250995.243003
2022-11-30,236.686,251.206,235.988,251.022,48375311.211346
2022-12-01,249.772,251.985,246.864,250.577,26468893.176709
2022-12-02,245.786,251.927,245.658,250.903,21881825.968889
2022-12-05,247.941,249.721,244.053,246.16,23819892.163406
2022-12-06,246.769,247.792,239.845,241.163,22832380.712962
2022-12-07,240.876,242.186,238.296,240.424,20817645.615303
2022-12-08,240.886,244.725,239.135,243.405,22982840.043106
2022-12-09,240.744,244.302,240.218,241.458,20947970.858634
2022-12-12,243.45,248.463,243.179,248.433,31168315.480208
2022-12-13,257.466,259.654,248.984,252.771,42889379.86064
2022-12-14,252.98,258.349,250.204,253.066,35992064.168924
2022-12-15,249.623,250.095,243.346,244.989,36151803.332103
2022-12-16,244.536,245.806,239.577,240.739,87515019.531407
2022-12-19,240.906,241.249,234.857,236.567,30183786.179832
2022-12-20,235.536,238.987,234.569,237.897,25563553.478919
2022-12-21,237.788,241.65,236.233,240.484,24079395.121975
2022-12-22,237.36,238.081,230.092,234.345,29121868.35728
2022-12-23,232.296,235.013,230.164,234.877,21555011.187455
2022-12-27,234.847,235.071,232.024,233.133,16962526.508652
2022-12-28,233.065,235.849,230.39,230.743,17743593.69101
2022-12-29,231.844,238.014,231.844,237.119,20095151.153462
2022-12-30,234.365,236.085,232.838,235.949,22298505.718337
2023-01-03,239.155,241.781,233.566,235.711,26162457.437154
2023-01-04,228.526,229.109,222.311,225.402,51454177.87486
2023-01-05,223.531,223.876,218.179,218.721,40235265.283263
2023-01-06,219.4,222.115,215.809,221.297,44329319.254145
2023-01-09,222.794,227.504,222.755,223.452,27818951.339622
2023-01-10,224.076,227.576,223.659,225.154,27477535.813221
2023-01-11,227.557,232.14,227.378,231.964,29139825.291588
2023-01-12,231.462,236.028,229.789,234.658,27717007.342495
2023-01-13,233.175,235.506,231.127,235.367,21683366.62614
2023-01-17,234.127,237.02,233.262,236.47,30320819.736201
2023-01-18,237.664,238.466,231.718,232.004,30521494.855074
2023-01-19,230.006,231.718,226.956,228.185,29092767.492041
2023-01-20,231.063,236.854,230.723,236.341,35970593.50156
2023-01-23,237.208,241.205,235.781,238.663,32458021.186826
2023-01-24,238.583,240.012,236.557,238.131,40894734.127706
2023-01-25,230.693,239.373,227.172,236.724,67618414.115635
2023-01-26,239.716,244.302,238.091,243.994,34003514.869566
2023-01-27,244.969,245.796,242.843,244.153,26933814.844597
2023-01-30,240.562,241.636,238.291,238.793,26291876.041814
2023-01-31,239.519,243.946,239.022,243.81,26976639.292053
2023-02-01,243.994,251.059,241.508,248.671,31772920.488114
2023-02-02,254.64,260.416,253.095,260.329,40595902.159338
2023-02-03,255.352,259.934,252.95,254.179,29554444.775805
2023-02-06,253.284,254.129,250.665,252.623,22887541.34153
2023-02-07,256.323,264.434,255.881,263.24,51675726.011391
2023-02-08,268.789,272.292,261.912,262.424,55583505.375386
2023-02-09,269.378,269.556,258.555,259.364,43070522.608052
2023-02-10,257.308,259.827,256.455,258.854,26242197.934538
2023-02-13,263.318,270.168,262.837,266.94,45363362.003204
2023-02-14,268.268,270.53,264.932,267.775,37655919.936745
2023-02-15,264.649,267.026,262.538,265.635,29363915.28698
2023-02-16,260.409,263.091,258.317,258.562,30014266.282953
2023-02-17,255.841,256.533,252.498,254.53,30416204.536406
2023-02-21,251,251.995,248.149,249.213,28791362.71634
2023-02-22,250.613,250.86,246.915,248.069,22803043.512279
2023-02-23,252.064,253.326,247.054,251.284,29624411.351535
2023-02-24,246.542,247.566,244.706,245.81,25337569.482119
2023-02-27,249.006,249.362,245.979,246.736,21483982.332934
2023-02-28,245.662,248.049,245.327,246.009,22802936.041887
2023-03-01,247.328,247.498,242.427,242.9,27947633.957438
2023-03-02,243.177,247.961,242.249,247.675,25178129.04412
2023-03-03,248.739,252.122,247.951,251.797,31186829.095602
2023-03-06,252.917,256.561,252.478,253.355,24444291.802994
2023-03-07,252.793,254.164,249.923,250.672,21771046.903443
2023-03-08,250.563,251.058,247.378,250.229,17580754.001207
2023-03-09,252.32,256.01,248.139,248.868,27023112.810293
2023-03-10,247.645,249.332,244.213,245.189,28726967.6739
2023-03-13,244.014,254.381,242.367,250.447,33802197.133396
2023-03-14,253.237,257.499,252.36,257.221,34086661.123185
2023-03-15,256.424,262.834,255.664,261.808,46666530.843471
2023-03-16,261.577,272.776,259.678,272.422,55592750.926919
2023-03-17,274.453,279.454,272.539,275.605,70491828.672134
2023-03-20,273.19,273.683,266.157,268.506,44069602.088935
2023-03-21,271.119,271.237,265.832,270.034,35038089.409407
2023-03-22,269.661,277.195,268.456,268.565,35357079.78354
2023-03-23,274.137,277.213,271.436,273.861,37118731.413046
2023-03-24,273.447,276.79,271.515,276.731,28591141.319937
2023-03-27,276.662,277.608,271.75,272.598,27212529.37678
2023-03-28,272.017,272.363,268.322,271.465,22182139.403805
2023-03-29,275.143,277.293,274.6,276.671,25435029.919891
2023-03-30,280.342,280.567,277.629,280.163,25400941.528089
2023-03-31,279.849,285.312,279.128,284.355,33220493.357461
2023-04-03,282.599,284.326,280.064,283.299,25228514.408435
2023-04-04,283.299,286.476,281.762,283.251,26182524.011816
2023-04-05,281.939,283.221,279.049,280.451,22370844.232411
2023-04-06,279.336,288.083,278.171,287.61,30183296.93266
2023-04-10,285.252,285.637,280.816,285.431,23423470.087217
2023-04-11,281.842,282.066,277.786,278.961,27654959.635224
2023-04-12,280.895,283.083,278.102,279.611,27783562.153853
2023-04-13,279.71,285.934,279.296,285.874,24558685.924659
2023-04-14,283.073,284.533,279.809,282.225,21279053.530572
2023-04-17,285.964,287.61,282.245,284.849,24166870.165518
2023-04-18,287.58,287.764,283.083,284.424,20441522.568919
2023-04-19,282.076,285.095,280.646,284.504,17388173.141376
2023-04-20,281.349,285.076,281.179,282.195,23566800.105082
2023-04-21,281.109,282.355,279.188,281.852,21977073.728775
2023-04-24,278.231,281.049,274.907,277.915,26980152.027894
2023-04-25,275.685,277.746,271.601,271.651,46407171.329008
2023-04-26,292.641,295.472,288.725,291.329,65495277.678542
2023-04-27,291.92,301.023,291.211,300.659,47107150.327191
2023-04-28,299.85,304.703,299.16,303.055,36975505.823959
2023-05-01,302.77,304.378,300.975,301.38,21589498.994644
2023-05-02,303.549,304.95,299.752,301.232,26770703.385825
2023-05-03,302.426,304.388,299.93,300.235,22670934.011696
2023-05-04,302.048,303.551,299.249,301.232,22832294.722555
2023-05-05,301.536,307.701,300.107,306.399,28588190.953506
2023-05-08,305.888,305.955,301.903,304.427,21614336.821732
2023-05-09,303.786,305.798,302.118,302.8,21636860.99377
2023-05-10,304.398,308.717,303.461,308.037,30495275.370629
2023-05-11,305.858,306.863,302.068,305.868,32119634.587802
2023-05-12,306.301,306.399,302.406,304.743,20049003.182869
2023-05-15,304.866,305.666,303.383,305.226,16563161.466558
2023-05-16,305.591,309.419,305.591,307.475,27101140.370613
2023-05-17,308.69,310.806,307.158,310.381,24598526.562756
2023-05-18,310.905,315.363,310.104,314.848,27594030.763341
2023-05-19,313.09,315.077,312.724,314.671,27867897.258895
2023-05-22,314.928,318.872,314.344,317.479,24396854.152591
2023-05-23,316.342,319,311.617,311.626,31156269.965991
2023-05-24,311.102,312.852,309.007,310.233,23657556.247003
2023-05-25,319.514,323.131,316.312,322.163,43806644.035345
2023-05-26,320.285,329.557,320.147,329.053,37057748.474937
2023-05-30,331.367,331.871,326.71,327.393,29847077.643962
2023-05-31,328.46,332.067,323.556,324.604,46486339.325839
2023-06-01,322.173,329.686,320.978,328.747,27086035.779492
2023-06-02,330.395,333.61,328.717,331.533,26175458.767
2023-06-05,331.357,334.659,330.804,332.067,21555494.572429
2023-06-06,331.466,331.504,328.342,329.835,20634044.237585
2023-06-07,327.827,330.634,318.783,319.653,41191893.274232
2023-06-08,320.202,322.876,319.623,321.511,23549127.53315
2023-06-09,321.244,326.186,320.671,323.023,22791638.967976
2023-06-12,324.793,328.273,321.413,328.025,24590171.262299
2023-06-13,330.609,333.096,326.582,330.438,23218892.350566
2023-06-14,330.486,335.133,328.974,333.452,26306996.831664
2023-06-15,333.591,345.808,333.314,344.088,39352640.650728
2023-06-16,347.271,347.42,338.009,338.385,47094784.060626
2023-06-20,335.399,338.137,331.988,334.155,26682945.897498
2023-06-21,332.493,333.837,328.243,329.716,25410674.109454
2023-06-22,330.27,336.2,329.497,335.795,23831437.343588
2023-06-23,330.506,334.065,329.607,331.158,23416795.315338
2023-06-26,330.774,332.236,324.704,324.813,21771513.333943
2023-06-27,328.035,332.276,325.504,330.714,24638080.447885
2023-06-28,330.804,334.085,329.963,331.978,20495750.307023
2023-06-29,330.852,332.236,328.787,331.188,17195228.574236
2023-06-30,333.857,338.78,333.314,336.616,27145627.615481
2023-07-03,335.28,336.971,332.692,334.095,12654544.132133
2023-07-05,331.228,337.712,330.869,334.253,18384269.065606
2023-07-06,333.412,339.037,331.633,337.337,28524295.692311
2023-07-07,335.409,337.851,333.116,333.333,21462190.176513
2023-07-10,330.744,331.367,323.815,328.005,33173799.349051
2023-07-11,327.244,329.023,323.231,328.638,27009520.893975
2023-07-12,332.721,337.714,331.802,333.314,30345008.633507
2023-07-13,335.647,339.778,335.113,338.71,20806973.36205
2023-07-14,343.583,347.381,340.342,341.261,28683323.595856
2023-07-17,341.694,342.991,338.256,341.745,20601371.664202
2023-07-18,341.844,362.553,338.226,355.346,65629124.803243
2023-07-19,357.581,358.282,348.373,350.987,40196189.11411
2023-07-20,349.494,353.844,341.389,342.872,34172253.201223
2023-07-21,345.125,346.263,335.913,339.808,70214653.100942
2023-07-24,341.864,342.922,338.365,341.132,27030754.62703
2023-07-25,343.109,347.835,341.093,346.935,42123237.644489
2023-07-26,337.504,340.697,329.271,333.876,59064459.62186
2023-07-27,336.556,337.397,325.258,326.909,40097411.637255
2023-07-28,329.825,336.091,329.331,334.47,28817003.344872
2023-07-31,333.037,333.803,329.517,332.048,25742724.210191
2023-08-01,331.327,334.639,329.855,332.464,18595579.561188
2023-08-02,329.785,329.785,322.593,323.725,28084954.995293
2023-08-03,322.243,326.078,322.193,322.896,18574434.854219
2023-08-04,328.055,331.278,323.469,324,24018311.190357
2023-08-07,324.584,327.293,323.745,326.306,17948393.304302
2023-08-08,323.191,324.962,319.277,322.292,22587914.911204
2023-08-09,322.707,323.341,317.35,318.516,22634141.706106
2023-08-10,322.258,324.477,317.479,319.208,20348252.293212
2023-08-11,316.568,318.693,315.531,317.31,24639477.550431
2023-08-14,317.685,320.324,316.392,320.305,19055769.560437
2023-08-15,319.277,321.343,317.204,318.149,17164112.945689
2023-08-16,317.774,321.36,316.787,317.378,20895973.244407
2023-08-17,317.517,318.834,313.228,313.891,21459586.743894
2023-08-18,311.523,315.377,308.612,313.494,24990746.75871
2023-08-21,314.931,319.725,314.049,318.844,24268881.48899
2023-08-22,322.43,322.999,318.428,319.419,16255358.877898
2023-08-23,320.765,326.095,320.409,323.917,21367943.281955
2023-08-24,329.711,329.84,316.943,316.953,23503136.305231
2023-08-25,318.438,322.291,315.793,319.934,21890595.397551
2023-08-28,322.587,323.073,318.686,320.646,14949498.854734
2023-08-29,318.844,325.88,318.844,325.312,19468231.525622
2023-08-30,325.57,326.698,323.367,325.688,15367065.71353
2023-08-31,326.095,327.789,323.697,324.668,26662457.811369
2023-09-01,328.185,328.859,323.697,325.56,15084312.536248
2023-09-05,325.897,331.691,325.56,330.404,18730541.987449
2023-09-06,330.236,331.306,327.065,329.74,17702761.051428
2023-09-07,328.165,329.938,325.927,326.798,18556031.853998
2023-09-08,326.976,332.989,326.353,331.116,19734316.473467
2023-09-11,334.059,335.229,332.266,334.751,16741242.157412
2023-09-12,332.647,333.613,328.353,328.64,17732752.961569
2023-09-13,328.185,333.672,328.046,332.89,16701959.609786
2023-09-14,335.949,337.645,333.395,335.505,20460045.186592
2023-09-15,333.742,334.214,326.54,327.105,38038605.668738
2023-09-18,324.708,327.283,323.282,325.956,16994515.252566
2023-09-19,323.092,326.283,321.449,325.55,16671749.642739
2023-09-20,326.403,326.481,317.488,317.744,21640658.774949
2023-09-21,316.248,322.281,312.028,316.515,35898992.955045
2023-09-22,318.289,318.418,313.168,314.019,21652128.97196
2023-09-25,313.604,314.674,312.028,314.544,18005810.682761
2023-09-26,312.157,312.9,307.095,309.196,26547997.117177
2023-09-27,309.354,311.334,306.77,309.839,19594918.549334
2023-09-28,308.056,312.504,306.53,310.681,19871004.838651
2023-09-29,314.753,316.457,312.009,312.771,24377245.675547
2023-10-02,313.296,318.852,312.207,318.764,20765888.167259
2023-10-03,317.804,318.359,308.28,310.434,21233787.809247
2023-10-04,311.068,317.02,311.038,315.946,20917455.88764
2023-10-05,316.08,316.963,311.93,316.348,17127187.736416
2023-10-06,313.564,326.085,313.316,324.173,25918112.489981
2023-10-09,321.687,327.185,320.131,326.708,20080597.905261
2023-10-10,327.838,327.977,324.578,325.293,20752853.210049
2023-10-11,328.085,329.681,326.035,329.285,20254302.439591
2023-10-12,327.447,330.482,325.618,328.036,19497010.998991
2023-10-13,329.245,330.681,323.282,324.638,21286487.923189
2023-10-16,327.927,332.97,327.481,329.501,22369052.628023
2023-10-17,326.481,330.315,324.322,328.927,18513155.405531
2023-10-18,329.355,332.425,325.203,326.995,23374086.998381
2023-10-19,329.016,333.702,327.789,328.195,25290634.564921
2023-10-20,328.591,328.79,322.38,323.588,25266046.629837
2023-10-23,322.4,329.586,321.33,326.213,24606861.615554
2023-10-24,328.175,328.71,324.509,327.412,31450237.369729
2023-10-25,341.765,342.935,334.435,337.457,55578089.54589
2023-10-26,337.328,338.408,323.857,324.797,38188773.181123
2023-10-27,327.308,333.544,325.303,326.698,30140836.950427
2023-10-30,330.266,336.248,328.7,334.129,23045467.166369
2023-10-31,335.654,335.803,331.532,334.921,20458262.369489
2023-11-01,336.585,344.142,336.446,342.806,28426967.219945
2023-11-02,343.965,345.538,341.518,345.033,24579931.587787
2023-11-03,346.333,351.046,344.053,349.471,23862767.66532
2023-11-06,350.116,354.167,350.016,353.167,24055210.960161
2023-11-07,356.009,359.041,354.257,357.129,26079939.989647
2023-11-08,358.268,360.438,357.149,359.774,27022730.218378
2023-11-09,358.883,361.349,356.962,357.288,25083944.885619
2023-11-10,358.08,366.608,357.664,366.183,28332420.370698
2023-11-13,364.747,364.994,362.449,363.221,20176831.666954
2023-11-14,367.511,368.443,363.88,366.778,27947487.34297
2023-11-15,368.524,370.36,364.385,366.927,27060951.31695
2023-11-16,368.206,373.556,367.433,373.379,27385580.836442
2023-11-17,370.837,371.591,364.276,367.104,40626918.909593
2023-11-20,368.465,376.058,368.246,374.638,52921768.799918
2023-11-21,372.883,373.43,368.366,370.301,28635689.602722
2023-11-22,375.194,376.97,372.182,375.046,23535875.91296
2023-11-24,374.53,375.164,372.352,374.628,10252748.665211
2023-11-27,373.984,377.815,373.409,375.8,22345081.398839
2023-11-28,375.542,380.157,375.353,379.86,20606057.726606
2023-11-29,380.912,381.447,374.638,376.038,29179983.55227
2023-11-30,375.681,377.269,372.683,376.098,30782896.964173
2023-12-01,373.964,375.353,368.554,371.731,33287544.37693
2023-12-04,366.361,366.778,360.206,366.401,32303070.248468
2023-12-05,363.73,370.306,362.908,369.755,23237512.349035
2023-12-06,370.768,371.403,365.299,366.062,21340468.79522
2023-12-07,365.496,368.695,363.601,368.196,23291743.875336
2023-12-08,366.459,371.681,365.496,371.451,20305077.742651
2023-12-11,365.745,368.842,363.383,368.544,27915959.50164
2023-12-12,368.097,371.641,367.71,371.601,25023990.243932
2023-12-13,373.229,374.833,368.018,371.591,31187012.45775
2023-12-14,370.539,370.985,361.428,363.214,43601084.256858
2023-12-15,364.127,369.636,363.561,367.978,79089354.227208
2023-12-18,366.708,370.232,365.943,369.884,21965917.102207
2023-12-19,368.732,370.489,367.094,370.489,20757729.490126
2023-12-20,372.217,373.239,367.78,367.87,26513442.505517
2023-12-21,369.794,371.631,367.294,370.768,17840424.178927
2023-12-22,370.906,372.395,369.944,371.801,17235411.553068
2023-12-26,372.217,374.142,370.728,371.879,12767817.429063
2023-12-27,370.916,372.277,370.044,371.294,15016872.743417
2023-12-28,372.583,373.663,371.383,372.494,14434148.550492
2023-12-29,373.209,374.361,370.708,373.249,18870904.784353
2024-01-02,371.085,373.109,364.049,368.116,25447513.79121
2024-01-03,366.272,370.485,365.775,367.85,23256080.166192
2024-01-04,367.915,370.33,364.445,365.209,21057800.729042
2024-01-05,366.232,369.298,363.78,365.02,21161644.495607
2024-01-08,366.558,372.415,366.272,371.909,23306959.813617
2024-01-09,369.248,373.199,368.436,373,20985716.694873
2024-01-10,373.576,381.319,373.526,379.929,25705037.224691
2024-01-11,383.135,387.781,377.556,381.776,28059111.024808
2024-01-12,382.628,385.795,381.795,385.587,21823132.300984
2024-01-16,390.738,391.106,384.745,387.374,27405683.042396
2024-01-17,385.101,387.215,381.953,386.579,22400371.784382
2024-01-18,388.813,391.066,387.225,390.946,23566990.859518
2024-01-19,392.823,395.711,390.58,395.711,29550470.442001
2024-01-22,397.051,397.647,390.668,393.566,27218930.899419
2024-01-23,392.814,396.416,391.006,395.939,20679371.891256
2024-01-24,398.559,402.619,397.477,399.572,25052904.858821
2024-01-25,401.319,403.989,399.541,401.865,21178348.478703
2024-01-26,401.369,403.155,399.443,400.931,17936401.558277
2024-01-29,403.045,406.936,401.329,406.68,24693520.375224
2024-01-30,409.2,409.985,403.433,405.558,33727951.238365
2024-01-31,403.939,412.237,394.262,394.628,48229070.872832
2024-02-01,398.848,404.972,398.818,400.783,30886980.510471
2024-02-02,400.813,409.586,400.565,408.168,28467969.7242
2024-02-05,406.857,408.108,400.991,402.639,25541867.116233
2024-02-06,402.868,404.942,399.92,402.48,18520086.885091
2024-02-07,404.417,411.224,404.377,410.977,22507585.564424
2024-02-08,410.977,412.475,409.468,411.037,21383976.727065
2024-02-09,412.169,417.697,412.009,417.428,22197602.758217
2024-02-12,417.433,417.617,411.672,412.178,21361473.701346
2024-02-13,401.934,407.027,400.396,403.305,28033007.273178
2024-02-14,405.79,407.55,402.31,407.203,20515808.617931
2024-02-15,405.86,406.844,402.031,404.289,21948145.862367
2024-02-16,405.68,406.009,401.186,401.803,22421761.881079
2024-02-20,400.987,402.231,395.786,400.54,24444482.505233
2024-02-21,397.934,400.043,395.001,399.933,18735745.684388
2024-02-22,407.898,410.524,406.287,409.351,27161616.709583
2024-02-23,413.348,413.536,406.686,408.047,16387433.028414
2024-02-26,409.156,409.858,405.084,405.263,16284483.867534
2024-02-27,405.71,406.039,401.594,405.203,14919178.117587
2024-02-28,405.895,407.013,403.055,405.442,13257190.85437
2024-02-29,406.357,411.886,403.652,411.329,32126750.134414
2024-03-01,408.972,413.546,408.584,413.179,17923581.248555
2024-03-04,411.13,415.018,410.017,412.602,17694814.162582
2024-03-05,411.648,411.935,398.402,400.401,27070415.180889
2024-03-06,400.718,402.897,396.165,399.844,22469683.612305
2024-03-07,403.852,407.49,399.993,406.854,18823643.75719
2024-03-08,405.68,408.127,402.071,403.95,18103326.456956
2024-03-11,401.506,403.414,399.018,402.261,16211322.124304
2024-03-12,405.343,413.249,404.517,412.959,22583171.652256
2024-03-13,415.764,415.844,409.151,412.782,17212092.27078
2024-03-14,417.892,425.43,415.654,422.844,34349202.629329
2024-03-15,416.947,420.239,410.484,414.093,45333172.352342
2024-03-18,411.935,418.379,411.468,414.989,20218937.042815
2024-03-19,415.496,419.31,413.229,419.055,19949369.008317
2024-03-20,419.642,423.58,418.311,422.854,17960427.100575
2024-03-21,427.428,428.412,424.774,426.971,21415869.115329
2024-03-22,427.299,427.458,423.69,426.345,17747626.215271
2024-03-25,422.864,425.021,419.255,420.498,18161917.797624
2024-03-26,423.233,423.61,418.995,419.295,16819615.564733
2024-03-27,422.069,422.079,416.669,419.075,16798830.441496
2024-03-28,418.608,419.512,416.778,418.37,21994038.256001
2024-04-01,421.582,425.5,419.862,422.199,16407627.853749
2024-04-02,417.764,420.02,415.506,419.085,18012625.726142
2024-04-03,417.385,420.896,416.743,418.101,16594977.54722
2024-04-04,422.616,426.275,415.237,415.546,19479705.069256
2024-04-05,417.664,424.127,415.983,423.143,16647769.487544
2024-04-08,422.794,424.894,420.935,422.287,14341271.443273
2024-04-09,424.057,425.351,419.265,423.898,12582585.942106
2024-04-10,419.832,421.661,417.355,420.896,16307689.513855
2024-04-11,423.44,426.971,420,425.539,18067362.532126
2024-04-12,421.681,422.804,417.424,419.542,19361922.033836
2024-04-15,424.217,424.435,411.121,411.329,20387439.439383
2024-04-16,412.254,416.063,411.418,412.264,16859809.119846
2024-04-17,414.919,416.54,408.037,409.538,15944564.792763
2024-04-18,408.337,409.588,401.694,402.011,21148067.952064
2024-04-19,401.773,403.125,395.548,396.89,30167538.324082
2024-04-22,397.845,400.6,393.538,398.72,20400851.369743
2024-04-23,401.976,405.919,400.808,405.293,15822901.076586
2024-04-24,407.272,410.165,404.507,406.775,15149970.518679
2024-04-25,391.829,397.656,385.862,396.811,40814474.091032
2024-04-26,409.868,410.692,403.493,404.049,29861485.454509
2024-04-29,402.985,404.049,396.959,400.003,19692107.72974
2024-04-30,399.247,399.914,386.995,387.155,28943074.435613
2024-05-01,390.417,399.476,388.129,392.734,23694860.484101
2024-05-02,395.438,397.696,392.446,395.618,17808859.315034
2024-05-03,400.033,404.876,399.614,404.389,17544743.742588
2024-05-06,406.476,411.618,404.099,411.229,17092130.060651
2024-05-07,412.343,412.353,406.804,407.053,20130695.048578
2024-05-08,405.89,409.927,404.441,408.247,11858559.921833
2024-05-09,408.277,410.414,406.814,410.017,14772257.293896
2024-05-10,410.628,413.059,409.499,412.422,13477578.123616
2024-05-13,415.674,416.011,408.524,411.409,15526972.771373
2024-05-14,409.718,415.157,409.251,414.233,15194193.586048
2024-05-15,416.315,422.202,415.687,421.475,22324213.483965
2024-05-16,420.2,423.807,418.756,419.394,17596798.394309
2024-05-17,420.937,421.316,416.439,418.616,15410695.039903
2024-05-20,418.616,425.151,418.397,423.727,16334095.69474
2024-05-21,425.206,431.328,423.239,427.412,21534941.608079
2024-05-22,428.458,430.77,425.51,428.887,18142516.4187
2024-05-23,431.328,431.955,423.811,425.381,17277225.185242
2024-05-24,425.569,429.419,422.8,428.528,11900425.843171
2024-05-28,428,429.186,424.981,428.688,15777872.823233
2024-05-29,424.075,429.306,424.075,427.542,15576213.888054
2024-05-30,422.691,422.691,412.669,413.097,28533079.029899
2024-05-31,415.169,415.169,402.975,413.555,48177999.38588
2024-06-03,413.948,414.851,407.373,411.951,17551250.621933
2024-06-04,410.866,414.861,408.121,414.491,14403552.735199
2024-06-05,416.225,422.471,414.721,422.402,17052722.599243
2024-06-06,422.402,423.697,418.984,422.909,14917837.52666
2024-06-07,424.583,424.663,421.396,422.242,13673516.552881
2024-06-10,423.089,426.456,422.282,426.247,14056352.731832
2024-06-11,423.862,431.178,423.637,431.039,14606506.582253
2024-06-12,433.669,441.718,431.607,439.387,22451395.913939
2024-06-13,439.178,441.708,437.704,439.905,16021337.335847
2024-06-14,436.612,441.456,435.064,440.891,13633700.522219
2024-06-17,440.906,449.23,439.048,446.669,20869191.275646
2024-06-18,447.999,448.432,443.203,444.647,17177662.522914
2024-06-20,444.607,444.837,439.596,444.009,19953064.211082
2024-06-21,445.683,448.871,444.817,448.074,34617483.468413
2024-06-24,448.094,451.032,444.717,445.972,15974312.962409
2024-06-25,446.55,449.708,445.055,449.24,16811297.823785
2024-06-26,447.297,451.879,446.49,450.444,16569883.086404
2024-06-27,450.459,454.439,450.056,451.132,14862701.383557
2024-06-28,451.352,453.653,444.717,445.255,28470264.762037
2024-07-01,446.958,455.635,443.969,454.997,17730071.929137
2024-07-02,451.481,457.847,451.394,457.538,14033009.184799
2024-07-03,456.452,459.272,456.143,459.022,9970650.7964862
2024-07-05,457.867,466.573,457.224,465.787,16061213.594968
2024-07-08,464.781,465.926,462.698,464.471,13011677.055075
2024-07-09,465.229,465.557,456.263,457.797,17294107.222395
2024-07-10,459.47,464.691,457.114,464.481,18265384.483369
2024-07-11,461.224,463.017,449.838,452.975,23199174.39657
2024-07-12,452.602,454.629,448.935,451.83,16386431.214484
2024-07-15,451.58,455.525,449.718,452.238,14484389.36571
2024-07-16,452.497,452.577,444.965,447.815,17241078.071561
2024-07-17,440.911,443.163,437.514,441.838,21836852.821444
2024-07-18,442.655,442.963,432.752,438.7,20874001.521932
2024-07-19,431.457,439.466,430.362,435.452,21020150.897559
2024-07-22,440.114,442.913,437.248,441.26,15868949.295639
2024-07-23,442.211,446.689,441.419,443.163,13156957.133273
2024-07-24,438.78,439.806,425.963,427.273,26907867.256406
2024-07-25,427.174,428.17,415.926,416.813,30057810.660866
2024-07-26,416.614,427.288,415.687,423.657,23673638.13833
2024-07-29,429.943,430.51,423.093,425.111,15183429.975236
2024-07-30,426.097,427.422,415.777,421.316,32812041.041768
2024-07-31,418.9,420.175,410.646,416.763,43054681.55302
2024-08-01,419.189,425.839,411.523,415.528,30411758.259294
2024-08-02,410.925,413.425,402.807,406.94,29549989.3869
2024-08-05,387.694,399.518,384.117,393.651,40864244.760964
2024-08-06,398.482,404.131,396.988,398.094,25041512.777407
2024-08-07,407.085,408.524,395.962,396.919,20729537.539358
2024-08-08,400.914,404.321,398.423,401.162,20279956.181766
2024-08-09,402.497,406.502,400.737,404.48,19350064.906628
2024-08-12,405.516,407.21,402.71,405.267,16826710.28653
2024-08-13,408.036,413.376,408.016,412.439,19488193.859086
2024-08-14,413.227,416.135,410.882,415.279,18336534.370003
2024-08-15,418.961,420.269,416.826,420.189,20793682.319441
2024-08-16,419.76,420.498,416.466,417.634,22821181.535695
2024-08-19,418.123,420.907,415.628,420.688,15264449.896166
2024-08-20,420.858,425.009,420.798,423.951,16420383.035994
2024-08-21,423.228,425.548,420.878,423.293,16099458.944762
2024-08-22,423.512,425.937,413.782,414.72,19400656.553581
2024-08-23,416.147,418.422,411.267,415.957,18530801.895956
2024-08-26,415.533,416.446,410.518,412.664,13179157.229326
2024-08-27,412.035,413.532,409.43,413.013,13519918.949025
2024-08-28,414.051,414.171,406.496,409.78,14912449.726074
2024-08-29,414.111,421.207,409.78,412.295,17079359.434491
2024-08-30,414.77,416.656,411.307,416.307,24356980.511221
2024-09-03,417.075,419.041,406.217,408.622,20354263.518278
2024-09-04,405.099,410.418,403.562,408.083,15166102.433208
2024-09-05,406.806,412.275,405.319,407.574,14223930.311227
2024-09-06,408.243,409.83,399.999,400.898,19648777.209662
2024-09-09,406.426,407.834,401.347,404.91,15325749.35049
2024-09-10,407.385,415.498,406.886,413.373,19633507.706671
2024-09-11,414.67,423.143,408.762,422.195,19305488.441827
2024-09-12,422.464,426.515,418.911,426.147,17453625.083023
2024-09-13,424.974,430.967,424.61,429.73,15906330.142683
2024-09-16,429.74,432.664,427.365,430.478,13862389.08152
2024-09-17,439.351,440.967,431.406,434.281,18912010.413851
2024-09-18,434.131,435.159,429.55,429.949,18935869.074899
2024-09-19,440.344,440.618,436.027,437.814,21750007.714586
2024-09-20,436.347,438.363,433.353,434.4,55277530.680537
2024-09-23,433.412,435.588,429.529,432.644,15159173.591868
2024-09-24,432.135,432.484,425.249,428.313,17049813.412135
2024-09-25,428.971,432.254,427.714,431.247,13423178.696697
2024-09-26,434.216,434.43,428.273,430.448,14521051.853503
2024-09-27,430.658,430.987,426.616,427.165,14925947.690165
2024-09-30,427.355,429.56,424.52,429.44,16888342.851868
2024-10-01,427.594,427.624,417.973,419.85,19131162.200521
2024-10-02,421.736,421.975,415.878,416.297,16615448.707243
2024-10-03,416.796,418.712,413.462,415.708,13713816.286362
2024-10-04,417.405,418.911,414.141,415.229,19229326.297178
2024-10-07,415.169,416.277,408.183,408.722,20961634.828316
2024-10-08,410.079,414.83,407.355,413.882,19267751.056065
2024-10-09,415.029,419.54,413.472,416.626,15004230.070284
2024-10-10,414.396,416.516,412.325,415.009,13876095.461952
2024-10-11,415.304,416.297,412.424,415.488,14173257.084294
2024-10-14,416.935,423.193,416.686,418.303,16686419.481396
2024-10-15,421.337,421.636,414.43,417.904,18938032.39644
2024-10-16,414.341,415.528,409.66,415.289,15539975.297098
2024-10-17,421.516,421.656,414.76,415.888,14849668.311325
2024-10-18,416.307,418.812,415.429,417.325,17179635.750605
2024-10-21,415.289,418.123,412.924,417.943,14234550.526608
2024-10-22,417.654,429.719,417.205,426.656,25533203.182255
2024-10-23,429.994,430.219,421.686,423.752,19693719.989216
2024-10-24,424.475,425.127,421.556,423.882,13608816.534517
2024-10-25,425.907,431.656,425.713,427.295,16932889.840775
2024-10-28,430.793,431.077,425.448,425.738,14912233.29372
2024-10-29,427.145,432.305,424.95,431.087,17679397.094527
2024-10-30,436.561,437.624,431.237,431.666,29808696.083629
2024-10-31,414.53,415.329,405.488,405.538,54079011.469012
2024-11-01,408.193,414.67,406.686,409.55,24278942.619502
2024-11-04,408.971,409.595,404.761,407.644,19711662.832582
2024-11-05,407.554,414.071,407.265,410.638,17661291.926895
2024-11-06,411.596,419.61,409.7,419.341,26735249.439553
2024-11-07,420.438,425.997,419.041,424.58,19941618.200932
2024-11-08,424.47,425.648,420.937,421.696,16925224.52823
2024-11-11,421.671,423.961,415.169,417.175,24552367.824996
2024-11-12,417.414,423.592,416.367,422.185,19440038.224034
2024-11-13,420.798,428.467,417.375,424.351,21545224.631433
2024-11-14,424.151,427.315,419.161,426.037,30307424.36386
2024-11-15,418.981,421.955,412.814,414.171,28304185.611311
2024-11-18,414.041,417.568,411.277,414.929,24791537.600427
2024-11-19,412.285,417.105,410.728,416.955,18169825.795174
2024-11-20,416.037,416.456,409.76,414.66,19230069.782395
2024-11-21,419.5,419.78,410.2887,412.87,20780162
2024-11-22,411.365,417.4,411.06,417,24814626
2024-11-25,418.38,421.08,414.85,418.79,27691090
2024-11-26,419.585,429.0414,418.85,427.99,23458889
2024-11-27,425.105,427.2299,422.02,422.99,18332444
2024-11-29,420.09,424.8849,417.8,423.46,16271921
2024-12-02,421.57,433,421.31,430.98,20207223
2024-12-03,429.84,432.47,427.74,431.2,18301987
2024-12-04,433.03,439.67,432.63,437.42,26009429
2024-12-05,437.92,444.66,436.171,442.62,21697775
2024-12-06,442.3,446.1,441.7703,443.57,18821002
2024-12-09,442.6,448.33,440.5,446.02,19144388
2024-12-10,444.39,449.62,441.6,443.33,18469459
2024-12-11,444.05,450.35,444.05,448.99,19200208
2024-12-12,449.11,456.1648,449.11,449.56,20834779
2024-12-13,448.435,451.43,445.58,447.27,20177833
2024-12-16,447.27,452.18,445.28,451.59,23598834
2024-12-17,451.01,455.29,449.57,454.46,22733494
2024-12-18,451.32,452.65,437.02,437.39,24444545
2024-12-19,441.62,443.1834,436.32,437.03,22963681
2024-12-20,433.11,443.74,428.63,436.6,64263694
2024-12-23,436.74,437.65,432.83,435.25,19152519
2024-12-24,434.65,439.6,434.19,439.33,7164543
2024-12-26,439.08,440.94,436.63,438.11,8199927
2024-12-27,434.6,435.22,426.35,430.53,18117713
2024-12-30,426.06,427.55,421.9,424.83,13158703
2024-12-31,426.1,426.73,420.66,421.5,13246509
2025-01-02,425.53,426.07,414.85,418.58,16896469
2025-01-03,421.08,424.03,419.54,423.35,16662943
2025-01-06,428,434.32,425.4774,427.85,20573648
2025-01-07,429,430.65,420.8,422.37,18139065
2025-01-08,423.46,426.97,421.54,424.56,15054575
2025-01-10,424.63,424.71,415.02,418.95,20201132
2025-01-13,415.235,418.5,412.29,417.19,17604780
2025-01-14,417.81,419.74,410.72,415.67,16935856
2025-01-15,419.13,428.15,418.265,426.31,19637838
2025-01-16,428.695,429.49,424.39,424.58,15300023
2025-01-17,434.085,434.48,428.17,429.03,26197507
2025-01-21,430.2,430.8999,425.595,428.5,26085703
2025-01-22,437.56,447.27,436,446.2,27803811
2025-01-23,442,446.75,441.5048,446.71,18389270
2025-01-24,445.16,446.65,441.4,444.06,15549453
2025-01-27,424.01,435.2,423.5,434.56,35647805
2025-01-28,434.6,448.38,431.38,447.2,23491703
2025-01-29,446.69,446.88,440.4,442.33,23581370
2025-01-30,418.77,422.86,413.16,414.99,54586260
2025-01-31,418.98,420.69,414.91,415.06,34223388
2025-02-03,411.6,415.41,408.66,410.92,25679149
2025-02-04,412.685,413.9199,409.74,412.37,20532096
2025-02-05,412.35,413.827,410.4,413.29,16336188
2025-02-06,414,418.2,414,415.82,16309755
2025-02-07,416.48,418.65,408.1,409.75,22886844
2025-02-10,413.71,415.4624,410.92,412.22,20817919
2025-02-11,409.64,412.49,409.3,411.44,18140592
2025-02-12,407.21,410.75,404.3673,409.04,19121734
2025-02-13,407,411,406.36,410.54,23891731
2025-02-14,407.79,408.91,405.88,408.43,22758464
2025-02-18,408,410.597,406.5,409.64,21423051
2025-02-19,407.88,415.49,407.65,414.77,24114197
2025-02-20,415.29,419.31,412.54,416.13,23508728
2025-02-21,417.335,418.048,407.89,408.21,27524799
2025-02-24,408.51,409.37,399.32,404,26443656
2025-02-25,401.1,401.915,396.7,397.9,29387402
2025-02-26,398.01,403.6,394.245,399.73,19618954
2025-02-27,401.265,405.74,392.17,392.53,21127406
2025-02-28,392.655,397.63,386.57,396.99,32845658
2025-03-03,398.82,398.82,386.155,388.49,23007726
2025-03-04,383.4,392.58,381,388.61,29342923
2025-03-05,389.34,401.67,388.81,401.02,23433132
2025-03-06,394.28,402.15,392.6777,396.89,23304625
2025-03-07,392.32,394.8,385.54,393.31,22034087
2025-03-10,385.84,386.4,377.22,380.16,32840134
2025-03-11,379,386,376.91,380.45,30380177
2025-03-12,382.95,385.2165,378.9507,383.27,24253567
2025-03-13,383.155,385.32,377.45,378.77,20473017
2025-03-14,379.775,390.23,379.51,388.56,19952846
2025-03-17,386.7,392.705,385.57,388.7,22474272
2025-03-18,387.07,387.37,381.1,383.52,19486850
2025-03-19,385.525,389.68,384,387.82,19185532
2025-03-20,385.735,391.785,383.28,386.84,18470542
2025-03-21,383.215,391.74,382.8,391.26,39675928
2025-03-24,395.4,395.4,389.81,393.08,21004548
2025-03-25,393.915,396.36,392.64,395.16,15774968
2025-03-26,395,395.31,388.57,389.97,16132906
2025-03-27,390.13,392.24,387.395,390.58,13766761
2025-03-28,388.08,389.13,376.93,378.8,21632016
2025-03-31,372.535,377.07,367.24,375.39,35184676
2025-04-01,374.65,382.85,373.23,382.19,19689503
2025-04-02,377.965,385.08,376.62,382.14,16092555
2025-04-03,374.785,377.48,369.35,373.11,30197997
2025-04-04,364.125,374.59,359.48,359.84,49209854
2025-04-07,350.88,370.9999,344.79,357.86,50424998
2025-04-08,368.255,373.65,350.25,354.56,35868918
2025-04-09,353.535,393.225,353.1,390.49,50199696
2025-04-10,382.06,383.9,367.8,381.35,38024368
2025-04-11,380.635,390.05,378.89,388.45,23839220
2025-04-14,393.22,394.65,384.21,387.81,19251172
2025-04-15,388.505,391.89,384.1599,385.73,17199890
2025-04-16,380.67,381.61,368,371.61,21967826
2025-04-17,373.745,374.3215,366.89,367.78,21120192
2025-04-21,362.815,364.48,355.67,359.12,20807279
2025-04-22,363.375,367.77,359.8602,366.82,19484993
2025-04-23,376.06,380.39,373.02,374.39,20545526
2025-04-24,375.695,388.45,375.19,387.3,22232289
2025-04-25,387,392.16,384.6,391.85,18973165
2025-04-28,391.955,392.74,386.638,391.16,16579430
2025-04-29,391.3,395.1,390.38,394.04,14973976
2025-04-30,390.3,396.66,384.44,395.26,36461075
2025-05-01,431.11,436.99,424.9,425.4,58938100
2025-05-02,431.74,439.44,429.985,435.28,30757434
2025-05-05,432.87,439.5,432.11,436.17,20136053
2025-05-06,432.2,437.73,431.17,433.31,15104204
2025-05-07,433.84,438.12,431.1103,433.35,23307241
2025-05-08,437.93,443.67,435.66,438.17,23491330
2025-05-09,440,440.74,435.88,438.73,15324233
2025-05-12,445.94,449.37,439.78,449.26,22821935
2025-05-13,447.78,450.6733,445.36,449.14,23618819
2025-05-14,448.14,453.9,448.14,452.94,19902796
2025-05-15,450.765,456.19,450.4301,453.13,21992323
2025-05-16,452.05,454.36,448.73,454.27,23849781
2025-05-19,450.875,459.585,450.8,458.87,21336509
2025-05-20,455.59,458.34,454.3201,458.17,15441808
2025-05-21,454.57,457.78,451.814,452.57,19216906
2025-05-22,454.95,460.25,453.9,454.86,18025612
2025-05-23,449.98,453.69,448.91,450.18,16883509
2025-05-27,456.48,460.95,456.115,460.69,20974293
2025-05-28,461.22,462.52,456.93,457.36,17086261
2025-05-29,461.55,461.72,455.3105,458.68,13982211
2025-05-30,459.715,461.68,455.54,460.36,34770475
2025-06-02,457.14,462.11,456.89,461.97,16626495
2025-06-03,461.47,464.14,460.8622,462.97,15743760
2025-06-04,464,465.69,463.0201,463.87,14162688
2025-06-05,464.955,469.65,464.03,467.68,20154460
2025-06-06,470.085,473.335,468.78,470.38,15285624
2025-06-09,469.7,473.43,468.62,472.75,16469932
2025-06-10,471.185,472.8,466.96,470.92,15375944
2025-06-11,470.02,475.47,469.655,472.62,16399176
2025-06-12,475.02,480.415,473.52,478.87,18950582
2025-06-13,476.41,479.18,472.76,474.96,16814456
2025-06-16,475.21,480.6943,475,479.14,15626104
2025-06-17,475.395,478.7399,474.08,478.04,15414128
2025-06-18,478,481,474.46,480.24,17526452
2025-06-20,482.23,483.46,476.87,477.4,37576206
2025-06-23,478.21,487.75,472.51,486,24863952
2025-06-24,488.95,491.849,486.795,490.11,22305642
2025-06-25,492.04,494.5556,489.39,492.27,17495099
2025-06-26,492.98,498.04,492.81,497.45,21578853
2025-06-27,497.55,499.3,493.03,495.94,34539236
2025-06-30,497.04,500.76,495.33,497.41,28368991
2025-07-01,496.47,498.05,490.98,492.05,19945375
2025-07-02,489.99,493.5,488.7,491.09,16319641
2025-07-03,493.81,500.13,493.44,498.84,13984829
2025-07-07,497.38,498.75,495.225,497.72,13981605
2025-07-08,497.24,498.2,494.11,496.62,11846586
2025-07-09,500.3,506.78,499.74,503.51,18659538
2025-07-10,503.05,504.44,497.75,501.48,16498740
2025-07-11,498.47,505.03,497.795,503.32,16459512
2025-07-14,501.515,503.97,501.03,503.02,12058848
2025-07-15,503.02,508.3,502.79,505.82,14927202
2025-07-16,505.18,506.72,501.89,505.62,15154374
2025-07-17,505.68,513.37,505.62,511.7,17503129
2025-07-18,514.48,514.64,507.43,510.05,21209666
2025-07-21,506.705,512.09,505.55,510.06,14066805
2025-07-22,510.97,511.2,505.27,505.27,13868644
2025-07-23,506.75,506.79,500.7,505.87,16396585
2025-07-24,508.77,513.67,507.3,510.88,16107000
2025-07-25,512.465,518.29,510.3592,513.71,19125699
2025-07-28,514.08,515,510.12,512.5,14308027
2025-07-29,515.53,517.62,511.56,512.57,16469235
2025-07-30,515.17,515.95,509.435,513.24,26380434
2025-07-31,555.225,555.45,531.9,533.5,51617326
2025-08-01,535,535.8,520.86,524.11,28977628
2025-08-04,528.27,538.25,528.13,535.64,25349004
2025-08-05,537.18,537.3,527.24,527.75,19171569
2025-08-06,530.9,531.7,524.03,524.94,21355702
2025-08-07,526.8,528.09,517.5511,520.84,16079144
2025-08-08,522.6,524.66,519.41,522.04,15531009
2025-08-11,522.3,527.59,519.72,521.77,20194372
2025-08-12,523.75,530.98,522.7,529.24,18688921
2025-08-13,532.11,532.7,519.37,520.58,19619160
2025-08-14,522.56,525.9499,520.14,522.48,20269074
2025-08-15,522.77,526.1,519.08,520.17,25213272
2025-08-18,521.585,522.82,514.02,517.1,23760583
2025-08-19,515,515.1641,508.55,509.77,21481016
2025-08-20,509.865,511,504.44,505.72,27723025
2025-08-21,503.69,507.63,502.7201,504.24,18443254
2025-08-22,504.25,510.73,502.41,507.23,24324161
2025-08-25,506.63,508.19,504.12,504.26,21638579
2025-08-26,504.355,504.9778,498.51,502.04,30835709
2025-08-27,502,507.29,499.9,506.74,17277893
2025-08-28,507.09,511.09,505.5,509.64,18015593
2025-08-29,508.66,509.6,504.4915,506.69,20961569
2025-09-02,500.465,506,496.81,505.12,18127995
2025-09-03,503.79,507.79,502.32,505.35,16345078
2025-09-04,504.3,508.15,503.15,507.97,15509486
2025-09-05,509.07,511.97,492.37,495,31994846
2025-09-08,498.105,501.195,495.03,498.2,16771015
2025-09-09,501.43,502.25,497.7,498.41,14410542
2025-09-10,502.98,503.2299,496.72,500.37,21611816
2025-09-11,502.25,503.17,497.88,501.01,18881608
2025-09-12,506.65,512.55,503.85,509.9,23624884
2025-09-15,508.79,515.47,507,515.36,17143786
2025-09-16,516.88,517.23,508.6,509.04,19711922
2025-09-17,510.62,511.29,505.93,510.02,15816585
2025-09-18,511.49,513.07,507.66,508.45,18913696
2025-09-19,510.56,519.3,510.31,517.93,52474093
2025-09-22,515.59,517.74,512.545,514.45,20009314
2025-09-23,513.8,514.5899,507.31,509.23,19799580
2025-09-24,510.38,512.48,506.92,510.15,13533711
2025-09-25,508.3,510.01,505.04,507.03,15786468
2025-09-26,510.06,513.94,506.62,511.46,16213129
2025-09-29,511.5,516.845,508.88,514.6,17617775
2025-09-30,513.24,518.16,509.66,517.95,19728229
2025-10-01,514.8,520.505,511.69,519.71,22632336
2025-10-02,517.64,521.6,510.6791,515.74,21222886
2025-10-03,517.1,520.49,515,517.35,15112321
2025-10-06,518.61,531.03,518.2,528.57,21388581
2025-10-07,528.285,529.8,521.44,523.98,14615208
2025-10-08,523.28,526.95,523.09,524.85,13363447
2025-10-09,522.335,524.325,517.4,522.4,18343602
2025-10-10,519.64,523.58,509.63,510.96,24133840
2025-10-13,516.41,516.41,511.68,514.05,14284238
2025-10-14,510.225,515.282,506,513.57,14684300
2025-10-15,514.955,517.19,510,513.43,14694654
2025-10-16,512.58,516.85,508.13,511.61,15559565
2025-10-17,509.04,515.48,507.31,513.58,19867765
2025-10-20,514.61,518.7,513.43,516.79,14665620
2025-10-21,517.5,518.69,513.04,517.66,15586204
2025-10-22,521.15,525.23,517.71,520.54,18962694
2025-10-23,522.46,523.95,518.61,520.56,14023532
2025-10-24,522.79,525.345,520.71,523.61,15532360
2025-10-27,531.78,534.58,529.01,531.52,18734716
2025-10-28,550,553.72,540.77,542.07,29986683
2025-10-29,544.94,546.27,536.7287,541.55,36023004
2025-10-30,530.48,534.97,522.12,525.76,41023088
2025-10-31,528.875,529.32,515.1,517.81,34006424
2025-11-03,519.805,524.96,514.59,517.03,22374742
2025-11-04,511.76,515.55,507.84,514.33,20958663
2025-11-05,513.3,514.83,506.575,507.16,23024342
2025-11-06,505.66,505.7,495.81,497.1,27406496
2025-11-07,496.945,499.377,493.25,496.82,24019764
2025-11-10,500.035,506.85,498.8,506,26101480
2025-11-11,504.8,509.6,502.3488,508.68,17980020
2025-11-12,509.355,511.67,499.1201,511.14,26574851
2025-11-13,510.31,513.5,501.29,503.29,25273114
2025-11-14,498.23,511.6,497.44,510.18,28505746
2025-11-17,508.45,512.12,504.91,507.49,19092752
2025-11-18,495.365,502.98,486.78,493.79,33815114
2025-11-19,490.1,495.1872,482.83,487.12,23245314
2025-11-20,492.71,493.57,475.5,478.43,26802542
2025-11-21,478.5,478.92,468.27,472.12,31769248
2025-11-24,475,476.9,468.02,474,34421046
2025-11-25,474.07,479.15,464.89,476.99,28019793
2025-11-26,486.31,488.31,481.2,485.5,25709079
2025-11-28,487.595,492.63,486.65,492.01,14386730
2025-12-01,488.435,489.8599,484.6475,486.74,23963993
2025-12-02,486.715,493.4999,486.32,490,19562722
2025-12-03,476.32,484.24,475.2,477.73,34615102
2025-12-04,479.76,481.322,476.49,480.84,22318155
2025-12-05,482.515,483.4,478.8801,483.16,22608710
2025-12-08,484.885,492.3,484.38,491.02,21965900
2025-12-09,489.1,492.12,488.5001,492.02,14696078
2025-12-10,484.03,484.25,475.08,478.56,35756229
2025-12-11,476.63,486.03,475.86,483.47,24669180
2025-12-12,479.82,482.45,476.34,478.53,21248102
2025-12-15,480.1,480.7205,472.52,474.82,23727694
2025-12-16,471.905,477.89,470.88,476.39,20705560
2025-12-17,476.905,480,475,476.12,24527176
2025-12-18,478.19,489.6,477.89,483.98,28573545
2025-12-19,487.36,487.85,482.49,485.92,70836105
2025-12-22,486.12,488.73,482.69,484.92,16963019
2025-12-23,484.98,487.83,484.74,486.85,14683582
2025-12-24,485.68,489.1625,484.83,488.02,5855880
2025-12-26,486.705,488.12,485.96,487.71,8842175
2025-12-29,484.855,488.35,484.18,487.1,10893408
2025-12-30,485.93,489.68,485.5,487.48,13944512
2025-12-31,487.84,488.14,483.3,483.62,15601554
2026-01-02,484.385,484.66,470.16,472.94,25571567
2026-01-05,474.055,476.07,469.5,472.85,25250260
2026-01-06,473.8,478.7367,469.75,478.51,23037665
2026-01-07,479.755,489.7,477.95,483.47,25564196
2026-01-08,481.24,482.66,475.86,478.11,18162616
2026-01-09,474.06,479.82,472.2001,479.28,18491036
2026-01-12,476.67,480.99,475.6803,477.18,23519895
2026-01-13,474.675,475.7799,465.95,470.67,28545800
2026-01-14,466.46,468.2,457.1701,459.38,28184302
2026-01-15,464.12,464.25,455.9,456.66,23225839
2026-01-16,457.83,463.19,456.48,459.86,34246650
2026-01-20,451.215,456.8,449.28,454.52,26129992
2026-01-21,452.595,452.69,438.68,444.11,37980510
2026-01-22,447.62,452.84,444.7,451.14,25349378
2026-01-23,451.87,471.1,450.53,465.95,38000159
2026-01-26,465.305,474.25,462,470.28,29291235
2026-01-27,473.7,482.87,473.16,480.58,29213923
2026-01-28,483.21,483.74,478,481.63,36875403
2026-01-29,439.99,442.5,421.02,433.5,128855323
2026-01-30,439.17,439.6,426.45,430.29,58566819
2026-02-02,430.235,430.736,422.25,423.37,42219858
2026-02-03,422.01,422.05,408.56,411.21,61424123
2026-02-04,411,419.8,409.24,414.19,45012374
2026-02-05,407.44,408.3,392.32,393.67,66289247
2026-02-06,399.165,401.79,392.92,401.14,53515311
2026-02-09,404.85,414.89,400.87,413.6,45480526
2026-02-10,419.62,423.68,412.7,413.27,44857850
2026-02-11,416.175,416.46,401.01,404.37,42491012
2026-02-12,405,406.2,398.01,401.84,40802362
2026-02-13,404.45,405.54,398.05,401.32,34091553
2026-02-17,399.22,400.52,394.525,396.86,32078794
2026-02-18,398.13,402.56,396.32,399.6,23223417
2026-02-19,400.69,404.43,396.67,398.46,28234001
2026-02-20,396.11,400.1159,395.16,397.23,34015249
2026-02-23,395,395.36,383.1,384.47,43238300
2026-02-24,384.14,389.36,381.71,389,33884700
2026-02-25,390.525,401.47,390.16,400.6,43625500
2026-02-26,404.71,407.49,398.74,401.72,34214348
2026-02-27,390.88,396.82,389.88,392.74,51268782
2026-03-02,392.855,401.19,390.63,398.55,35474908
2026-03-03,393.14,406.7,392.67,403.79,38199209
2026-03-04,401.265,411.0326,400.31,405,35807990
2026-03-05,404.42,411.61,404.4,410.68,39001315
2026-03-06,409.2,413.05,408.5101,408.63,31123859
2026-03-09,404.915,410.21,403.5,409.35,30131854
2026-03-10,410.03,410.2,402.93,405.76,31706375
2026-03-11,405.57,409.01,401.59,404.88,25512139
2026-03-12,404.63,406.12,401.71,401.86,27263886
2026-03-13,401,404.8,394.25,395.55,26848000
2026-03-16,398.07,400.63,394.79,399.95,27733721
2026-03-17,400.27,404.4,397.745,399.41,26228279
2026-03-18,397.125,398,391,391.79,25908485
2026-03-19,390.1,392.49,387.06,389.02,25138772
2026-03-20,386.79,387,380.12,381.87,50853154
2026-03-23,383.9,387.21,381.68,383,29680059
2026-03-24,382.36,382.47,371.85,372.74,42733625
2026-03-25,376.92,377.06,369.63,371.04,31181163
2026-03-26,370.815,374.7199,365.19,365.97,36836574
2026-03-27,361.9,362.45,356.51,356.77,37883400
2026-03-30,361.895,365.36,356.28,358.96,44797003
2026-03-31,364.55,372.9,363.07,370.17,45244366
2026-04-01,373.49,373.99,368.2,369.37,29417206
2026-04-02,367.205,373.64,364.15,373.46,24099067
2026-04-06,373.49,373.73,369.5014,372.88,16146572
2026-04-07,370.34,372.45,366.56,372.29,21443349
2026-04-08,384.98,385,371.41,374.33,33064818
2026-04-09,372.5,373.5,367.05,373.07,30435297
2026-04-10,372.98,375.64,370.03,370.87,28111128
2026-04-13,373.605,384.54,371.02,384.37,35745781
2026-04-14,387.915,394.69,386.52,393.11,37504486
2026-04-15,398,414.3699,396.73,411.22,45063389
2026-04-16,419.86,420.82,412.14,420.26,41642361
2026-04-17,424.82,431.58,420.69,422.79,48568190
2026-04-20,421.145,423.33,416.3,418.07,27582237
2026-04-21,420.24,427.18,417.2,424.16,32048495
2026-04-22,426.185,433.7,423.67,432.92,29378173
2026-04-23,419.885,423.66,411.4101,415.75,38307959
2026-04-24,416.97,424.95,415.8,424.62,27457405
2026-04-27,422.375,427.11,417.0701,424.82,30867303
2026-04-28,424.57,429.92,421.9,429.25,30438087
2026-04-29,424.575,426.82,420.29,424.46,38288316
2026-04-30,410.81,414.42,398.01,407.78,70909408
2026-05-01,412.8,417.11,410.435,414.44,31372361
2026-05-04,411.54,420.78,410.8,413.62,28066528
2026-05-05,415.32,416.7799,408.8,411.38,25700891
2026-05-06,408,418.4228,405.11,413.96,30285898
2026-05-07,420.11,427.98,418.76,420.77,34942445
2026-05-08,417.385,418.63,414,415.12,33383790
2026-05-11,407.785,412.69,405.5,412.66,35657943
2026-05-12,414.48,415.5,406.64,407.77,38594221
2026-05-13,403.2,406.31,401.03,405.21,29667073
2026-05-14,404.48,411.84,400.88,409.43,27077542
2026-05-15,414.27,428.17,412.91,421.92,50771160
2026-05-18,416.62,425.12,415.61,423.54,32564130
2026-05-19,429.9,432.7,416.49,417.42,33018678
2026-05-20,414.165,422.1,411.3001,421.06,27864016
2026-05-21,424.75,426.34,415.71,419.09,31393469
2026-05-22,419.535,424.4,416.33,418.57,22390344
2026-05-26,416.43,419.77,413.02,416.03,30398049
2026-05-27,411.01,415.94,409.58,412.67,28901479
2026-05-28,412.975,429.49,412.67,426.99,47250541
2026-05-29,432.545,450.33,432.36,450.24,79654376
2026-06-01,464.84,466.32,458.27,460.52,53628910
2026-06-02,446.88,453.5,440.43,441.31,37036801
2026-06-03,438.45,440.39,424.25,427.34,39037007
2026-06-04,435.81,436.15,426.41,428.05,26899511
2026-06-05,428.34,429.47,414.4,416.67,34782165
