Date,Open,High,Low,Close,Volume
2016-01-06,0.789392,0.792936,0.760295,0.769331,402251715
2016-01-07,0.75004,0.755254,0.729103,0.738777,586979770
2016-01-08,0.748343,0.74906,0.721362,0.72296,378002116
2016-01-11,0.72369,0.729322,0.711237,0.72419,419483895
2016-01-12,0.737079,0.747116,0.731249,0.73636,449925952
2016-01-13,0.741953,0.746866,0.713235,0.713934,464089740
2016-01-14,0.699267,0.707605,0.678826,0.699516,559394681
2016-01-15,0.671458,0.679586,0.64998,0.661433,798563047
2016-01-19,0.675131,0.694124,0.664127,0.666765,468395517
2016-01-20,0.654213,0.679086,0.645367,0.670461,451220501
2016-01-21,0.677827,0.688792,0.663868,0.678326,379668439
2016-01-22,0.691238,0.698787,0.68977,0.694124,227333609
2016-01-25,0.693894,0.701841,0.691807,0.693424,250308688
2016-01-26,0.694873,0.703161,0.687674,0.700264,196272018
2016-01-27,0.699267,0.701342,0.678706,0.691937,207306162
2016-01-28,0.697549,0.700016,0.67096,0.684479,261016766
2016-01-29,0.69027,0.715931,0.687574,0.714653,290991607
2016-02-01,0.713934,0.718508,0.707824,0.714913,271077810
2016-02-02,0.707605,0.711237,0.679825,0.684719,317314815
2016-02-03,0.69001,0.694124,0.672217,0.688043,272900476
2016-02-04,0.689012,0.703909,0.681582,0.688292,310796872
2016-02-05,0.683721,0.691238,0.64289,0.644868,552101882
2016-02-08,0.635082,0.638248,0.606376,0.61539,562575631
2016-02-09,0.608072,0.647784,0.605126,0.621882,385907167
2016-02-10,0.625807,0.643889,0.617057,0.620514,323910975
2016-02-11,0.604626,0.62361,0.604626,0.617287,299427448
2016-02-12,0.627043,0.628971,0.603876,0.627802,307993344
2016-02-16,0.636781,0.659507,0.634832,0.658508,415661128
2016-02-17,0.666765,0.681323,0.664127,0.674901,682089439
2016-02-18,0.730281,0.755803,0.729552,0.732907,1018990264
2016-02-19,0.729103,0.74931,0.72343,0.742672,463637035
2016-02-22,0.753457,0.777608,0.751977,0.769091,416075165
2016-02-23,0.762951,0.778367,0.759296,0.77101,353748632
2016-02-24,0.767833,0.777568,0.746616,0.776393,320941901
2016-02-25,0.779365,0.781982,0.764209,0.778108,332377813
2016-02-26,0.781733,0.7836,0.765168,0.772957,337790289
2016-02-29,0.774055,0.7841,0.767467,0.767932,267058530
2016-03-01,0.769931,0.801942,0.768691,0.801942,310158921
2016-03-02,0.797569,0.809552,0.796072,0.806655,221523059
2016-03-03,0.805647,0.809043,0.788823,0.799526,207787570
2016-03-04,0.805647,0.806407,0.791039,0.797071,164096288
2016-03-07,0.792656,0.798049,0.781534,0.791936,184693173
2016-03-08,0.78386,0.788573,0.774915,0.777509,223214470
2016-03-09,0.78436,0.785458,0.766967,0.777012,212620773
2016-03-10,0.781634,0.786077,0.760125,0.775793,292065347
2016-03-11,0.787324,0.789322,0.778008,0.789072,261150615
2016-03-14,0.785359,0.794136,0.781634,0.791039,194292679
2016-03-15,0.786826,0.791936,0.773057,0.787075,230945211
2016-03-16,0.781164,0.813236,0.777509,0.810539,371243664
2016-03-17,0.807604,0.811519,0.792756,0.80369,361070964
2016-03-18,0.813236,0.838667,0.808104,0.827984,556914494
2016-03-21,0.820605,0.830661,0.811769,0.830431,344841948
2016-03-22,0.827734,0.834654,0.81861,0.828963,247069120
2016-03-23,0.832559,0.849261,0.828963,0.843142,437974021
2016-03-24,0.835522,0.845877,0.832798,0.844381,250074218
2016-03-28,0.842883,0.856542,0.841914,0.852977,234044961
2016-03-29,0.849261,0.868594,0.847335,0.866617,248362197
2016-03-30,0.869812,0.887675,0.869342,0.875704,358716014
2016-03-31,0.879648,0.881584,0.865618,0.872537,370402300
2016-04-01,0.867096,0.885737,0.860486,0.885238,290424562
2016-04-04,0.892627,0.89723,0.873286,0.876712,348996390
2016-04-05,0.868844,0.883531,0.865378,0.875464,305779064
2016-04-06,0.8644,0.877201,0.848034,0.876712,433713651
2016-04-07,0.871059,0.87895,0.8639,0.867595,351015579
2016-04-08,0.874734,0.880337,0.864519,0.873286,242583205
2016-04-11,0.87845,0.893116,0.875704,0.87869,372106911
2016-04-12,0.881584,0.882811,0.860486,0.877691,267839644
2016-04-13,0.881584,0.899978,0.881584,0.899728,341422112
2016-04-14,0.89723,0.905997,0.893585,0.902146,376793275
2016-04-15,0.901906,0.917321,0.899029,0.909182,414792954
2016-04-18,0.907494,0.907494,0.89651,0.905239,281773810
2016-04-19,0.908703,0.91042,0.883531,0.889184,289553423
2016-04-20,0.887675,0.897979,0.886705,0.892627,189828846
2016-04-21,0.892856,0.89698,0.887675,0.891651,157355332
2016-04-22,0.894554,0.900726,0.885108,0.888175,204448744
2016-04-25,0.888435,0.897479,0.885985,0.892627,176313976
2016-04-26,0.897979,0.908213,0.889403,0.893356,202856701
2016-04-27,0.891152,0.914097,0.889473,0.913597,341457384
2016-04-28,0.907964,0.913347,0.884239,0.886455,372209974
2016-04-29,0.882811,0.884738,0.860486,0.870071,300413688
2016-05-02,0.87845,0.886955,0.874284,0.881584,230111479
2016-05-03,0.871569,0.875204,0.863451,0.871059,185506875
2016-05-04,0.860486,0.861186,0.842383,0.851229,438661365
2016-05-05,0.85828,0.866377,0.85001,0.856043,217680763
2016-05-06,0.854955,0.867475,0.853227,0.865119,175242549
2016-05-09,0.867346,0.871059,0.856792,0.8639,298045549
2016-05-10,0.869342,0.882064,0.860926,0.880587,252814462
2016-05-11,0.883281,0.892856,0.87845,0.883061,254664659
2016-05-12,0.889403,0.893356,0.855394,0.871059,591401650
2016-05-13,0.959669,1.004,0.954975,1.0036,2101226822
2016-05-16,0.995913,1.04813,0.992718,1.03315,981848062
2016-05-17,1.02847,1.04283,1.01539,1.03533,545838749
2016-05-18,1.02847,1.07381,1.02847,1.06182,546171514
2016-05-19,1.05773,1.07411,1.05613,1.06641,401670128
2016-05-20,1.07311,1.08997,1.07141,1.08569,363614565
2016-05-23,1.09017,1.09436,1.08069,1.08739,347776171
2016-05-24,1.09057,1.11712,1.08769,1.11362,371387288
2016-05-25,1.11712,1.12172,1.10016,1.10896,454046723
2016-05-26,1.11093,1.12881,1.10776,1.12072,294555518
2016-05-27,1.12192,1.12861,1.11832,1.12691,188350133
2016-05-31,1.13181,1.1494,1.13111,1.14701,317535304
2016-06-01,1.14171,1.16035,1.13821,1.1493,293714004
2016-06-02,1.15538,1.16725,1.14411,1.15737,292624250
2016-06-03,1.14601,1.1475,1.12102,1.14091,423464157
2016-06-06,1.14411,1.15298,1.12931,1.13531,304515871
2016-06-07,1.14211,1.1485,1.13701,1.13751,178091054
2016-06-08,1.13771,1.14191,1.12442,1.13381,222496180
2016-06-09,1.12981,1.16495,1.12741,1.16325,463518889
2016-06-10,1.1495,1.15986,1.13281,1.13431,372729468
2016-06-13,1.13551,1.17105,1.13551,1.1487,414620417
2016-06-14,1.14601,1.15638,1.13321,1.151,269937670
2016-06-15,1.16055,1.17284,1.1503,1.16285,275699507
2016-06-16,1.15418,1.16935,1.14291,1.16745,202301244
2016-06-17,1.16885,1.16915,1.14241,1.14701,397004204
2016-06-20,1.16545,1.18264,1.16475,1.16765,265363143
2016-06-21,1.17264,1.17584,1.15886,1.16055,192881005
2016-06-22,1.16305,1.17065,1.15766,1.15966,167336897
2016-06-23,1.17065,1.19183,1.16985,1.19064,270094094
2016-06-24,1.14171,1.16285,1.11213,1.12252,588469580
2016-06-27,1.11342,1.12192,1.09426,1.11073,414275063
2016-06-28,1.13181,1.13311,1.11143,1.12671,341284727
2016-06-29,1.13671,1.15418,1.13381,1.14451,295030476
2016-06-30,1.14731,1.16125,1.13801,1.15418,366994892
2016-07-01,1.1477,1.16285,1.14171,1.14551,204378640
2016-07-05,1.13921,1.16445,1.13011,1.16255,349763953
2016-07-06,1.15448,1.17664,1.1485,1.17015,237025793
2016-07-07,1.17774,1.20461,1.17234,1.20041,365304263
2016-07-08,1.21318,1.25433,1.20848,1.24844,446547127
2016-07-11,1.26631,1.28658,1.26482,1.27719,383954527
2016-07-12,1.29148,1.30814,1.27519,1.29637,410133430
2016-07-13,1.29887,1.30615,1.29398,1.29587,320673601
2016-07-14,1.30266,1.32093,1.29198,1.30903,299726504
2016-07-15,1.29238,1.29966,1.2728,1.29398,402838319
2016-07-18,1.30983,1.31183,1.29557,1.30056,253463439
2016-07-19,1.29976,1.31913,1.29737,1.31403,254929254
2016-07-20,1.31843,1.33821,1.31303,1.33131,271945733
2016-07-21,1.32831,1.33251,1.30216,1.30665,336779914
2016-07-22,1.31133,1.34221,1.30166,1.34221,278908059
2016-07-25,1.35038,1.37037,1.3445,1.36717,295632873
2016-07-26,1.37916,1.3975,1.37717,1.39043,407235101
2016-07-27,1.40238,1.40488,1.36817,1.37647,436178615
2016-07-28,1.37966,1.38973,1.37527,1.37946,194141413
2016-07-29,1.38455,1.40568,1.35978,1.40198,367533184
2016-08-01,1.40788,1.41298,1.38385,1.39293,290186116
2016-08-02,1.3995,1.4002,1.36267,1.37597,259440677
2016-08-03,1.37427,1.38236,1.36667,1.37966,265261081
2016-08-04,1.38624,1.41158,1.38355,1.40518,266021875
2016-08-05,1.42128,1.42965,1.41448,1.42885,315536685
2016-08-08,1.44853,1.45203,1.42686,1.44213,263592224
2016-08-09,1.44923,1.45983,1.44213,1.44583,351094146
2016-08-10,1.45863,1.46083,1.43195,1.43655,332735106
2016-08-11,1.44413,1.4719,1.44124,1.4657,544577269
2016-08-12,1.51974,1.55598,1.48849,1.54768,1412662012
2016-08-15,1.54938,1.55888,1.52532,1.54618,534354143
2016-08-16,1.54388,1.54638,1.53221,1.53679,271559578
2016-08-17,1.53679,1.54029,1.48909,1.50136,543817006
2016-08-18,1.49907,1.52702,1.49319,1.52452,276478869
2016-08-19,1.52392,1.53999,1.51724,1.52852,281557127
2016-08-22,1.53311,1.53709,1.51505,1.53491,226651112
2016-08-23,1.55048,1.55738,1.54288,1.54728,297019981
2016-08-24,1.55278,1.55348,1.51635,1.52353,260271215
2016-08-25,1.52402,1.52462,1.49449,1.51345,332965850
2016-08-26,1.51734,1.53431,1.50525,1.52562,294469450
2016-08-29,1.53181,1.53789,1.52213,1.52462,275452970
2016-08-30,1.52273,1.53091,1.51175,1.51585,238979044
2016-08-31,1.51884,1.52303,1.50425,1.50875,363306896
2016-09-01,1.50995,1.55888,1.50875,1.55328,394416538
2016-09-02,1.55638,1.55808,1.52054,1.53789,297308691
2016-09-06,1.54328,1.55248,1.5354,1.55248,260426556
2016-09-07,1.54758,1.55508,1.52084,1.52981,261691481
2016-09-08,1.52812,1.54308,1.51075,1.54069,267894045
2016-09-09,1.52373,1.53231,1.45123,1.46401,683460442
2016-09-12,1.44463,1.49707,1.40978,1.49449,512761264
2016-09-13,1.49049,1.50775,1.46431,1.473,372071708
2016-09-14,1.476,1.49049,1.46381,1.4856,267614959
2016-09-15,1.4881,1.54358,1.4846,1.54189,512970175
2016-09-16,1.54728,1.55568,1.52792,1.54558,847120581
2016-09-19,1.56177,1.6051,1.55468,1.56596,376918301
2016-09-20,1.58393,1.58393,1.54308,1.55178,311956610
2016-09-21,1.55638,1.5983,1.55618,1.59532,311737133
2016-09-22,1.6046,1.6096,1.59013,1.5993,275354793
2016-09-23,1.6012,1.6058,1.59033,1.59751,259360087
2016-09-26,1.57925,1.58883,1.56247,1.58244,191718823
2016-09-27,1.57626,1.63915,1.57556,1.63666,369056835
2016-09-28,1.63915,1.64384,1.62158,1.64255,287059887
2016-09-29,1.63985,1.66292,1.62458,1.65773,315408935
2016-09-30,1.66691,1.70184,1.65703,1.68548,346978853
2016-10-03,1.68548,1.70964,1.68068,1.68368,210856924
2016-10-04,1.68618,1.71444,1.66741,1.67988,253980370
2016-10-05,1.69427,1.71144,1.673,1.67818,283279003
2016-10-06,1.65803,1.66841,1.62968,1.65623,358465591
2016-10-07,1.66741,1.6718,1.63955,1.64434,267186410
2016-10-10,1.65283,1.66172,1.63496,1.65013,255607004
2016-10-11,1.64504,1.64744,1.614,1.62648,301055334
2016-10-12,1.61989,1.64255,1.6063,1.63386,248045776
2016-10-13,1.6147,1.61849,1.56666,1.6074,353077241
2016-10-14,1.62698,1.63815,1.6135,1.62308,242717615
2016-10-17,1.62288,1.63815,1.6115,1.6138,179267277
2016-10-18,1.63616,1.64774,1.62948,1.63835,209127857
2016-10-19,1.62718,1.64255,1.61899,1.63496,171322897
2016-10-20,1.65403,1.6713,1.63066,1.66591,290723407
2016-10-21,1.66002,1.66421,1.64554,1.66122,160806445
2016-10-24,1.6725,1.7412,1.6723,1.7392,335179529
2016-10-25,1.73631,1.77834,1.72793,1.76796,388890212
2016-10-26,1.753,1.79443,1.7513,1.77495,325438943
2016-10-27,1.78853,1.79193,1.73123,1.7385,321906178
2016-10-28,1.7469,1.77345,1.73232,1.73562,282587662
2016-10-31,1.7412,1.76189,1.7402,1.7503,256524171
2016-11-01,1.7568,1.76646,1.67968,1.69845,480978840
2016-11-02,1.71144,1.73462,1.68828,1.69127,300696720
2016-11-03,1.69905,1.70054,1.63915,1.6715,314737575
2016-11-04,1.66052,1.69057,1.63746,1.66192,334166599
2016-11-07,1.71064,1.76418,1.70944,1.753,454798293
2016-11-08,1.75979,1.76547,1.73402,1.7503,427769964
2016-11-09,1.70284,1.744,1.69037,1.72084,457811003
2016-11-10,1.7585,1.7588,1.64205,1.66691,691075621
2016-11-11,1.9559,2.18334,1.93102,2.16367,2198524482
2016-11-14,2.16667,2.16915,2.05672,2.05712,1370896490
2016-11-15,2.07311,2.15088,2.06422,2.11994,636348753
2016-11-16,2.14819,2.27659,2.12363,2.25382,994231356
2016-11-17,2.27049,2.33162,2.22969,2.27249,838898187
2016-11-18,2.27249,2.32025,2.25802,2.29636,580305574
2016-11-21,2.31435,2.32075,2.27279,2.28707,424352611
2016-11-22,2.29496,2.30575,2.27229,2.30345,312012974
2016-11-23,2.30875,2.3464,2.28527,2.31495,432850495
2016-11-25,2.32593,2.3427,2.30096,2.31955,187280879
2016-11-28,2.31235,2.33382,2.30575,2.31835,239073835
2016-11-29,2.31565,2.32643,2.27929,2.29706,418399269
2016-11-30,2.30575,2.31955,2.26881,2.27119,417867236
2016-12-01,2.26881,2.27049,2.0881,2.15878,1030535790
2016-12-02,2.12453,2.18744,2.09678,2.17874,479673614
2016-12-05,2.2167,2.28128,2.19234,2.26332,599554840
2016-12-06,2.27149,2.30895,2.25572,2.30056,489312900
2016-12-07,2.28697,2.3477,2.26881,2.342,461177039
2016-12-08,2.3449,2.38015,2.29226,2.30246,373858100
2016-12-09,2.32055,2.32225,2.23449,2.26182,383642742
2016-12-12,2.2133,2.2157,2.15628,2.2069,596853565
2016-12-13,2.21919,2.27349,2.21819,2.24585,382229366
2016-12-14,2.27958,2.39223,2.25572,2.37595,968331779
2016-12-15,2.38703,2.46163,2.37965,2.43189,739067983
2016-12-16,2.45923,2.48079,2.40729,2.47361,998513878
2016-12-19,2.45593,2.52403,2.43877,2.50376,737892381
2016-12-20,2.57634,2.61431,2.56486,2.59084,843930266
2016-12-21,2.60233,2.60981,2.5546,2.60682,573319142
2016-12-22,2.63147,2.68158,2.62428,2.63836,724500053
2016-12-23,2.62049,2.70557,2.61781,2.70307,624914463
2016-12-27,2.76047,2.89138,2.73952,2.89038,1198761432
2016-12-28,2.94631,2.95429,2.67709,2.69107,2291816182
2016-12-29,2.58434,2.7462,2.53202,2.7448,2184423127
2016-12-30,2.7428,2.75697,2.61849,2.62948,1230961268
2017-01-03,2.57186,2.62029,2.44814,2.51305,1490041739
2017-01-04,2.547,2.59913,2.50136,2.57156,1203497510
2017-01-05,2.57514,2.60652,2.48958,2.50635,979410890
2017-01-06,2.53332,2.56816,2.49308,2.53951,721229128
2017-01-09,2.5494,2.66034,2.5494,2.64235,919726504
2017-01-10,2.65565,2.68957,2.60233,2.62278,780025180
2017-01-11,2.61111,2.61611,2.56556,2.59054,523254512
2017-01-12,2.56756,2.57934,2.50356,2.5479,631415411
2017-01-13,2.5519,2.58684,2.53851,2.5476,458732416
2017-01-17,2.53702,2.542,2.47771,2.49108,555984028
2017-01-18,2.46922,2.5427,2.44146,2.53572,550737940
2017-01-19,2.53871,2.62248,2.53652,2.59054,631082195
2017-01-20,2.61311,2.63107,2.54,2.56216,486924200
2017-01-23,2.5569,2.60851,2.5544,2.58884,364398393
2017-01-24,2.59913,2.64995,2.58434,2.64365,425813859
2017-01-25,2.68607,2.69227,2.61929,2.65515,522487188
2017-01-26,2.65794,2.70806,2.62848,2.70087,459376706
2017-01-27,2.70756,2.75617,2.68108,2.75318,452048045
2017-01-30,2.73203,2.73423,2.65814,2.70986,492263717
2017-01-31,2.68358,2.71056,2.66533,2.68927,356105424
2017-02-01,2.72354,2.8117,2.70607,2.80741,584684549
2017-02-02,2.79114,2.85155,2.76047,2.84297,484353649
2017-02-03,2.84457,2.85544,2.80612,2.8181,378286380
2017-02-06,2.80871,2.89058,2.80871,2.89038,489361692
2017-02-07,2.92453,2.97865,2.90477,2.93503,750363306
2017-02-08,2.91703,2.93953,2.86741,2.92233,449092811
2017-02-09,2.92853,2.93333,2.84827,2.86741,680524868
2017-02-10,2.95429,2.97327,2.77375,2.79912,1662367352
2017-02-13,2.79343,2.80811,2.66533,2.66932,1171844388
2017-02-14,2.66014,2.71306,2.6183,2.67928,854343585
2017-02-15,2.68228,2.70457,2.65435,2.68488,374559435
2017-02-16,2.69457,2.69507,2.60253,2.64135,619051005
2017-02-17,2.62848,2.64565,2.58154,2.64115,549700714
2017-02-21,2.66613,2.73981,2.66593,2.73583,541262218
2017-02-22,2.74799,2.75747,2.71256,2.73153,414725925
2017-02-23,2.60233,2.62408,2.45873,2.47891,1595512239
2017-02-24,2.39433,2.51604,2.3605,2.50136,997148283
2017-02-27,2.52103,2.59034,2.50505,2.57534,669065770
2017-02-28,2.58514,2.59484,2.48609,2.50336,614325793
2017-03-01,2.55986,2.57435,2.49408,2.53472,475502098
2017-03-02,2.52273,2.53632,2.43907,2.44186,700819743
2017-03-03,2.43119,2.43618,2.37336,2.42779,866509956
2017-03-06,2.39163,2.41969,2.3474,2.40899,887527518
2017-03-07,2.40899,2.45493,2.39622,2.43548,600678014
2017-03-08,2.48409,2.49877,2.42869,2.43089,624105457
2017-03-09,2.41489,2.45293,2.4023,2.43049,466612500
2017-03-10,2.45703,2.46882,2.42649,2.44435,474531131
2017-03-13,2.48239,2.52233,2.45443,2.51235,784653778
2017-03-14,2.52533,2.53402,2.47841,2.51055,529108957
2017-03-15,2.52233,2.54,2.47461,2.52952,623390121
2017-03-16,2.53971,2.56086,2.52633,2.56036,530206833
2017-03-17,2.57814,2.61731,2.56036,2.61611,997272679
2017-03-20,2.63377,2.70327,2.61751,2.69927,758736334
2017-03-21,2.68208,2.71186,2.60383,2.61211,925895036
2017-03-22,2.60133,2.66992,2.59734,2.66563,625143805
2017-03-23,2.65764,2.67709,2.63177,2.64115,541195990
2017-03-24,2.68757,2.69557,2.62478,2.65065,436747973
2017-03-27,2.60383,2.6733,2.5546,2.66962,496579318
2017-03-28,2.67092,2.68557,2.64565,2.65614,411778112
2017-03-29,2.66363,2.67559,2.64515,2.64735,349109398
2017-03-30,2.65465,2.71286,2.64895,2.69807,527930130
2017-03-31,2.68857,2.71006,2.6733,2.68657,439648756
2017-04-03,2.68707,2.70427,2.64935,2.6729,451281592
2017-04-04,2.5502,2.57554,2.47521,2.48609,1278125626
2017-04-05,2.46702,2.52533,2.45413,2.46732,745240902
2017-04-06,2.47261,2.49757,2.42729,2.48559,637496464
2017-04-07,2.49178,2.50935,2.45963,2.47491,434895403
2017-04-10,2.47561,2.48239,2.40729,2.41149,745397315
2017-04-11,2.38145,2.43937,2.37645,2.42019,626548278
2017-04-12,2.42019,2.43448,2.39502,2.40011,404859911
2017-04-13,2.37605,2.39771,2.3553,2.3553,503033126
2017-04-17,2.36817,2.44774,2.363,2.44754,492264478
2017-04-18,2.43318,2.45513,2.40729,2.44904,371586535
2017-04-19,2.46652,2.49108,2.45193,2.45873,378795208
2017-04-20,2.47341,2.50256,2.45193,2.49777,396348848
2017-04-21,2.48758,2.51075,2.47561,2.50805,338004439
2017-04-24,2.53931,2.5522,2.51874,2.53901,376543853
2017-04-25,2.5536,2.59813,2.53202,2.58354,393473002
2017-04-26,2.59714,2.59953,2.56356,2.56556,331049624
2017-04-27,2.57315,2.61381,2.5549,2.60533,323755794
2017-04-28,2.59883,2.60533,2.56686,2.57255,352977583
2017-05-01,2.58354,2.63547,2.57634,2.63027,311351528
2017-05-02,2.60313,2.60413,2.52972,2.5522,633247892
2017-05-03,2.5453,2.58114,2.53032,2.57136,340629140
2017-05-04,2.57754,2.58854,2.5534,2.56136,212417980
2017-05-05,2.5496,2.56886,2.53402,2.56156,231532877
2017-05-08,2.57355,2.57514,2.52373,2.53452,369479585
2017-05-09,2.5403,2.58814,2.53172,2.53871,781627118
2017-05-10,2.8194,3.00421,2.8127,2.99142,2154211163
2017-05-11,2.96069,3.217,2.95729,3.12014,1961602424
2017-05-12,3.12333,3.19654,3.10227,3.15427,974520041
2017-05-15,3.19554,3.31546,3.19104,3.31286,1098468137
2017-05-16,3.36437,3.39003,3.28919,3.37507,1134301839
2017-05-17,3.30767,3.32665,3.14588,3.15007,1285802417
2017-05-18,3.19404,3.29089,3.13362,3.2819,1171736477
2017-05-19,3.38334,3.41232,3.33911,3.35837,1024128141
2017-05-22,3.40133,3.44367,3.39073,3.42928,845919581
2017-05-23,3.44925,3.45145,3.35108,3.38353,689123352
2017-05-24,3.48059,3.48339,3.40873,3.421,826942590
2017-05-25,3.45665,3.45744,3.36937,3.41331,614989602
2017-05-26,3.40503,3.58723,3.38533,3.50217,787616544
2017-05-30,3.54811,3.61202,3.53233,3.57706,1000154263
2017-05-31,3.62197,3.62967,3.50757,3.56409,895067845
2017-06-01,3.58005,3.58104,3.51915,3.56429,506755494
2017-06-02,3.56129,3.58773,3.54082,3.54652,493008096
2017-06-05,3.53053,3.66764,3.51885,3.65465,826304880
2017-06-06,3.64996,3.69639,3.62467,3.63817,767774463
2017-06-07,3.66264,3.70107,3.64697,3.68211,614223440
2017-06-08,3.78946,3.95049,3.7482,3.9491,1165736526
2017-06-09,4.06793,4.16037,3.52484,3.6941,3734732963
2017-06-12,3.60172,3.7459,3.50887,3.70327,1712957485
2017-06-13,3.81171,3.82099,3.59602,3.7385,1690689629
2017-06-14,3.7415,3.80363,3.66694,3.7465,1195757776
2017-06-15,3.62867,3.79266,3.61719,3.76248,972072163
2017-06-16,3.77217,3.81929,3.70996,3.7439,932419349
2017-06-19,3.78816,3.8892,3.78446,3.88391,783907105
2017-06-20,3.92633,3.99323,3.87422,3.87842,1108032571
2017-06-21,3.90589,3.94112,3.84397,3.93733,691197883
2017-06-22,3.9455,3.95878,3.88591,3.90989,474455568
2017-06-23,3.91755,3.93353,3.78346,3.79845,1100999920
2017-06-26,3.83068,3.86622,3.66264,3.75688,1076749721
2017-06-27,3.7395,3.7482,3.61341,3.61918,1010489826
2017-06-28,3.68711,3.75169,3.59842,3.7472,1005735551
2017-06-29,3.71893,3.72193,3.5573,3.62168,1074401852
2017-06-30,3.63917,3.65265,3.54312,3.56927,739011509
2017-07-03,3.58144,3.59622,3.4213,3.43998,717950442
2017-07-05,3.50387,3.56079,3.48489,3.53233,829243479
2017-07-06,3.50317,3.58973,3.45065,3.54282,754235407
2017-07-07,3.59922,3.64217,3.57646,3.62367,660330372
2017-07-10,3.69769,3.80244,3.67124,3.79516,967503084
2017-07-11,3.79865,3.85592,3.75688,3.84845,766316871
2017-07-12,3.90819,4.0247,3.86522,4.01241,1154332851
2017-07-13,4.0247,4.10587,3.91935,3.96527,1384565721
2017-07-14,3.98206,4.07433,3.97506,4.07433,952801284
2017-07-17,4.10657,4.13584,3.99343,4.05564,937329437
2017-07-18,3.99423,4.11207,3.98226,4.09728,785658706
2017-07-19,4.10657,4.13325,4.06463,4.07663,693403951
2017-07-20,4.09658,4.13604,4.04715,4.13584,705280330
2017-07-21,4.11507,4.18037,4.10058,4.15041,646309217
2017-07-24,4.15768,4.16737,4.09188,4.10208,657487115
2017-07-25,4.07962,4.09658,4.03897,4.08291,499851405
2017-07-26,4.14013,4.19584,4.09488,4.12985,646924965
2017-07-27,4.15468,4.16637,3.8899,3.99323,772586114
2017-07-28,3.95748,4.08361,3.93253,4.05914,519294691
2017-07-31,4.07263,4.10827,3.96577,4.01241,565430756
2017-08-01,4.00273,4.06334,3.97506,4.06164,435336200
2017-08-02,4.09258,4.09608,3.98146,4.05914,471602606
2017-08-03,4.05864,4.11407,4.04136,4.11027,447455791
2017-08-04,4.13325,4.19933,4.11027,4.12855,595768638
2017-08-07,4.15768,4.25566,4.14793,4.25516,723543187
2017-08-08,4.29359,4.31007,4.16567,4.20481,761583988
2017-08-09,4.15868,4.25167,4.13993,4.24917,534384979
2017-08-10,4.25047,4.26286,4.05764,4.06793,1299711084
2017-08-11,3.87962,3.92553,3.77587,3.85024,1514246691
2017-08-14,3.94232,4.16167,3.93053,4.15788,1291525576
2017-08-15,4.16307,4.18934,4.08889,4.12285,772804139
2017-08-16,4.13793,4.16137,4.04535,4.07793,602859595
2017-08-17,4.06963,4.0866,3.98425,3.98645,528448142
2017-08-18,4.04116,4.05834,3.94152,3.98725,607935980
2017-08-21,4.01201,4.0234,3.88521,3.92933,630566105
2017-08-22,3.96607,4.023,3.9468,4.01701,454494671
2017-08-23,3.98326,4.10827,3.97476,4.09708,585211184
2017-08-24,4.12955,4.13404,4.05594,4.08261,474435929
2017-08-25,4.10627,4.11657,4.04166,4.04815,360627513
2017-08-28,4.06733,4.08032,4.01141,4.07713,390855030
2017-08-29,4.018,4.09208,4.00971,4.07033,326856255
2017-08-30,4.09008,4.10527,4.05964,4.09428,387146424
2017-08-31,4.11457,4.19134,4.10707,4.18734,619186977
2017-09-01,4.20003,4.24767,4.19134,4.2126,450354781
2017-09-05,4.16107,4.16637,4.04196,4.09988,703864550
2017-09-06,4.13305,4.14673,4.06294,4.09728,400500615
2017-09-07,4.11427,4.14892,4.07663,4.11657,356633130
2017-09-08,4.10487,4.11986,4.021,4.04515,502388716
2017-09-11,4.09108,4.18734,4.0859,4.17667,573146675
2017-09-12,4.20131,4.20131,4.12625,4.19164,415547038
2017-09-13,4.16637,4.23897,4.13404,4.2103,586915835
2017-09-14,4.17137,4.26416,4.14673,4.18634,517623510
2017-09-15,4.27163,4.45125,4.26644,4.45125,1374108006
2017-09-18,4.57587,4.72464,4.56898,4.63497,1695839845
2017-09-19,4.58466,4.69149,4.56299,4.62997,882172838
2017-09-20,4.63377,4.68092,4.55302,4.59233,704886343
2017-09-21,4.48891,4.51525,4.38944,4.46703,1087127457
2017-09-22,4.45604,4.50557,4.41382,4.4238,496233002
2017-09-25,4.39294,4.39423,4.20501,4.22559,883277705
2017-09-26,4.3607,4.41582,4.2098,4.24917,1136837829
2017-09-27,4.34002,4.3563,4.26883,4.34272,718637987
2017-09-28,4.35002,4.35401,4.29409,4.34152,439635246
2017-09-29,4.4258,4.44207,4.38047,4.41811,625449761
2017-10-02,4.46803,4.49729,4.37428,4.4238,508570338
2017-10-03,4.43008,4.46274,4.38864,4.43308,394013778
2017-10-04,4.43927,4.4921,4.40232,4.46973,432222149
2017-10-05,4.49429,4.49789,4.43777,4.46723,441540215
2017-10-06,4.44007,4.49389,4.4238,4.48042,321793820
2017-10-09,4.51755,4.61461,4.49859,4.58186,567554000
2017-10-10,4.73044,4.76809,4.62778,4.66874,984228940
2017-10-11,4.68521,4.71966,4.63977,4.71816,534468964
2017-10-12,4.72165,4.77159,4.69349,4.72045,531391298
2017-10-13,4.78308,4.81861,4.73583,4.80852,634822168
2017-10-16,4.83838,4.89429,4.77539,4.8915,580938236
2017-10-17,4.87052,4.91506,4.85216,4.88711,470639391
2017-10-18,4.89579,4.89649,4.77739,4.88281,572961519
2017-10-19,4.80502,4.89309,4.7556,4.88831,573762543
2017-10-20,4.90478,4.93224,4.85685,4.86582,455615752
2017-10-23,4.88781,4.91376,4.83838,4.85884,432755964
2017-10-24,4.86812,4.91128,4.84188,4.90948,408850999
2017-10-25,4.87032,4.92306,4.72384,4.78577,836814632
2017-10-26,4.81321,4.84737,4.78937,4.83558,324498862
2017-10-27,4.8903,4.98855,4.86213,4.98825,578039496
2017-10-30,4.98825,5.09329,4.97268,5.03737,509918457
2017-10-31,5.06963,5.13794,5.06383,5.11127,416698474
2017-11-01,5.17388,5.18885,5.05636,5.12077,508422468
2017-11-02,5.09099,5.13595,5.03268,5.0896,346290307
2017-11-03,5.12077,5.15771,5.07482,5.15771,357753500
2017-11-06,5.12077,5.18915,5.10857,5.18065,393798237
2017-11-07,5.20343,5.26137,5.19115,5.23878,431836834
2017-11-08,5.23508,5.23878,5.12177,5.16919,527419058
2017-11-09,5.07302,5.09927,4.95141,5.07432,966915568
2017-11-10,5.26575,5.40414,5.22958,5.34152,1266594482
2017-11-13,5.34152,5.36729,5.23908,5.25457,588000882
2017-11-14,5.26375,5.30857,5.2198,5.2933,534184130
2017-11-15,5.23758,5.23878,5.13575,5.18915,506454555
2017-11-16,5.26336,5.2937,5.2204,5.22938,444699884
2017-11-17,5.28672,5.32235,5.20812,5.22309,520878711
2017-11-20,5.23858,5.30287,5.20213,5.29071,399523118
2017-11-21,5.33053,5.35112,5.29867,5.33932,403003074
2017-11-22,5.36679,5.36679,5.28272,5.31556,360298002
2017-11-24,5.33182,5.36679,5.30737,5.36579,182727003
2017-11-27,5.37448,5.37548,5.2927,5.29599,427029881
2017-11-28,5.30117,5.31057,5.15023,5.21062,517561938
2017-11-29,5.19365,5.19644,4.72864,4.85585,1410361063
2017-11-30,4.92605,5.01192,4.86312,4.9634,831998174
2017-12-01,4.92875,4.94901,4.75939,4.88881,818917641
2017-12-04,4.94702,4.95321,4.56319,4.61601,1252523021
2017-12-05,4.51107,4.76509,4.46573,4.64277,991321780
2017-12-06,4.59233,4.70148,4.57177,4.67992,469286785
2017-12-07,4.74681,4.78757,4.70088,4.74761,541633221
2017-12-08,4.79752,4.81661,4.72664,4.73513,466386763
2017-12-11,4.7494,4.81661,4.73344,4.81361,374959021
2017-12-12,4.77009,4.79334,4.69569,4.71886,458588422
2017-12-13,4.76009,4.76139,4.59683,4.60433,559201443
2017-12-14,4.59783,4.68192,4.56579,4.61131,441748385
2017-12-15,4.65496,4.7571,4.59033,4.73782,676051151
2017-12-18,4.77759,4.89709,4.74781,4.89409,480920513
2017-12-19,4.88481,4.8901,4.82121,4.84957,375645123
2017-12-20,4.88931,4.89829,4.81101,4.86552,291693142
2017-12-21,4.87032,4.89529,4.83558,4.84417,303759975
2017-12-22,4.80732,4.83818,4.72914,4.82889,470923925
2017-12-26,4.77339,4.8905,4.74342,4.88281,358243630
2017-12-27,4.86932,4.94502,4.85455,4.87482,332430151
2017-12-28,4.89949,4.93045,4.87552,4.88181,242598718
2017-12-29,4.90748,4.90748,4.78507,4.78507,282327765
2018-01-02,4.84138,4.93344,4.80971,4.92975,356569996
2018-01-03,5.04737,5.28502,5.03867,5.25437,920382381
2018-01-04,5.33582,5.39267,5.25977,5.28232,588501458
2018-01-05,5.29727,5.36449,5.2198,5.32734,583555647
2018-01-08,5.44995,5.56428,5.40534,5.48971,880552013
2018-01-09,5.49511,5.53504,5.40694,5.48811,501903974
2018-01-10,5.39636,5.53504,5.34182,5.53164,588085077
2018-01-11,5.56428,5.59546,5.51986,5.54163,409798752
2018-01-12,5.52965,5.56399,5.47342,5.51408,363403750
2018-01-16,5.54083,5.62612,5.35912,5.44287,697770829
2018-01-17,5.45743,5.56687,5.36429,5.5573,543235209
2018-01-18,5.53804,5.60464,5.50668,5.55063,411823099
2018-01-19,5.6406,5.71468,5.61363,5.6903,596494550
2018-01-22,5.69829,5.78058,5.6408,5.77888,555444994
2018-01-23,5.83232,5.93084,5.81382,5.90787,477741124
2018-01-24,5.91107,5.94712,5.77538,5.83112,586282160
2018-01-25,5.8859,5.92885,5.82982,5.84478,413374210
2018-01-26,5.8889,6.01804,5.87604,6.01784,520763019
2018-01-29,6.00305,6.13634,5.95012,6.10519,459399601
2018-01-30,5.96271,6.0945,5.8961,6.00265,575762313
2018-01-31,6.07822,6.1644,6.04556,6.07892,481926672
2018-02-01,5.8989,6.10649,5.8873,5.94742,521676049
2018-02-02,5.86105,5.8851,5.71668,5.77458,723636926
2018-02-05,5.61363,5.76788,5.06983,5.28502,1172541327
2018-02-06,5.05486,5.58117,5.04487,5.57817,1126982592
2018-02-07,5.67702,5.81052,5.60613,5.65835,810111898
2018-02-08,5.78358,5.81682,5.37918,5.37938,1113687989
2018-02-09,5.8921,5.90727,5.37938,5.73924,1691027393
2018-02-12,5.82032,5.82332,5.56498,5.6396,1102191657
2018-02-13,5.60264,5.79914,5.57017,5.75291,631597933
2018-02-14,5.71248,5.99936,5.70128,5.9704,751335265
2018-02-15,6.05376,6.14273,5.97288,6.0965,704779223
2018-02-16,6.06925,6.18237,6.02133,6.0306,644030681
2018-02-20,6.05296,6.22852,6.04926,6.1594,692872639
2018-02-21,6.22412,6.2305,5.9689,5.97268,853852814
2018-02-22,6.00664,6.07852,5.92625,5.99207,538907860
2018-02-23,6.05226,6.08591,6.00135,6.08591,418281253
2018-02-26,6.13236,6.13674,6.03956,6.10219,471990985
2018-02-27,6.07522,6.1592,6.06626,6.08921,460126544
2018-02-28,6.1002,6.13973,5.97687,5.98837,528502663
2018-03-01,5.98637,6.04026,5.64478,5.74592,1050831105
2018-03-02,5.6384,5.85975,5.48941,5.85328,922834786
2018-03-05,5.80312,5.87104,5.67901,5.83112,627169884
2018-03-06,5.91626,6.01184,5.87374,5.99237,643368314
2018-03-07,5.8896,6.03696,5.8883,5.98467,587194921
2018-03-08,6.01204,6.01204,5.92355,5.9681,416152771
2018-03-09,6.01584,6.08392,5.99966,6.07124,510732360
2018-03-12,6.11269,6.26026,6.10449,6.18037,611293234
2018-03-13,6.22312,6.29741,6.08871,6.13006,626155382
2018-03-14,6.17257,6.20015,6.0932,6.1552,510700523
2018-03-15,6.16858,6.25078,6.12836,6.16987,406093169
2018-03-16,6.18637,6.21712,6.14873,6.19836,403571321
2018-03-19,6.14173,6.17017,5.86475,5.96371,721124743
2018-03-20,5.96671,6.21452,5.96671,6.17587,560409142
2018-03-21,6.16937,6.2358,6.12057,6.15071,443206699
2018-03-22,6.08771,6.13435,5.94712,5.98487,556873563
2018-03-23,5.99836,6.00505,5.75361,5.76489,743194593
2018-03-26,5.8896,6.05126,5.8373,6.04996,617722685
2018-03-27,6.13106,6.18637,5.43988,5.58017,1423511791
2018-03-28,5.54633,5.67572,5.37009,5.47712,955647826
2018-03-29,5.54583,5.82732,5.46093,5.73067,926068064
2018-04-02,5.66005,5.80632,5.38238,5.46972,931589292
2018-04-03,5.6368,5.69968,5.47712,5.57617,674304297
2018-04-04,5.32085,5.60863,5.29569,5.59815,797294076
2018-04-05,5.65655,5.66932,5.40664,5.47792,708461040
2018-04-06,5.37578,5.48342,5.27253,5.30187,669816960
2018-04-09,5.36509,5.49241,5.31057,5.33053,504669465
2018-04-10,5.56079,5.66603,5.50339,5.6396,772628557
2018-04-11,5.62462,5.66533,5.56597,5.59815,463846117
2018-04-12,5.691,5.82312,5.64706,5.80532,600034765
2018-04-13,5.86904,5.87744,5.67971,5.72847,508216451
2018-04-16,5.73495,5.7616,5.6338,5.72827,354403898
2018-04-17,5.78038,5.8996,5.72467,5.87823,451831452
2018-04-18,5.82732,5.92005,5.75991,5.84908,395393003
2018-04-19,5.73425,5.76818,5.61213,5.66703,476858349
2018-04-20,5.65875,5.74323,5.62812,5.65935,390176069
2018-04-23,5.67672,5.72847,5.51388,5.54004,431911866
2018-04-24,5.56578,5.66105,5.40834,5.47342,418865664
2018-04-25,5.44346,5.48292,5.20413,5.36151,594554669
2018-04-26,5.52306,5.58087,5.45674,5.57287,379693537
2018-04-27,5.67851,5.69849,5.5583,5.60044,404978198
2018-04-30,5.61683,5.66603,5.54603,5.56528,331219117
2018-05-01,5.557,5.62312,5.4981,5.62062,256402950
2018-05-02,5.61713,5.66105,5.57367,5.59984,271010149
2018-05-03,5.6318,5.79155,5.58647,5.76539,447709539
2018-05-04,5.73645,5.91855,5.71928,5.91526,404787904
2018-05-07,6.02063,6.21053,6.01064,6.1536,694696948
2018-05-08,6.1539,6.19915,6.10549,6.19636,511832530
2018-05-09,6.21612,6.33104,6.18917,6.32904,602905293
2018-05-10,6.38218,6.44588,6.36421,6.4366,1004319290
2018-05-11,6.25477,6.4281,6.19985,6.29821,1226963961
2018-05-14,6.33604,6.39625,6.29501,6.31886,528526929
2018-05-15,6.25507,6.25777,5.97608,6.07672,973451819
2018-05-16,6.03826,6.14971,6.00106,6.08791,559532175
2018-05-17,6.08971,6.22332,6.07353,6.13006,525137468
2018-05-18,6.18157,6.24479,6.08122,6.08621,488699525
2018-05-21,6.18337,6.18717,5.95092,6.04396,647222658
2018-05-22,6.05756,6.08272,5.94492,6.00584,523603111
2018-05-23,5.94942,6.13076,5.94872,6.12956,447242453
2018-05-24,6.12577,6.17517,6.07253,6.13335,441603159
2018-05-25,6.14553,6.18857,6.11049,6.17217,294937397
2018-05-29,6.1542,6.22332,6.10889,6.1552,356095439
2018-05-30,6.18887,6.27272,6.1642,6.26406,394777376
2018-05-31,6.2323,6.31886,6.22152,6.24429,498646319
2018-06-01,6.28901,6.38477,6.28042,6.37878,426052374
2018-06-04,6.41273,6.57959,6.38078,6.55811,648236910
2018-06-05,6.5614,6.60077,6.51616,6.5636,395501795
2018-06-06,6.47284,6.5684,6.45637,6.5656,374946963
2018-06-07,6.5618,6.57339,6.41893,6.50957,373022916
2018-06-08,6.4364,6.53685,6.41763,6.49402,363944977
2018-06-11,6.48134,6.52315,6.43989,6.45287,267937480
2018-06-12,6.47934,6.51367,6.4289,6.5016,322247156
2018-06-13,6.50299,6.57809,6.48783,6.49701,341478426
2018-06-14,6.54242,6.66525,6.52745,6.60874,434176621
2018-06-15,6.55181,6.623,6.52045,6.5681,436441387
2018-06-18,6.52385,6.58109,6.49661,6.5641,359713721
2018-06-19,6.46016,6.52785,6.31426,6.44169,600688720
2018-06-20,6.48284,6.54811,6.44438,6.49482,373357284
2018-06-21,6.52685,6.54541,6.35821,6.36601,362994320
2018-06-22,6.38666,6.40015,6.19836,6.21352,438358504
2018-06-25,6.10769,6.11149,5.83212,5.92055,672258789
2018-06-26,6.03459,6.08272,5.94022,5.99187,483518544
2018-06-27,6.03577,6.10219,5.83112,5.8365,458283357
2018-06-28,5.82652,5.97588,5.81912,5.96391,341282043
2018-06-29,6.0293,6.04176,5.86475,5.86605,396094419
2018-07-02,5.79614,6.00185,5.77558,5.99806,361033318
2018-07-03,6.03299,6.03876,5.85607,5.86445,224887894
2018-07-05,5.91925,6.01534,5.88092,6.01034,309180433
2018-07-06,5.98587,6.13276,5.96441,6.12437,299219999
2018-07-09,6.19836,6.20784,6.0932,6.17137,306820877
2018-07-10,6.18387,6.29241,6.14353,6.27043,363498552
2018-07-11,6.17757,6.21233,6.11857,6.12936,371061943
2018-07-12,6.17417,6.26845,6.1642,6.22052,348849591
2018-07-13,6.23929,6.23929,6.13156,6.17317,249554374
2018-07-16,6.14553,6.19855,6.13355,6.14553,198943229
2018-07-17,6.0967,6.29641,6.07124,6.28122,365639322
2018-07-18,6.27402,6.28771,6.18117,6.2323,280327714
2018-07-19,6.21332,6.27402,6.19836,6.24049,238032163
2018-07-20,6.23809,6.27672,6.20135,6.21213,224638863
2018-07-23,6.18557,6.18737,6.02401,6.17537,304502512
2018-07-24,6.22352,6.31018,6.14103,6.1579,358052596
2018-07-25,6.16739,6.24908,6.11019,6.23649,323279625
2018-07-26,6.21632,6.34653,6.19955,6.30998,328270623
2018-07-27,6.34623,6.35322,6.18617,6.24029,298279538
2018-07-30,6.25407,6.26006,6.01004,6.04496,343634269
2018-07-31,6.03477,6.13803,5.99566,6.06326,286735283
2018-08-01,6.0947,6.14951,6.03876,6.10319,286298863
2018-08-02,6.03179,6.20933,5.97268,6.20554,272276516
2018-08-03,6.2301,6.26576,6.21312,6.24209,216361207
2018-08-06,6.22951,6.29321,6.18287,6.28971,209514133
2018-08-07,6.33823,6.38078,6.31198,6.36201,260627706
2018-08-08,6.36321,6.44338,6.32824,6.39845,264634187
2018-08-09,6.41613,6.41893,6.34203,6.34982,206254786
2018-08-10,6.26805,6.34083,6.25677,6.30868,259109463
2018-08-13,6.31726,6.46206,6.31556,6.34123,378836339
2018-08-14,6.44688,6.48704,6.36381,6.47284,470729936
2018-08-15,6.49382,6.52765,6.33584,6.41463,596854766
2018-08-16,6.48464,6.48704,6.31416,6.37418,809010897
2018-08-17,6.26276,6.26346,6.03527,6.06226,1154247674
2018-08-20,6.02163,6.26924,5.91057,6.13703,862652077
2018-08-21,6.1529,6.27672,6.13355,6.27222,680509064
2018-08-22,6.23979,6.51247,6.2363,6.50757,757111413
2018-08-23,6.46865,6.67225,6.45487,6.60704,727656947
2018-08-24,6.61553,6.75511,6.61104,6.74043,536652689
2018-08-27,6.77029,6.90569,6.73873,6.83181,510670618
2018-08-28,6.82602,6.84879,6.67345,6.79426,479983025
2018-08-29,6.78656,6.92385,6.7656,6.8991,423942159
2018-08-30,6.86796,6.97917,6.84599,6.88212,349771224
2018-08-31,6.86276,6.96622,6.85299,6.95323,309386871
2018-09-04,6.93994,7.06636,6.91168,7.02861,395294587
2018-09-05,7.01083,7.04658,6.81702,6.8974,396743396
2018-09-06,6.88092,6.88342,6.72357,6.75661,325740332
2018-09-07,6.66395,6.86096,6.61952,6.73535,298113741
2018-09-10,6.7579,6.83621,6.71388,6.80685,222146539
2018-09-11,6.7601,6.84799,6.73923,6.7586,245330529
2018-09-12,6.71858,6.73833,6.48863,6.64427,422913546
2018-09-13,6.7104,6.81353,6.69292,6.72237,308322825
2018-09-14,6.81323,6.91407,6.77608,6.84879,390465139
2018-09-17,6.82352,6.87146,6.76729,6.78686,207402526
2018-09-18,6.79086,6.89292,6.7076,6.71438,302253350
2018-09-19,6.69562,6.75611,6.64547,6.73833,226909867
2018-09-20,6.61602,6.65826,6.54282,6.59677,434510839
2018-09-21,6.60874,6.65426,6.49332,6.52665,439095742
2018-09-24,6.49562,6.58578,6.40843,6.58238,296594306
2018-09-25,6.64847,6.67444,6.5631,6.64947,282947739
2018-09-26,6.65446,6.69492,6.59677,6.61273,270997380
2018-09-27,6.64767,6.66895,6.59307,6.6245,216384802
2018-09-28,6.75691,6.98387,6.72887,6.96172,715868179
2018-10-01,7.04009,7.2356,7.00116,7.1685,627732943
2018-10-02,7.14114,7.25306,7.07535,7.09721,387467542
2018-10-03,7.1675,7.1751,6.99946,7.1034,323475006
2018-10-04,7.06756,7.09142,6.84249,6.91867,394788512
2018-10-05,6.8941,6.95622,6.628,6.68542,430526482
2018-10-08,6.60237,6.71788,6.44289,6.58408,412338186
2018-10-09,6.5638,6.65826,6.51047,6.57859,275994757
2018-10-10,6.47204,6.51816,6.08471,6.08691,691186617
2018-10-11,5.99966,6.13355,5.80352,5.82512,732055092
2018-10-12,6.08252,6.18217,5.93703,6.10819,613785358
2018-10-15,6.0947,6.0947,5.83032,5.83132,453864251
2018-10-16,5.94402,6.1017,5.8951,6.0905,412440328
2018-10-17,6.1525,6.19057,5.97268,6.02183,332675467
2018-10-18,6.0912,6.12976,5.87404,5.93403,528802400
2018-10-19,5.98937,6.00904,5.6408,5.67702,619207688
2018-10-22,5.72967,5.82982,5.62512,5.72827,372208492
2018-10-23,5.46073,5.554,5.36909,5.47642,632152580
2018-10-24,5.43788,5.48472,4.92605,4.93973,892354962
2018-10-25,4.84238,5.19644,4.79802,5.14953,960403794
2018-10-26,4.91248,5.07502,4.78438,4.91208,670849699
2018-10-29,5.05386,5.05736,4.3607,4.59863,764932759
2018-10-30,4.62179,5.03907,4.59863,5.0291,814554428
2018-10-31,5.19385,5.26674,5.05436,5.22309,752575573
2018-11-01,5.25957,5.41312,5.13325,5.40364,571696544
2018-11-02,5.39437,5.4997,5.20762,5.32485,457092222
2018-11-05,5.31157,5.33482,5.0858,5.24638,382790913
2018-11-06,5.23838,5.32315,5.19185,5.22878,301738142
2018-11-07,5.29569,5.38637,5.23158,5.29668,488225689
2018-11-08,5.23708,5.23778,5.04987,5.10357,516017757
2018-11-09,5.01412,5.18585,4.98036,5.09558,417011831
2018-11-12,5.00384,5.02591,4.67373,4.69549,622747654
2018-11-13,4.79334,5.05935,4.78707,4.93743,650592510
2018-11-14,5.11127,5.12557,4.77709,4.88531,531382645
2018-11-15,4.87931,5.0863,4.84317,5.01392,848378165
2018-11-16,4.04595,4.22779,4.00343,4.07363,1981431554
2018-11-19,4.00802,4.00871,3.58323,3.58503,1713308778
2018-11-20,3.32116,3.82148,3.30247,3.6934,1707469035
2018-11-21,3.83048,3.84726,3.5578,3.58523,1034849268
2018-11-23,3.55031,3.70597,3.53812,3.59242,415726716
2018-11-26,3.71356,3.80214,3.63097,3.79186,822265650
2018-11-27,3.76568,3.8896,3.72992,3.80862,744793275
2018-11-28,3.92613,3.97077,3.79366,3.96547,811864900
2018-11-29,3.96777,4.00472,3.87222,3.90219,553629589
2018-11-30,3.91188,4.06334,3.86162,4.05264,735484182
2018-12-03,4.28011,4.33202,4.14971,4.2168,898032253
2018-12-04,4.17207,4.17707,3.88092,3.8959,818700888
2018-12-06,3.75549,3.93033,3.7399,3.92534,697927012
2018-12-07,3.92953,3.93983,3.61122,3.66065,687209149
2018-12-10,3.61569,3.79086,3.61202,3.76588,634580929
2018-12-11,3.85762,3.86592,3.59572,3.67504,677365189
2018-12-12,3.68073,3.78886,3.59143,3.6927,659443601
2018-12-13,3.7395,3.80363,3.65635,3.6924,475209782
2018-12-14,3.65066,3.73451,3.60822,3.63197,475649537
2018-12-17,3.60172,3.67404,3.50287,3.56049,668245728
2018-12-18,3.60442,3.72822,3.57726,3.64417,568949330
2018-12-19,3.61022,3.66394,3.38334,3.43498,751413751
2018-12-20,3.42649,3.51685,3.29019,3.35038,755669984
2018-12-21,3.37677,3.40973,3.18555,3.21302,870749374
2018-12-24,3.13692,3.22319,3.08752,3.15127,467602655
2018-12-26,3.19754,3.30148,3.08652,3.30049,700739433
2018-12-27,3.24834,3.2825,3.10447,3.25234,642212101
2018-12-28,3.27291,3.40703,3.23138,3.31416,633592285
2018-12-31,3.35777,3.39033,3.2795,3.31047,468914200
2019-01-02,3.23966,3.43428,3.22489,3.37806,512881613
2019-01-03,3.31766,3.35178,3.16627,3.17387,711276216
2019-01-04,3.24704,3.41551,3.2162,3.37737,590370994
2019-01-07,3.43468,3.59302,3.38334,3.5561,714913286
2019-01-08,3.63797,3.64017,3.39473,3.46793,792394875
2019-01-09,3.51935,3.58323,3.46863,3.53632,622267388
2019-01-10,3.51685,3.61022,3.45625,3.60142,527401091
2019-01-11,3.57925,3.71375,3.55131,3.69091,881860443
2019-01-14,3.63867,3.75589,3.61499,3.73091,736094532
2019-01-15,3.76348,3.80284,3.69839,3.71674,622016494
2019-01-16,3.7439,3.77687,3.68541,3.6911,473918037
2019-01-17,3.65815,3.80244,3.63097,3.76248,497439921
2019-01-18,3.81201,3.91755,3.76068,3.8916,656621866
2019-01-22,3.86142,3.87322,3.65915,3.68941,666918811
2019-01-23,3.7447,3.83328,3.67104,3.70227,595817340
2019-01-24,3.78686,3.93183,3.78217,3.91417,714723062
2019-01-25,3.85462,3.98925,3.75189,3.97147,1164595355
2019-01-28,3.38633,3.51287,3.24854,3.4225,2531905241
2019-01-29,3.37637,3.4247,3.24884,3.26303,1163296870
2019-01-30,3.3396,3.4215,3.25954,3.40703,982134418
2019-01-31,3.40373,3.60042,3.38204,3.56479,849692353
2019-02-01,3.58343,3.64037,3.53632,3.58923,630118569
2019-02-04,3.60502,3.7367,3.58303,3.69969,532889691
2019-02-05,3.71156,3.75519,3.67783,3.71873,546826230
2019-02-06,3.75169,3.85862,3.7465,3.79446,708165650
2019-02-07,3.7479,3.74989,3.61301,3.65595,642289587
2019-02-08,3.58873,3.68511,3.57426,3.67454,465350940
2019-02-11,3.63037,3.68471,3.58343,3.63197,499198492
2019-02-12,3.67024,3.76448,3.65595,3.74889,595856338
2019-02-13,3.77847,3.86442,3.76468,3.79146,610284010
2019-02-14,3.79046,3.86022,3.7472,3.83198,833975341
2019-02-15,4.04066,4.06364,3.87922,3.90159,1529056282
2019-02-19,3.8912,3.96507,3.87222,3.88441,556370654
2019-02-20,3.91357,3.99873,3.90239,3.93183,545379053
2019-02-21,3.94451,3.96907,3.84825,3.86292,452186181
2019-02-22,3.91457,3.96647,3.90089,3.9478,405000982
2019-02-25,4.03099,4.09858,3.92653,3.93533,661342140
2019-02-26,3.93053,3.98625,3.86242,3.8956,492426189
2019-02-27,3.88142,3.90789,3.79715,3.85393,504314276
2019-02-28,3.84765,3.87022,3.80713,3.82928,327241929
2019-03-01,3.87942,3.92583,3.82069,3.88361,359714603
2019-03-04,3.92215,3.9451,3.83528,3.8919,412891140
2019-03-05,3.87642,3.92355,3.82168,3.88541,365492874
2019-03-06,3.87662,3.88491,3.77187,3.77467,406381429
2019-03-07,3.75089,3.76068,3.65915,3.70527,453290316
2019-03-08,3.61599,3.75019,3.59442,3.7397,425403878
2019-03-11,3.76318,4.023,3.71594,4.00003,865809452
2019-03-12,4.028,4.08092,3.95179,4.03418,583675866
2019-03-13,4.07193,4.2153,4.06433,4.18584,774341510
2019-03-14,4.19504,4.20701,4.10208,4.10987,523060443
2019-03-15,4.15289,4.25786,4.14942,4.2156,666139840
2019-03-18,4.24667,4.30078,4.16687,4.19404,490439178
2019-03-19,4.28859,4.40632,4.27163,4.3623,861022298
2019-03-20,4.39124,4.44445,4.29459,4.32952,724237391
2019-03-21,4.35272,4.59263,4.34772,4.56648,830143520
2019-03-22,4.54024,4.58765,4.39264,4.40632,752933887
2019-03-25,4.366,4.43008,4.24747,4.31407,528928478
2019-03-26,4.45574,4.51205,4.33452,4.39094,708485176
2019-03-27,4.41632,4.46304,4.31207,4.38167,477728446
2019-03-28,4.40752,4.46603,4.34732,4.40012,483662429
2019-03-29,4.46703,4.48202,4.41652,4.45774,460128186
2019-04-01,4.54983,4.55551,4.47802,4.52524,487248112
2019-04-02,4.54953,4.58736,4.50627,4.54324,444039890
2019-04-03,4.59263,4.74112,4.58765,4.68192,794360213
2019-04-04,4.66675,4.71547,4.61081,4.67323,460613129
2019-04-05,4.71617,4.75739,4.67992,4.73982,485154853
2019-04-08,4.70917,4.78607,4.68521,4.76079,427195558
2019-04-09,4.72714,4.73842,4.65576,4.69789,443086119
2019-04-10,4.69719,4.79434,4.69269,4.76859,447919522
2019-04-11,4.77109,4.80252,4.70488,4.7546,377252188
2019-04-12,4.79334,4.79732,4.70767,4.71647,475044386
2019-04-15,4.70867,4.71367,4.54584,4.58506,443207941
2019-04-16,4.62458,4.69069,4.59163,4.67193,397758408
2019-04-17,4.70667,4.72764,4.62728,4.64927,353486461
2019-04-18,4.65576,4.6897,4.59703,4.62498,383684094
2019-04-22,4.60133,4.69389,4.56998,4.67852,281916342
2019-04-23,4.69149,4.76439,4.68172,4.73284,349309566
2019-04-24,4.74342,4.78637,4.68252,4.74542,320456407
2019-04-25,4.70488,4.72744,4.56049,4.64027,502830545
2019-04-26,4.48612,4.49061,4.30208,4.4211,875138175
2019-04-29,4.42908,4.47972,4.357,4.45205,394692629
2019-04-30,4.41951,4.51905,4.40032,4.49329,365489709
2019-05-01,4.54604,4.58785,4.48002,4.48022,356788151
2019-05-02,4.48991,4.58934,4.44645,4.54804,397478201
2019-05-03,4.55621,4.56618,4.48172,4.54354,339206860
2019-05-06,4.357,4.47702,4.31956,4.46473,425165112
2019-05-07,4.41632,4.41632,4.24887,4.29739,559147052
2019-05-08,4.26963,4.39782,4.25766,4.31756,422132252
2019-05-09,4.24817,4.25786,4.10587,4.22479,664918490
2019-05-10,4.19404,4.25946,4.07113,4.19084,573527873
2019-05-13,4.05864,4.08191,3.91735,3.93333,661561147
2019-05-14,3.97306,4.05764,3.93433,4.0224,528592988
2019-05-15,3.96677,3.99773,3.90739,3.96128,505874531
2019-05-16,3.95609,4.019,3.91337,3.97626,786615191
2019-05-17,3.93453,4.06394,3.84626,3.88561,1029300138
2019-05-20,3.78716,3.84197,3.7425,3.76718,576113366
2019-05-21,3.82768,3.86522,3.78946,3.84925,364410351
2019-05-22,3.81031,3.83647,3.76748,3.77847,328175541
2019-05-23,3.71594,3.71594,3.59742,3.65715,596032291
2019-05-24,3.67604,3.71126,3.59642,3.60322,360115590
2019-05-28,3.62098,3.65365,3.5561,3.5581,431385161
2019-05-29,3.51087,3.54552,3.44925,3.48419,563762710
2019-05-30,3.48739,3.52334,3.419,3.45744,396636957
2019-05-31,3.40833,3.44098,3.36477,3.36657,392029871
2019-06-03,3.37777,3.41651,3.29519,3.32465,481480577
2019-06-04,3.38903,3.5591,3.36657,3.55381,645640160
2019-06-05,3.62797,3.63337,3.4752,3.51157,514648196
2019-06-06,3.51585,3.59802,3.51336,3.57327,410557923
2019-06-07,3.57925,3.65036,3.56009,3.61619,350925494
2019-06-10,3.67224,3.75748,3.67224,3.68891,405168551
2019-06-11,3.74889,3.78666,3.70697,3.7467,386145572
2019-06-12,3.70297,3.70926,3.61839,3.63367,361019417
2019-06-13,3.65565,3.70297,3.63817,3.68471,309907366
2019-06-14,3.59143,3.61599,3.54981,3.59472,396764357
2019-06-17,3.59302,3.64167,3.57007,3.60442,277677845
2019-06-18,3.66594,3.85492,3.65495,3.79944,585367537
2019-06-19,3.83468,3.84596,3.77947,3.80543,333609899
2019-06-20,3.8959,3.90989,3.8153,3.82968,352243018
2019-06-21,3.81471,3.86422,3.76518,3.77167,437002142
2019-06-24,3.79316,3.82348,3.7459,3.79416,284625990
2019-06-25,3.79885,3.87422,3.76188,3.76468,313715181
2019-06-26,3.8922,4.019,3.87942,3.95778,587535378
2019-06-27,4.04365,4.07593,4.00742,4.05664,448082124
2019-06-28,4.10058,4.10987,4.03468,4.08162,400023684
2019-07-01,4.28879,4.32333,4.09228,4.12985,715750954
2019-07-02,4.11307,4.13404,4.0184,4.03169,402600034
2019-07-03,4.05514,4.06094,3.98445,4.04465,248096261
2019-07-05,3.98605,3.99045,3.91855,3.98176,398904586
2019-07-08,3.92235,3.94132,3.87722,3.90689,331741685
2019-07-09,3.86492,3.93753,3.85223,3.90939,344892944
2019-07-10,3.95309,4.03518,3.93913,3.97746,454755850
2019-07-11,4.05095,4.17307,4.01341,4.13255,686604688
2019-07-12,4.16007,4.23658,4.16007,4.16537,509394507
2019-07-15,4.18664,4.20281,4.12885,4.15688,291557840
2019-07-16,4.14213,4.17937,4.09658,4.15209,343467951
2019-07-17,4.15389,4.22459,4.12485,4.2176,350268495
2019-07-18,4.22799,4.29239,4.17137,4.22928,445806103
2019-07-19,4.26763,4.27413,4.18007,4.18604,346940335
2019-07-22,4.2076,4.27063,4.20003,4.25766,317812787
2019-07-23,4.29709,4.36799,4.2814,4.366,430714742
2019-07-24,4.44027,4.44605,4.33302,4.44027,368408539
2019-07-25,4.39852,4.41132,4.2856,4.30907,395025956
2019-07-26,4.33632,4.39782,4.33632,4.35132,275785065
2019-07-29,4.34402,4.3613,4.25646,4.34502,249633021
2019-07-30,4.29838,4.37298,4.2838,4.3607,198942789
2019-07-31,4.32902,4.32972,4.15071,4.19304,361546282
2019-08-01,4.20361,4.29409,4.04635,4.09858,423709493
2019-08-02,4.00572,4.07533,3.95828,4.00572,430888521
2019-08-05,3.82228,3.82348,3.70068,3.7477,592649890
2019-08-06,3.82228,3.86792,3.7387,3.78646,363412293
2019-08-07,3.72553,3.83647,3.70797,3.82448,374770330
2019-08-08,3.88222,3.93433,3.82468,3.93313,311132372
2019-08-09,3.8922,3.8954,3.78147,3.83168,343843000
2019-08-12,3.77967,3.83168,3.7422,3.76388,280855511
2019-08-13,3.75269,3.92414,3.72353,3.87842,362649496
2019-08-14,3.79016,3.80114,3.68591,3.72972,422370327
2019-08-15,3.75519,3.76848,3.66334,3.69739,557748798
2019-08-16,3.96008,4.01441,3.89859,3.96527,1021404231
2019-08-19,4.07893,4.26016,4.06264,4.24427,821161515
2019-08-20,4.23877,4.23927,4.15071,4.17187,466269258
2019-08-21,4.23797,4.31077,4.2166,4.25546,430447514
2019-08-22,4.26515,4.30777,4.22259,4.26166,305557344
2019-08-23,4.18506,4.23957,4.01701,4.03698,572873277
2019-08-26,4.11587,4.13993,4.07363,4.11187,320482706
2019-08-27,4.14991,4.15269,3.99144,4.021,293277834
2019-08-28,3.99443,4.06334,3.95549,4.01041,257090134
2019-08-29,4.10208,4.18684,4.09858,4.15438,360140968
2019-08-30,4.20082,4.25047,4.14892,4.16707,292343561
2019-09-03,4.09428,4.12725,4.06114,4.08411,297973552
2019-09-04,4.14473,4.20581,4.14473,4.19834,229245718
2019-09-05,4.30058,4.47802,4.29878,4.47173,699920843
2019-09-06,4.44825,4.50527,4.40632,4.44445,378836459
2019-09-09,4.47572,4.57707,4.47422,4.49061,419585026
2019-09-10,4.45774,4.58366,4.44805,4.55721,354552670
2019-09-11,4.57197,4.63397,4.54304,4.58566,363294718
2019-09-12,4.63227,4.68671,4.57637,4.58406,329458292
2019-09-13,4.51785,4.55502,4.48272,4.52654,326192716
2019-09-16,4.45125,4.51805,4.44077,4.48342,232975507
2019-09-17,4.49011,4.50887,4.44346,4.50487,229600247
2019-09-18,4.49789,4.51355,4.39094,4.47772,265340219
2019-09-19,4.48372,4.50207,4.39124,4.40182,257607345
2019-09-20,4.40082,4.4245,4.2858,4.29609,359014189
2019-09-23,4.29639,4.39512,4.29259,4.34972,257087881
2019-09-24,4.38097,4.41052,4.25646,4.29209,322826549
2019-09-25,4.29159,4.45375,4.24667,4.43407,314651516
2019-09-26,4.4243,4.43308,4.361,4.41182,238999164
2019-09-27,4.37028,4.42081,4.2123,4.27283,367764319
2019-09-30,4.29878,4.34072,4.26743,4.33052,194152189
2019-10-01,4.35372,4.50307,4.32403,4.32872,369379256
2019-10-02,4.30677,4.31876,4.23228,4.30478,297120330
2019-10-03,4.30937,4.51705,4.27881,4.51087,465013357
2019-10-04,4.51305,4.55651,4.44775,4.52724,269282113
2019-10-07,4.59183,4.68521,4.58306,4.58566,490722540
2019-10-08,4.49409,4.49409,4.39094,4.40912,451559296
2019-10-09,4.48612,4.54554,4.45724,4.49589,309402113
2019-10-10,4.49359,4.60433,4.48831,4.55382,329131255
2019-10-11,4.63757,4.70987,4.6186,4.62698,453090959
2019-10-14,4.61561,4.66095,4.58706,4.64057,211373414
2019-10-15,4.73044,4.95771,4.71647,4.88511,671280641
2019-10-16,4.85087,4.95601,4.81961,4.83119,434887992
2019-10-17,4.87582,4.92106,4.77879,4.83319,265620827
2019-10-18,4.83359,4.86632,4.66425,4.73862,309141825
2019-10-21,4.80002,4.88951,4.78138,4.87612,268284256
2019-10-22,4.93304,5.03837,4.85834,4.86612,339033442
2019-10-23,4.78408,4.86732,4.7521,4.85316,287179826
2019-10-24,4.89429,4.93075,4.86034,4.89709,240216548
2019-10-25,4.97797,5.10957,4.97019,5.0886,425178702
2019-10-28,5.13255,5.19714,5.10297,5.14474,332423461
2019-10-29,5.13075,5.13724,5.0287,5.04807,212278873
2019-10-30,5.07502,5.08081,4.98186,5.05007,206977513
2019-10-31,5.0291,5.05007,4.92076,5.00084,210767250
2019-11-01,4.9654,5.07232,4.94043,5.03987,285037443
2019-11-04,5.12127,5.24908,5.09797,5.23658,378574619
2019-11-05,5.23638,5.26256,5.1669,5.21461,302352688
2019-11-06,5.19065,5.21611,5.07782,5.1657,270340511
2019-11-07,5.25178,5.26654,5.13854,5.18345,281722854
2019-11-08,5.1665,5.20084,5.12875,5.16949,190341851
2019-11-11,5.16869,5.20243,5.08201,5.17945,244992115
2019-11-12,5.21741,5.27053,5.18265,5.21461,285239104
2019-11-13,5.18365,5.21082,5.12257,5.18885,303856579
2019-11-14,5.19784,5.22139,5.13774,5.21911,529606678
2019-11-15,5.21681,5.26853,4.99125,5.07981,1059417001
2019-11-18,5.07232,5.30757,5.06933,5.28102,578156721
2019-11-19,5.25008,5.27353,5.11627,5.17468,417429353
2019-11-20,5.15173,5.33752,5.13894,5.25357,475351053
2019-11-21,5.24908,5.30487,5.20713,5.22878,289811858
2019-11-22,5.25138,5.29827,5.22279,5.24638,225204295
2019-11-25,5.37478,5.50788,5.36181,5.50289,509850276
2019-11-26,5.48542,5.48991,5.39217,5.39865,387583595
2019-11-27,5.44376,5.47812,5.40714,5.43309,216320116
2019-11-29,5.40264,5.4306,5.37228,5.39616,142150402
2019-12-02,5.38917,5.40264,5.19444,5.20942,375437023
2019-12-03,5.02571,5.17418,4.98825,5.17019,476133789
2019-12-04,5.25357,5.27603,5.18545,5.21362,274765425
2019-12-05,5.23558,5.25138,5.1662,5.19684,185913892
2019-12-06,5.26605,5.31516,5.25607,5.28232,233392648
2019-12-09,5.25937,5.33712,5.25058,5.28232,216034680
2019-12-10,5.31237,5.37918,5.25957,5.32734,257765200
2019-12-11,5.33782,5.41662,5.33532,5.41112,234990920
2019-12-12,5.38218,5.59646,5.37328,5.57817,407785782
2019-12-13,5.58117,5.70048,5.52206,5.57617,456874688
2019-12-16,5.62362,5.67772,5.59566,5.60513,322654373
2019-12-17,5.62362,5.70598,5.61443,5.6833,324619121
2019-12-18,5.71828,5.77418,5.70968,5.71368,345722070
2019-12-19,5.74821,5.87544,5.74323,5.86205,455006474
2019-12-20,5.92855,5.98487,5.90907,5.95941,605913817
2019-12-23,5.98807,6.02033,5.93503,5.94572,356882472
2019-12-24,5.93024,5.95791,5.8959,5.94082,139446042
2019-12-26,5.94412,5.98307,5.92525,5.95492,183986159
2019-12-27,5.9701,5.98367,5.87074,5.8971,255878238
2019-12-30,5.87524,5.88032,5.75221,5.78358,259329792
2019-12-31,5.74821,5.86724,5.72927,5.85806,232180562
2020-01-02,5.94402,5.97288,5.8933,5.97288,238675161
2020-01-03,5.85308,5.92105,5.82812,5.87724,206634962
2020-01-06,5.78358,5.90707,5.75741,5.90189,264014644
2020-01-07,5.93024,6.01934,5.8851,5.97338,320543948
2020-01-08,5.9691,6.02601,5.92905,5.98467,278402946
2020-01-09,6.07094,6.12277,5.99636,6.05026,256513024
2020-01-10,6.1574,6.18787,6.06855,6.08272,317789012
2020-01-13,6.16559,6.29821,6.14333,6.27322,321680962
2020-01-14,6.2305,6.25577,6.14333,6.1562,361086768
2020-01-15,6.16888,6.19136,6.08791,6.11388,264208422
2020-01-16,6.16719,6.20334,6.14373,6.19736,285383048
2020-01-17,6.21652,6.22412,6.1584,6.20614,254854482
2020-01-21,6.16937,6.20634,6.13873,6.17257,218830597
2020-01-22,6.21812,6.31316,6.19915,6.22532,240241635
2020-01-23,6.26675,6.30341,6.17787,6.29501,245539460
2020-01-24,6.41043,6.46016,6.18157,6.2361,375079410
2020-01-27,5.93124,6.0313,5.78138,5.98007,472506764
2020-01-28,6.04596,6.20584,5.99287,6.17337,312279722
2020-01-29,6.1589,6.19516,6.07323,6.11318,260538864
2020-01-30,6.01534,6.13335,5.96011,6.11977,291721434
2020-01-31,6.07392,6.08591,5.84428,5.8861,371972560
2020-02-03,5.86804,6.00285,5.86175,5.98337,257001091
2020-02-04,6.12537,6.17157,6.07522,6.1525,272681950
2020-02-05,6.27342,6.28342,6.1594,6.24309,209093025
2020-02-06,6.27722,6.32954,6.19616,6.32924,219197133
2020-02-07,6.28941,6.31168,6.23829,6.26346,190547628
2020-02-10,6.28601,6.54741,6.28102,6.54661,531828029
2020-02-11,6.65526,6.78426,6.59307,6.66945,641233843
2020-02-12,6.72237,6.79186,6.68343,6.78526,376215333
2020-02-13,6.72737,6.80884,6.69991,6.74142,530228936
2020-02-14,7.15152,7.34334,7.12017,7.21432,1046291700
2020-02-18,7.11117,7.40155,7.09162,7.38298,624488088
2020-02-19,7.50579,7.85259,7.50579,7.8348,697242031
2020-02-20,7.78667,7.87524,7.37759,7.68531,813446277
2020-02-21,7.5733,7.59825,7.2361,7.32099,772518323
2020-02-24,6.72687,7.01741,6.67225,6.80385,860507291
2020-02-25,6.87874,6.94054,6.42193,6.52365,1059922634
2020-02-26,6.52385,6.85776,6.52245,6.66345,752804204
2020-02-27,6.34922,6.65127,6.20015,6.29221,909670668
2020-02-28,6.0286,6.78726,6.02332,6.72787,1138750940
2020-03-02,6.8977,6.91487,6.5016,6.88592,893945032
2020-03-03,6.94174,7.00165,6.53785,6.6235,655137934
2020-03-04,6.73117,7.09662,6.65626,7.08724,599553158
2020-03-05,6.88772,7.05477,6.7633,6.80804,542268247
2020-03-06,6.6283,6.68592,6.4267,6.6273,517263604
2020-03-09,5.97608,6.46156,5.93324,6.11448,616364401
2020-03-10,6.39026,6.50348,6.12806,6.50348,582734373
2020-03-11,6.36321,6.39176,6.04276,6.14003,503871155
2020-03-12,5.61613,5.88192,5.37608,5.38867,819474340
2020-03-13,5.74163,6.00405,5.47042,5.99966,637118000
2020-03-16,5.29151,5.6321,4.83239,4.89229,729583368
2020-03-17,5.00484,5.5014,4.75759,5.41262,836626291
2020-03-18,4.98426,5.22978,4.50108,5.05237,877406625
2020-03-19,5.0309,5.39915,4.81721,5.30537,768263532
2020-03-20,5.45515,5.73724,5.10997,5.12557,807524372
2020-03-23,5.12457,5.39297,4.94522,5.29847,646187425
2020-03-24,5.70448,6.29371,5.68071,6.20734,1105600837
2020-03-25,6.32206,6.52185,6.06995,6.11877,796280615
2020-03-26,6.32555,6.53195,6.22782,6.40773,700093380
2020-03-27,6.22782,6.55441,6.19486,6.29541,641124360
2020-03-30,6.36081,6.6253,6.31686,6.61602,604413351
2020-03-31,6.65626,6.86046,6.42043,6.5664,953372726
2020-04-01,6.36801,6.51466,6.01064,6.05526,659272666
2020-04-02,6.08452,6.37678,6.03627,6.36351,678191761
2020-04-03,6.32605,6.36751,5.93853,6.07622,665596080
2020-04-06,6.35781,6.72317,6.30041,6.68622,730496960
2020-04-07,6.90769,6.93125,6.40913,6.45237,787339811
2020-04-08,6.5616,6.67494,6.49162,6.64997,544392944
2020-04-09,6.77588,6.79885,6.48704,6.55011,528138070
2020-04-13,6.49033,6.73117,6.40174,6.72237,399838318
2020-04-14,6.85049,7.1074,6.82282,7.07355,532853787
2020-04-15,6.9051,7.07894,6.85996,6.99586,367464031
2020-04-16,7.15132,7.44818,7.13814,7.34104,748298579
2020-04-17,7.42322,7.44469,7.14783,7.28184,541058445
2020-04-20,7.15532,7.3112,7.1062,7.15052,451002396
2020-04-21,7.0326,7.09362,6.65396,6.71388,737800464
2020-04-22,6.90589,7.1711,6.86046,7.12816,486470243
2020-04-23,7.1703,7.30201,7.04978,7.07505,425683094
2020-04-24,7.06476,7.21562,6.98987,7.21362,353912145
2020-04-27,7.34832,7.56053,7.32378,7.40025,481109885
2020-04-28,7.54804,7.578,7.25226,7.25786,444494999
2020-04-29,7.39256,7.48762,7.31749,7.43472,380523794
2020-04-30,7.38078,7.43472,7.26686,7.28084,377268002
2020-05-01,7.08324,7.19636,6.99616,7.04438,343326590
2020-05-04,6.99686,7.26985,6.99686,7.25586,318695843
2020-05-05,7.36031,7.47984,7.25606,7.31719,370220609
2020-05-06,7.39655,7.52307,7.35881,7.41793,324627413
2020-05-07,7.55754,7.65767,7.50639,7.59446,375072911
2020-05-08,7.66617,7.79086,7.6323,7.78467,341128024
2020-05-11,7.77968,8.08324,7.75094,8.0364,470745018
2020-05-12,8.09422,8.14316,7.76492,7.7747,494830292
2020-05-13,7.88953,8.0494,7.5677,7.75214,628098117
2020-05-14,7.81364,8.00725,7.65997,8.00166,604475834
2020-05-15,7.86177,8.47006,7.846,8.46057,991209343
2020-05-18,8.72937,8.88455,8.64949,8.71908,779192159
2020-05-19,8.75883,9.05468,8.73166,8.77401,719898505
2020-05-20,8.95882,9.01076,8.85707,8.93785,589646554
2020-05-21,9.01906,9.02006,8.7064,8.74404,763803365
2020-05-22,8.79369,9.06017,8.68214,8.99408,1042496194
2020-05-26,9.12379,9.14876,8.641,8.68674,773547617
2020-05-27,8.59406,8.60186,7.96801,8.49461,1180115975
2020-05-28,8.38219,8.72937,8.34924,8.45677,738772272
2020-05-29,8.52378,8.84379,8.45479,8.84379,748599047
2020-06-01,8.80167,8.80916,8.65847,8.77471,391913668
2020-06-02,8.76482,8.80567,8.62702,8.79369,392726129
2020-06-03,8.7907,8.83461,8.66897,8.73835,366751500
2020-06-04,8.70091,8.91531,8.65049,8.73935,425608122
2020-06-05,8.76702,8.9688,8.68094,8.89204,483255893
2020-06-08,8.84958,8.86205,8.65877,8.77751,388952465
2020-06-09,8.77261,9.08114,8.72408,9.01776,469957164
2020-06-10,9.13897,9.47038,9.12479,9.33765,634162816
2020-06-11,9.12119,9.23232,8.75863,8.76881,585479494
2020-06-12,9.13377,9.15844,8.67615,8.90453,572697495
2020-06-15,8.7877,9.15345,8.71668,9.14496,401255860
2020-06-16,9.19607,9.2378,8.81115,9.04002,537394034
2020-06-17,9.08503,9.26996,9.04172,9.20706,409585324
2020-06-18,9.19807,9.2536,9.08583,9.18909,255206888
2020-06-19,9.21365,9.41545,9.19837,9.23232,525803320
2020-06-22,9.27096,9.50163,9.2443,9.49714,399715335
2020-06-23,9.52128,9.61246,9.37811,9.42044,376283044
2020-06-24,9.44669,9.52657,9.1158,9.20666,450779304
2020-06-25,9.32667,9.47536,9.15345,9.46039,377250666
2020-06-26,9.47038,9.47038,9.0962,9.12619,593941445
2020-06-29,9.14097,9.17571,8.87205,9.17111,343320781
2020-06-30,9.28493,9.49665,9.2376,9.46818,369045048
2020-07-01,9.49115,9.54585,9.3835,9.50033,327670548
2020-07-02,9.60898,9.7072,9.54855,9.5825,365195060
2020-07-06,9.71119,9.87756,9.68224,9.80824,316883803
2020-07-07,9.91499,10.038,9.81964,9.84061,358921100
2020-07-08,9.96213,10.1938,9.93448,10.1838,366625952
2020-07-09,10.3485,10.5373,10.2018,10.4763,496097190
2020-07-10,10.5553,10.6222,10.3465,10.4473,499234566
2020-07-13,10.5623,10.759,9.99404,10.021,458507511
2020-07-14,10.044,10.3703,9.75485,10.3455,544375017
2020-07-15,10.3823,10.4013,10.024,10.1958,405251044
2020-07-16,9.9841,10.1748,9.86438,10.103,346045862
2020-07-17,10.1938,10.2168,10.056,10.1698,267119220
2020-07-20,10.2428,10.4983,10.125,10.4783,285743566
2020-07-21,10.4803,10.5273,10.2547,10.2967,278537086
2020-07-22,10.3355,10.5693,10.2597,10.4063,368441969
2020-07-23,10.4173,10.5143,10,10.098,412951490
2020-07-24,9.84391,10.3325,9.74645,10.1628,474775345
2020-07-27,10.2008,10.4093,10.1858,10.3893,293045768
2020-07-28,10.3425,10.3495,10.1778,10.1838,272487410
2020-07-29,10.3583,10.4833,10.3155,10.4333,285399373
2020-07-30,10.3435,10.5902,10.2637,10.5813,309848248
2020-07-31,10.5303,10.7331,10.4013,10.5813,387496686
2020-08-03,10.6991,11.0636,10.6821,10.9756,414312709
2020-08-04,11.0156,11.1932,10.8729,11.1932,311308244
2020-08-05,11.2092,11.3361,11.1313,11.2512,251284873
2020-08-06,11.3141,11.3221,11.1432,11.3001,245081378
2020-08-07,11.2771,11.4691,11.0026,11.1642,343589442
2020-08-10,11.2991,11.3731,10.8229,11.1303,429136731
2020-08-11,11.0396,11.1016,10.763,10.8169,355621613
2020-08-12,10.9556,11.4311,10.9237,11.4041,466400113
2020-08-13,11.51,11.6855,11.3201,11.4071,375633176
2020-08-14,11.494,11.6685,11.4051,11.5278,367584651
2020-08-17,11.8144,12.3704,11.7804,12.2976,623248190
2020-08-18,12.4104,12.4564,12.049,12.2228,505024073
2020-08-19,12.2578,12.2756,12.061,12.1008,624573765
2020-08-20,11.9382,12.3355,11.8424,12.1038,924274011
2020-08-21,12.1638,12.7679,12.1578,12.6442,1003003259
2020-08-24,12.8438,12.8718,12.4684,12.6801,492101696
2020-08-25,12.5913,12.721,12.5343,12.71,289982823
2020-08-26,12.7589,12.8278,12.6382,12.733,322249760
2020-08-27,12.7419,12.8098,12.5273,12.5883,318598308
2020-08-28,12.6352,13.1063,12.6033,13.1063,538842042
2020-08-31,13.1413,13.5328,12.9976,13.3331,502410909
2020-09-01,13.4421,13.955,13.3991,13.7827,513926390
2020-09-02,14.661,14.685,13.8614,14.3055,876489969
2020-09-03,13.7906,13.8465,12.8428,12.9787,947804678
2020-09-04,12.7479,13.1373,11.6715,12.5863,1467831119
2020-09-08,11.7015,12.5144,11.6715,11.8804,797984705
2020-09-09,12.3644,12.7729,12.1978,12.6791,738284766
2020-09-10,12.9527,13.0286,12.1328,12.2766,700664631
2020-09-11,12.4504,12.6162,11.8624,12.1308,638732005
2020-09-14,13.0445,13.2772,12.5953,12.8358,1205150884
2020-09-15,13.2432,13.2612,12.7918,12.9547,729618571
2020-09-16,12.9208,13.0555,12.4784,12.4784,559179730
2020-09-17,12.0978,12.5543,12.0011,12.4284,794757846
2020-09-18,12.5583,12.5963,11.9551,12.1558,700441459
2020-09-21,11.8924,12.4864,11.8714,12.4814,723085965
2020-09-22,12.5393,12.6122,12.1218,12.6023,648284220
2020-09-23,12.5403,12.6911,12.0461,12.0898,648846058
2020-09-24,12.0381,12.5343,11.9801,12.3125,733312776
2020-09-25,12.4194,12.8468,12.2118,12.8378,589682808
2020-09-28,13.0036,13.0156,12.714,12.9986,575435396
2020-09-29,12.9008,13.4051,12.8968,13.1883,624770629
2020-09-30,13.1203,13.5848,13.1133,13.4928,691137383
2020-10-01,13.7197,13.7247,13.4231,13.5768,526490264
2020-10-02,13.1873,13.4818,13.0146,13.0256,554061733
2020-10-05,13.1993,13.6058,13.1853,13.6048,481178157
2020-10-06,13.7916,14.1028,13.6267,13.6987,786643013
2020-10-07,13.961,14.0798,13.8256,13.9253,419270107
2020-10-08,14.0358,14.0458,13.7197,13.8006,379974706
2020-10-09,13.7287,13.7867,13.6227,13.7247,347874047
2020-10-12,13.9502,14.3065,13.8743,14.1858,435975923
2020-10-13,14.2557,14.3075,13.98,14.2078,345579758
2020-10-14,14.2497,14.3025,13.9213,14.0558,277431188
2020-10-15,13.7727,13.967,13.7297,13.9313,267982467
2020-10-16,13.998,14.0818,13.7547,13.7737,243327274
2020-10-19,13.8644,13.9442,13.3691,13.46,298913332
2020-10-20,13.5458,13.7617,13.4689,13.6078,229861656
2020-10-21,13.5868,13.7537,13.4401,13.4868,220219687
2020-10-22,13.4848,13.5738,13.1943,13.3231,291302690
2020-10-23,13.4121,13.5548,13.2542,13.5528,234145991
2020-10-26,13.3891,13.6547,13.0016,13.1043,337849137
2020-10-27,13.2692,13.4041,13.1543,13.3591,251229660
2020-10-28,13.1613,13.2223,12.5733,12.5913,377585205
2020-10-29,12.8018,13.1553,12.714,12.9877,320989021
2020-10-30,12.8138,12.8998,12.2648,12.4984,418578987
2020-11-02,12.6222,12.7998,12.3594,12.5453,300501879
2020-11-03,12.6721,13.0685,12.5673,12.9827,273674489
2020-11-04,13.3521,13.7896,13.2991,13.7557,411391956
2020-11-05,14.1228,14.2985,13.952,14.1208,319932506
2020-11-06,14.0708,14.5473,13.8564,14.5213,384435744
2020-11-09,14.5113,14.649,13.5728,13.5928,584630118
2020-11-10,13.5688,13.5688,12.5923,12.734,645892596
2020-11-11,13.0176,13.3971,12.9118,13.3801,405890507
2020-11-12,13.4411,13.7277,13.2782,13.4191,367674125
2020-11-13,13.5888,13.6307,13.0226,13.2592,347745095
2020-11-16,13.1353,13.6118,13.1193,13.4768,414947485
2020-11-17,13.5148,13.5588,13.2672,13.3851,312912264
2020-11-18,13.4271,13.5678,13.1473,13.3911,512373346
2020-11-19,13.1753,13.45,13.0635,13.4031,567538167
2020-11-20,13.4161,13.457,13.0286,13.0505,342056487
2020-11-23,13.1343,13.3451,12.9787,13.1033,362378352
2020-11-24,13.1053,13.1253,12.8488,12.9218,347482003
2020-11-25,12.9956,13.2323,12.9837,13.1973,260653034
2020-11-27,13.3371,13.3701,13.1333,13.2243,167749272
2020-11-30,13.2273,13.3751,12.9358,13.3641,287765268
2020-12-01,13.455,13.4908,13.1913,13.3531,298414639
2020-12-02,13.3131,13.6357,13.1973,13.5068,284164302
2020-12-03,13.5538,13.6257,13.2951,13.3631,200027034
2020-12-04,13.4151,13.5258,13.3551,13.5248,202756682
2020-12-07,13.5668,13.6967,13.4659,13.5728,223612984
2020-12-08,13.5508,13.5648,13.2482,13.3171,272324457
2020-12-09,13.2672,13.3801,12.8358,12.8978,401674464
2020-12-10,12.8368,13.0356,12.8168,12.9398,208292042
2020-12-11,12.9398,12.9877,12.7898,12.9807,209796764
2020-12-14,13.0545,13.3551,13.0445,13.2752,270843540
2020-12-15,13.4061,13.4301,13.1533,13.3271,193977008
2020-12-16,13.3891,13.4031,13.1793,13.2093,223680935
2020-12-17,13.3331,13.3461,13.1453,13.3081,231971140
2020-12-18,13.3451,13.3711,13.0376,13.2393,342932803
2020-12-21,13.0415,13.3371,12.9348,13.2991,303099471
2020-12-22,13.2861,13.3041,13.0216,13.2452,186787764
2020-12-23,13.2223,13.2422,12.9717,12.9767,179597429
2020-12-24,13.0046,13.0993,12.9058,12.9607,98131953
2020-12-28,13.0296,13.0296,12.731,12.8678,213105104
2020-12-29,12.8928,13.0395,12.8098,12.9108,170804555
2020-12-30,12.9577,13.1803,12.8638,13.1123,225969225
2020-12-31,13.1033,13.1173,12.8818,13.0216,192912762
2021-01-04,13.0715,13.6187,12.9298,13.0804,562064720
2021-01-05,13.0665,13.4101,13.0535,13.3711,323579081
2021-01-06,13.1893,13.2113,12.5543,12.5823,581896094
2021-01-07,12.9348,13.3441,12.8538,13.3111,462652709
2021-01-08,13.3291,13.3871,13.0096,13.2432,293271024
2021-01-11,13.3851,13.9263,13.3291,13.5878,520346108
2021-01-12,13.7187,13.7207,13.3111,13.451,292217483
2021-01-13,13.456,13.5908,13.3511,13.4978,210561474
2021-01-14,13.5408,13.5658,13.1473,13.1673,283838837
2021-01-15,13.1953,13.2921,12.8158,12.8268,278486290
2021-01-19,12.9837,13.0615,12.8118,12.9926,226760955
2021-01-20,13.0785,13.3971,13.0236,13.3321,259227119
2021-01-21,13.3851,13.964,13.2203,13.8335,339198288
2021-01-22,13.7057,13.8076,13.5928,13.6787,247445000
2021-01-25,13.7477,13.7946,13.2033,13.6197,251748494
2021-01-26,13.5468,13.6108,13.3541,13.4011,164396585
2021-01-27,13.1973,13.1993,12.7609,12.8848,372215142
2021-01-28,12.9637,13.3061,12.9278,13.0176,228895416
2021-01-29,13.0425,13.3011,12.8788,12.9567,272241233
2021-02-01,13.0206,13.2373,12.8698,13.2033,217755575
2021-02-02,13.3651,13.5378,13.2522,13.5228,220997747
2021-02-03,13.6018,13.8973,13.4828,13.4968,246032145
2021-02-04,13.4968,13.6397,13.3041,13.6307,201849460
2021-02-05,13.6907,13.7027,13.5118,13.5568,169582954
2021-02-08,13.6927,14.4373,13.6927,14.4025,435725890
2021-02-09,14.3045,14.5463,14.1868,14.2267,288289940
2021-02-10,14.4263,14.867,14.3045,14.726,486584133
2021-02-11,14.9419,15.2333,14.8869,15.2124,451971911
2021-02-12,15.0116,15.2512,14.737,14.9229,375708628
2021-02-16,15.0256,15.3321,14.9119,15.2902,322776645
2021-02-17,15.1325,15.1844,14.742,14.868,276398399
2021-02-18,14.691,14.835,14.5383,14.791,234674899
2021-02-19,14.9857,15.1385,14.809,14.8879,272413761
2021-02-22,14.737,15.0945,14.2885,14.3195,326712651
2021-02-23,14.0408,14.2028,13.3561,14.1068,391785948
2021-02-24,14.0878,14.4703,13.7217,14.4623,449456883
2021-02-25,14.0098,14.3385,13.1833,13.2742,826528453
2021-02-26,13.7187,13.8206,13.3271,13.6807,502201737
2021-03-01,13.8405,13.8903,13.5198,13.8076,354079385
2021-03-02,13.8654,13.8863,13.3631,13.3721,264784441
2021-03-03,13.3931,13.4181,12.7659,12.7719,378548590
2021-03-04,12.7679,12.9428,12.054,12.3384,574800299
2021-03-05,12.5184,12.5184,11.6495,12.4294,544216561
2021-03-08,12.4184,12.4394,11.5368,11.5638,544490069
2021-03-09,12.1038,12.5893,12.0331,12.4924,522969407
2021-03-10,12.8118,12.9517,12.4304,12.4404,385219141
2021-03-11,12.9218,13.0176,12.706,12.9657,300571714
2021-03-12,12.6202,12.8608,12.5623,12.8278,244498750
2021-03-15,12.8368,13.1783,12.7389,13.1623,223008223
2021-03-16,13.3271,13.4828,13.0883,13.2622,272726136
2021-03-17,13.0116,13.4241,12.9617,13.3121,244398771
2021-03-18,13.1073,13.1553,12.6891,12.6941,294832961
2021-03-19,12.722,12.8938,12.5843,12.8178,299862837
2021-03-22,12.8848,13.3651,12.8788,13.1573,298455890
2021-03-23,13.2253,13.3151,12.9926,13.0425,222532824
2021-03-24,13.1223,13.1303,12.6092,12.6152,246377419
2021-03-25,12.4724,12.6871,12.2448,12.5074,295791540
2021-03-26,12.5263,12.8278,12.3464,12.8108,364766822
2021-03-29,12.7918,13.0336,12.6721,12.9198,274119452
2021-03-30,12.8138,12.9467,12.6771,12.8438,200641330
2021-03-31,12.9877,13.4421,12.9537,13.3191,315467532
2021-04-01,13.5428,13.8405,13.4818,13.7827,308950360
2021-04-05,13.8385,13.984,13.7037,13.958,256231845
2021-04-06,13.97,14.0238,13.7447,13.8325,192166280
2021-04-07,13.8514,14.2118,13.6827,14.1138,251835193
2021-04-08,14.2217,14.4403,14.2177,14.2856,244950703
2021-04-09,14.1828,14.3765,14.1448,14.3685,195598705
2021-04-12,14.2586,15.3171,14.1088,15.1754,871227627
2021-04-13,15.1984,15.6646,15.0925,15.6436,677694189
2021-04-14,15.5898,15.6846,15.1944,15.2422,386346972
2021-04-15,15.6267,16.178,15.5967,16.101,599792595
2021-04-16,16.017,16.13,15.8293,15.8763,335942366
2021-04-19,15.5018,15.7716,15.1994,15.3271,405304594
2021-04-20,15.2882,15.4618,14.9299,15.1375,334865481
2021-04-21,15.0855,15.3271,15.0685,15.3251,217252225
2021-04-22,15.3401,15.4039,14.751,14.817,278395204
2021-04-23,14.9009,15.3001,14.867,15.2313,228271486
2021-04-26,15.1515,15.4438,15.0915,15.4428,198230667
2021-04-27,15.5428,15.6356,15.3191,15.3471,164933766
2021-04-28,15.3301,15.4968,15.1824,15.2422,209875271
2021-04-29,15.3649,15.4009,15.0385,15.2902,173576135
2021-04-30,15.1405,15.3301,14.9638,14.9767,202352690
2021-05-03,15.0915,15.2134,14.755,14.804,204358830
2021-05-04,14.6053,14.6063,13.98,14.3195,406213308
2021-05-05,14.676,14.781,14.3565,14.4263,292663188
2021-05-06,14.4633,14.5393,14.1868,14.4913,193804832
2021-05-07,14.775,14.9379,14.6401,14.779,229830029
2021-05-10,14.754,14.773,14.2187,14.2347,269493258
2021-05-11,13.7956,14.3235,13.7207,14.2746,286211383
2021-05-12,13.98,14.2287,13.6797,13.7287,304074414
2021-05-13,14.0039,14.0508,13.4301,13.6357,286353835
2021-05-14,13.8604,14.2965,13.7197,14.2118,259181891
2021-05-17,14.1268,14.1388,13.8246,14.1358,217456479
2021-05-18,14.2357,14.3725,13.974,13.986,186662528
2021-05-19,13.5368,14.0488,13.5138,14.0358,344753426
2021-05-20,14.2706,14.651,14.2397,14.5803,322296870
2021-05-21,15.1305,15.1884,14.836,14.9589,674467250
2021-05-24,15.1784,15.7096,15.1425,15.5768,556032410
2021-05-25,15.7306,15.7825,15.4468,15.6127,436361337
2021-05-26,15.6986,15.7586,15.5508,15.6646,371250675
2021-05-27,15.6646,15.7146,15.4249,15.4528,582749846
2021-05-28,15.4658,16.2408,15.4658,16.2079,645948469
2021-06-01,16.2338,16.3516,15.8673,16.2288,473839420
2021-06-02,16.2158,16.8818,16.1989,16.741,595470023
2021-06-03,16.6641,17.2214,16.5463,16.9327,581278223
2021-06-04,17.0744,17.6229,17.0584,17.54,618473064
2021-06-07,17.533,17.7734,17.1554,17.581,577017033
2021-06-08,17.489,17.584,17.2134,17.419,324556658
2021-06-09,17.482,17.541,17.2224,17.3242,382406460
2021-06-10,17.3162,17.458,17.1424,17.391,288335168
2021-06-11,17.446,17.9043,17.41,17.7904,417124619
2021-06-14,17.8713,18.0051,17.6288,17.9842,322004955
2021-06-15,17.8803,17.9812,17.6936,17.7535,243507372
2021-06-16,17.7565,17.9203,17.55,17.7754,307725314
2021-06-17,17.7405,18.799,17.7215,18.6213,811243775
2021-06-18,18.7481,19.338,18.5484,18.6033,970755601
2021-06-21,18.3995,18.5005,17.7884,18.3915,673701659
2021-06-22,18.4365,18.9277,18.3505,18.8508,581284062
2021-06-23,18.9716,19.1165,18.8718,19.0205,333009274
2021-06-24,19.1913,19.383,19.0515,19.1693,321552190
2021-06-25,19.2433,19.3092,18.8578,18.9946,278912205
2021-06-28,19.3242,20.0401,19.2823,19.9463,496408824
2021-06-29,19.8434,20.0601,19.6198,19.9883,368355310
2021-06-30,19.9603,20.1228,19.8254,19.9633,327207037
2021-07-01,20.086,20.4155,19.9803,20.1728,481077186
2021-07-02,20.3995,20.4644,20.2487,20.4465,344070579
2021-07-06,20.6961,20.8,20.3106,20.6562,447584122
2021-07-07,20.812,20.833,20.2927,20.3326,419248414
2021-07-08,19.8174,20.0939,19.6638,19.8644,504287376
2021-07-09,19.9233,20.0411,19.7166,20.0112,297204786
2021-07-12,20.2008,20.4924,20.1488,20.4714,322616647
2021-07-13,20.3605,20.4205,20.0751,20.2108,291276812
2021-07-14,20.3186,20.3785,19.7156,19.8044,380845123
2021-07-15,19.7745,19.8094,18.8229,18.9297,551644971
2021-07-16,18.9936,19.1205,18.0381,18.1259,689573232
2021-07-19,17.8803,19.0055,17.8314,18.7441,750528743
2021-07-20,18.6941,18.802,18.1289,18.5763,435539593
2021-07-21,18.8388,19.49,18.7061,19.373,371745452
2021-07-22,19.6049,19.8484,19.2393,19.557,324461436
2021-07-23,19.6188,19.6628,19.2133,19.521,196055967
2021-07-26,19.2743,19.405,18.8777,19.2573,204343377
2021-07-27,19.2283,19.585,18.7051,19.1713,249350951
2021-07-28,19.2823,19.6088,18.9586,19.466,202587941
2021-07-29,19.482,19.8144,19.2912,19.6248,191155273
2021-07-30,19.381,19.5929,19.2263,19.462,183857568
2021-08-02,19.6628,19.9223,19.3242,19.7126,217870696
2021-08-03,19.7027,20.1828,19.1833,19.7775,302403033
2021-08-04,19.9513,20.2787,19.7905,20.2348,231763330
2021-08-05,20.4594,20.6911,20.3026,20.5952,211850294
2021-08-06,20.4834,20.5283,20.1708,20.3266,178846910
2021-08-09,20.4055,20.4674,20.1039,20.2557,146730478
2021-08-10,20.2827,20.3895,19.7965,19.8974,179589527
2021-08-11,20.0042,20.0102,19.393,19.6618,186289712
2021-08-12,19.8314,19.9903,19.583,19.8664,152159579
2021-08-13,19.8664,20.1748,19.8134,20.1488,183422109
2021-08-16,20.0959,20.2477,19.416,19.9113,211567172
2021-08-17,19.6478,19.7325,19.2303,19.421,204986335
2021-08-18,19.463,19.5959,18.9636,19.0035,286474575
2021-08-19,19.456,20.4545,18.7261,19.7605,768059098
2021-08-20,19.9523,20.823,19.8944,20.774,677067415
2021-08-23,20.9288,21.9534,20.9078,21.9144,576936573
2021-08-24,21.7095,21.9154,21.4919,21.7494,297882346
2021-08-25,21.6935,22.4257,21.6786,22.169,348383386
2021-08-26,22.156,22.2959,21.7464,22.0242,238407372
2021-08-27,22.14,22.6771,22.123,22.5912,305320180
2021-08-30,22.7849,22.9976,22.5063,22.6432,263095193
2021-08-31,22.6542,22.6542,22.08,22.3449,260313718
2021-09-01,22.4445,22.6561,22.3169,22.4007,202127264
2021-09-02,22.4774,22.5522,22.2549,22.3559,188445495
2021-09-03,22.2849,22.9446,22.16,22.8018,281333483
2021-09-07,22.7919,22.8577,22.4824,22.6212,198460931
2021-09-08,22.4724,22.5692,21.9374,22.2989,254888573
2021-09-09,22.2719,22.4973,22.091,22.137,197207553
2021-09-10,22.3089,22.5852,22.2299,22.4377,248819288
2021-09-13,22.6432,22.9226,21.8184,22.112,298031167
2021-09-14,22.2349,22.3697,22.0462,22.2019,200111320
2021-09-15,22.2689,22.3269,21.9264,22.3009,166835410
2021-09-16,22.144,22.2369,21.8874,22.2019,156312077
2021-09-17,22.2599,22.2809,21.7904,21.8604,295028763
2021-09-20,21.1074,21.394,20.6242,21.0744,350064471
2021-09-21,21.378,21.386,20.9118,21.2074,205053625
2021-09-22,21.3271,21.9204,21.1574,21.9014,269205449
2021-09-23,22.1,22.4944,21.8504,22.4416,248998776
2021-09-24,22.0302,22.109,21.8214,22.0412,218044135
2021-09-27,21.6717,21.7594,21.2863,21.6208,245653040
2021-09-28,21.1754,21.38,20.6132,20.6612,343681599
2021-09-29,20.9018,20.9788,20.4305,20.4804,218783637
2021-09-30,20.7311,21.0276,20.6502,20.6781,221403802
2021-10-01,20.7121,20.821,20.1678,20.7041,241408294
2021-10-04,20.4674,20.5054,19.521,19.6977,346252210
2021-10-05,19.9153,20.6102,19.8194,20.4145,279780389
2021-10-06,20.085,20.6821,20.0451,20.6622,297732492
2021-10-07,21.0534,21.2833,20.9338,21.0366,257377733
2021-10-08,21.0624,21.1674,20.7371,20.793,151528028
2021-10-11,20.5373,21.0246,20.4744,20.6572,163679316
2021-10-12,20.79,21.0187,20.4914,20.6332,162423074
2021-10-13,20.88,20.9518,20.6752,20.9008,180974491
2021-10-14,21.2493,21.7155,21.0834,21.7065,244023802
2021-10-15,21.7704,21.8914,21.6228,21.8224,227399377
2021-10-18,21.7095,22.2509,21.6048,22.1819,189831961
2021-10-19,22.2359,22.3389,21.9973,22.2499,161761649
2021-10-20,22.2649,22.3927,21.9424,22.0632,146537160
2021-10-21,22.0572,22.6701,22.0432,22.6512,187925320
2021-10-22,22.7819,23.0885,22.5203,22.6851,249829133
2021-10-25,22.9316,23.3133,22.7289,23.1245,230645985
2021-10-26,23.9463,25.2143,23.8813,24.6732,486766014
2021-10-27,24.4305,25.0456,24.2389,24.4077,246429176
2021-10-28,24.8339,24.9058,24.4794,24.8968,234622551
2021-10-29,24.9558,25.6636,24.9558,25.522,293025187
2021-11-01,25.6036,25.8484,25.1824,25.7814,266214312
2021-11-02,25.7764,26.6303,25.7544,26.3547,294637620
2021-11-03,26.6224,26.736,26.1889,26.5505,240338760
2021-11-04,27.1555,31.3092,27.0696,29.7477,1155691296
2021-11-05,30.133,31.3442,29.3573,29.6989,852780325
2021-11-08,30.095,31.0447,29.8533,30.7493,503999356
2021-11-09,32.2249,32.2519,29.9102,30.6024,647901159
2021-11-10,29.3033,30.7952,28.726,29.4063,637341853
2021-11-11,30.4137,30.5354,29.7237,30.3357,332765301
2021-11-12,29.9562,30.6254,29.5769,30.3357,413791913
2021-11-15,30.4974,30.5894,29.1943,29.9712,385596364
2021-11-16,29.7059,30.3357,29.6529,30.1489,264955986
2021-11-17,30.3637,30.4545,28.7479,29.2083,429273214
2021-11-18,32.3088,32.7011,31.2653,31.6187,783106723
2021-11-19,32.186,33.0287,31.8485,32.9259,534820028
2021-11-22,33.4569,34.5853,31.8435,31.8994,755682323
2021-11-23,31.4788,32.3018,30.8252,31.6897,533113034
2021-11-24,31.4051,32.796,30.8732,32.6153,435939368
2021-11-26,32.5414,32.6513,31.2942,31.4468,283574363
2021-11-29,32.3078,33.3522,31.9794,33.3163,455776451
2021-11-30,33.1097,33.2935,31.8076,32.6173,623177354
2021-12-01,33.1646,33.2346,31.3282,31.3832,486610001
2021-12-02,31.1624,32.4235,30.9738,32.0733,473676818
2021-12-03,31.9474,32.0763,30.0801,30.6424,545230352
2021-12-06,29.8304,30.1909,27.9912,29.9872,660034371
2021-12-07,30.906,32.3946,30.6004,32.3726,594039821
2021-12-08,31.9464,32.2359,31.3692,31.7736,476342370
2021-12-09,31.6817,32.152,30.3777,30.4395,489319630
2021-12-10,31.0984,31.2533,29.8114,30.1479,489638084
2021-12-13,30.1989,30.2439,28.0692,28.114,599338798
2021-12-14,27.6526,28.6302,27.2044,28.29,668144758
2021-12-15,28.3528,30.4495,27.7915,30.4087,699458264
2021-12-16,31.1004,31.1084,28.0462,28.3398,708542411
2021-12-17,27.9383,28.8738,27.7136,27.7545,717814249
2021-12-20,27.2594,28.0971,27.0996,27.6726,462614882
2021-12-21,28.3268,29.0716,27.3553,29.0267,525257076
2021-12-22,28.8428,29.506,28.4018,29.3513,395841632
2021-12-23,29.7059,30.0091,29.3823,29.5909,343592236
2021-12-27,29.6109,31.0347,29.5909,30.894,404357262
2021-12-28,31.2603,31.2782,29.9622,30.2718,421290718
2021-12-29,30.2219,30.4974,29.3173,29.9512,343709971
2021-12-30,29.7775,30.4067,29.491,29.5369,309377907
2021-12-31,29.6249,29.9802,29.2823,29.3623,266973193
2022-01-03,29.7655,30.6604,29.7357,30.0711,393055570
2022-01-04,30.2269,30.4177,28.3019,29.2413,528031140
2022-01-05,28.9008,29.3673,27.4869,27.5577,498892235
2022-01-06,27.5937,28.3908,27.0197,28.131,454941757
2022-01-07,28.0941,28.3748,27.0117,27.2014,410620306
2022-01-10,26.5365,27.423,25.6006,27.3543,595670001
2022-01-11,27.2774,28.0182,26.7938,27.7705,404761355
2022-01-12,28.0202,28.5474,27.5617,27.9522,384051161
2022-01-13,28.3328,28.4327,26.4535,26.5305,539764316
2022-01-14,26.2758,27.1515,26.1671,26.8967,396490679
2022-01-18,26.2169,26.5934,25.7275,25.8604,426013526
2022-01-19,26.0363,26.4995,25.0106,25.0256,489126652
2022-01-20,25.2623,25.537,24.0379,24.1099,435904506
2022-01-21,23.468,24.7821,23.2245,23.3352,720153585
2022-01-24,22.2929,23.3412,20.853,23.3332,917333768
2022-01-25,22.5083,22.9047,21.9634,22.2869,665721727
2022-01-26,23.2015,24.0171,22.2629,22.7339,757216008
2022-01-27,23.529,23.9552,21.6387,21.9074,574306293
2022-01-28,21.9753,22.8198,21.2603,22.8018,544678630
2022-01-31,23.1435,24.4684,23.0136,24.4455,565618836
2022-02-01,25.0625,25.1035,23.8504,24.5973,519788226
2022-02-02,25.7514,25.7744,24.5123,25.2003,544323200
2022-02-03,24.4176,25.0356,23.7406,23.9083,410859973
2022-02-04,23.9323,24.5943,23.593,24.2789,355418640
2022-02-07,24.3318,25.1404,24.1619,24.6872,377494289
2022-02-08,24.3189,25.1884,23.9403,25.0665,411041133
2022-02-09,25.58,26.6803,25.3112,26.6603,525153622
2022-02-10,25.9524,26.8797,25.558,25.7814,514053249
2022-02-11,25.8734,26.1091,23.7336,23.9093,606478979
2022-02-14,23.8943,24.8339,23.7156,24.2269,441156924
2022-02-15,24.9078,26.5005,24.7431,26.4505,702919922
2022-02-16,26.2159,26.5375,25.51,26.4665,733894884
2022-02-17,25.5879,25.7425,24.1249,24.4664,811943227
2022-02-18,24.6263,24.9448,23.0615,23.603,762520994
2022-02-22,22.9966,24.024,22.9616,23.3512,634475922
2022-02-23,23.7625,24.1149,22.2639,22.3499,567452970
2022-02-24,20.9798,23.7605,20.855,23.7086,737024387
2022-02-25,23.6817,24.1769,23.3422,24.1169,529745095
2022-02-28,23.9522,24.6243,23.6677,24.3448,478112468
2022-03-01,24.2509,24.3368,23.0935,23.438,412741297
2022-03-02,23.7206,24.3728,23.3801,24.1839,390223389
2022-03-03,24.2254,24.2898,23.434,23.6787,365639943
2022-03-04,23.3492,23.6449,22.4485,22.9017,432655474
2022-03-07,22.7829,22.9986,21.2982,21.3201,451493739
2022-03-08,21.2773,22.3399,20.6192,21.4819,558299208
2022-03-09,22.3539,23.1855,22.2139,22.9796,493477366
2022-03-10,22.4973,22.7539,21.8494,22.6242,428704537
2022-03-11,22.9876,23.1105,22.0133,22.0671,367756627
2022-03-14,21.8364,22.2289,21.1274,21.2982,385929380
2022-03-15,21.4859,23.0036,21.2902,22.9386,492729992
2022-03-16,23.465,24.5603,23.1375,24.4594,672423835
2022-03-17,24.0839,24.8049,23.8703,24.7291,472645561
2022-03-18,24.7621,26.5295,24.5873,26.4135,731809155
2022-03-21,26.4675,27.1116,25.9284,26.6942,592610231
2022-03-22,26.6873,27.1974,26.0333,26.4845,547823506
2022-03-23,26.0871,26.5719,25.537,25.5957,502869272
2022-03-24,26.1271,28.278,25.8684,28.1081,878688626
2022-03-25,27.8445,28.3159,27.2304,27.6506,579880360
2022-03-28,27.7141,28.208,27.1655,28.177,426128968
2022-03-29,28.6516,28.9028,27.9383,28.6133,489714208
2022-03-30,28.262,28.4532,27.462,27.6486,464178883
2022-03-31,27.7405,28.206,27.2294,27.2454,524221453
2022-04-01,27.3343,27.455,26.2278,26.6723,518007082
2022-04-04,26.6883,27.5169,26.5734,27.3193,398301398
2022-04-05,27.2134,27.2784,25.7814,25.8924,437266376
2022-04-06,24.8968,25.2623,23.9671,24.3708,704883028
2022-04-07,24.4047,24.6852,23.443,24.1719,558825162
2022-04-08,23.8813,23.8873,23.0276,23.0845,525563873
2022-04-11,22.1809,22.2868,21.6277,21.8844,576065334
2022-04-12,22.5033,22.6911,21.2503,21.472,663246488
2022-04-13,21.6955,22.4664,21.423,22.17,517714976
2022-04-14,22.4714,22.7429,21.1314,21.2264,569946225
2022-04-18,21.1684,22.0552,21.0474,21.7504,526485216
2022-04-19,21.6875,22.3399,21.2823,22.165,513545903
2022-04-20,22.4835,22.6366,21.1684,21.45,469674383
2022-04-21,21.6769,22.3588,19.9703,20.1528,657188831
2022-04-22,20.2727,20.4555,19.471,19.486,625645813
2022-04-25,19.1733,19.9153,19.0675,19.8724,642523145
2022-04-26,19.6887,19.7585,18.6423,18.7601,654117313
2022-04-27,18.5703,19.1383,18.2626,18.3875,500205613
2022-04-28,18.9387,20.0072,18.4621,19.7525,571177921
2022-04-29,19.373,20.0984,18.4895,18.5195,501181807
2022-05-02,18.513,19.545,18.3635,19.504,572902461
2022-05-03,19.371,19.7955,19.1045,19.573,476460897
2022-05-04,19.8934,20.3695,18.7231,20.3036,649823044
2022-05-05,19.8374,19.8954,18.4725,18.8159,627266208
2022-05-06,18.7081,19.483,17.9632,18.6473,634241913
2022-05-09,18.0071,18.2276,16.8018,16.9247,645416356
2022-05-10,17.6626,18.1707,16.9994,17.569,762610788
2022-05-11,17.3212,17.7265,16.5433,16.6052,671167252
2022-05-12,16.195,16.763,15.5438,16.151,709786145
2022-05-13,16.763,17.9017,16.5678,17.6796,671437134
2022-05-16,17.483,17.7615,17.0804,17.2384,522224236
2022-05-17,18.0471,18.3435,17.6079,18.1498,586704059
2022-05-18,17.6786,18.0911,16.8388,16.9127,545974711
2022-05-19,16.9117,17.6606,16.709,17.0984,622236893
2022-05-20,17.3063,17.384,15.7316,16.6691,740208372
2022-05-23,16.2498,16.8898,16.155,16.8728,640843722
2022-05-24,16.4854,16.5723,15.7566,16.13,589428429
2022-05-25,15.996,17.0854,15.9761,16.9496,782297737
2022-05-26,16.012,18.0651,15.998,17.8244,998061905
2022-05-27,18.1588,18.8528,18.0731,18.783,739481379
2022-05-31,18.9516,19.1713,18.3225,18.6443,665090677
2022-06-01,18.6961,19.0247,18.0951,18.2926,545326585
2022-06-02,18.2646,19.59,18.1707,19.563,649623917
2022-06-03,19.053,19.3035,18.494,18.6921,599672375
2022-06-06,19.1105,19.3082,18.5366,18.7581,423036590
2022-06-07,18.4445,18.9716,18.1608,18.8977,389494563
2022-06-08,18.775,19.1554,18.5114,18.6242,363717725
2022-06-09,18.4574,18.9087,18.0179,18.0249,396080453
2022-06-10,17.5777,17.6743,16.8474,16.9522,466246079
2022-06-13,15.9794,16.2912,15.5861,15.627,604927199
2022-06-14,15.7109,16.0454,15.3922,15.8158,470281100
2022-06-15,16.0744,16.8464,15.9057,16.5058,564657957
2022-06-16,15.8397,15.922,15.3812,15.5811,546447682
2022-06-17,15.628,15.9745,15.3083,15.8597,631141322
2022-06-21,16.4534,16.9861,16.386,16.5448,483707636
2022-06-22,16.2053,16.6407,16.1594,16.3391,438558441
2022-06-23,16.4973,16.5638,15.8327,16.2043,464273486
2022-06-24,16.4789,17.118,16.2892,17.104,472757578
2022-06-27,17.29,17.308,16.6042,16.8474,428516035
2022-06-28,16.8784,17.18,15.9247,15.9616,462450924
2022-06-29,15.7938,15.7998,15.1507,15.5221,482970092
2022-06-30,15.3413,15.5471,14.8431,15.1397,686948771
2022-07-01,14.8811,15.0436,14.3735,14.5044,578349901
2022-07-05,14.1568,14.9521,14.0368,14.9451,653042978
2022-07-06,14.9909,15.2993,14.7701,15.1107,529743504
2022-07-07,15.4356,15.9247,15.3692,15.8377,493534086
2022-07-08,15.4102,16.0164,15.3692,15.8178,468571153
2022-07-11,15.5061,15.5071,15.0188,15.1327,438950232
2022-07-12,15.2484,15.4112,14.8581,15.0627,459070340
2022-07-13,14.5714,15.3552,14.4464,15.1447,522586830
2022-07-14,15.0887,15.4531,14.7091,15.3523,456819200
2022-07-15,15.6389,15.7619,15.4252,15.7419,386429788
2022-07-18,16.2812,16.8754,15.9814,16.0804,671376270
2022-07-19,16.4649,17.088,16.1514,16.9702,703265693
2022-07-20,16.9253,17.9096,16.7794,17.7842,761511911
2022-07-21,17.8622,18.1207,17.5222,18.0269,557762767
2022-07-22,17.8701,17.9441,17.1145,17.297,537358265
2022-07-25,16.997,17.102,16.6277,17.002,481363267
2022-07-26,16.8674,16.8974,16.4569,16.5118,398374508
2022-07-27,17.01,17.9131,16.8914,17.7673,570506018
2022-07-28,17.952,18.1168,17.4177,17.961,475254222
2022-07-29,17.7902,18.2205,17.6693,18.1397,436018172
2022-08-01,18.1586,18.8219,17.967,18.4174,477079317
2022-08-02,18.0989,18.9132,18.0689,18.5024,490153922
2022-08-03,18.1606,18.9436,18.1138,18.8688,418681144
2022-08-04,18.8249,19.2494,18.7361,19.1904,410176966
2022-08-05,18.786,19.2043,18.6422,18.9646,386562778
2022-08-08,17.4797,18.2155,17.22,17.7703,985043241
2022-08-09,17.23,17.4249,16.7025,17.064,669118582
2022-08-10,17.6753,18.0949,17.295,18.0739,598187658
2022-08-11,18.1078,18.6831,17.8532,17.9191,509978912
2022-08-12,18.1367,18.6941,17.9301,18.6851,478706508
2022-08-15,18.6771,19.1394,18.5892,19.0075,458251753
2022-08-16,18.8952,19.1175,18.4774,18.8548,451817602
2022-08-17,18.4994,18.6641,18.1217,18.3115,447371384
2022-08-18,18.2775,18.8408,18.1596,18.7491,415978677
2022-08-19,18.3974,18.4964,17.7473,17.8262,442153930
2022-08-22,17.4677,17.5357,16.9443,17.012,410117329
2022-08-23,16.9667,17.4427,16.9483,17.159,370459659
2022-08-24,16.9901,17.3837,16.8734,17.2,523330151
2022-08-25,16.8224,17.9241,16.8114,17.8901,771678456
2022-08-26,17.8342,17.9011,16.2162,16.2392,770112553
2022-08-29,15.9994,16.3171,15.7469,15.7808,496767402
2022-08-30,15.9396,16.0184,15.1627,15.4481,530859762
2022-08-31,15.3642,15.5201,14.9396,15.0747,574444686
2022-09-01,14.1898,14.3615,13.2532,13.9192,1180375069
2022-09-02,14.0818,14.1528,13.5737,13.6296,744109320
2022-09-06,13.7136,13.7616,13.3339,13.4478,536437387
2022-09-07,13.5497,13.8246,13.3329,13.7007,513161600
2022-09-08,13.4458,13.9942,13.3559,13.9762,625487611
2022-09-09,14.143,14.4597,14.112,14.3728,487607455
2022-09-12,14.3548,14.5327,14.184,14.4907,484635355
2022-09-13,13.7886,13.9083,13.086,13.118,715658707
2022-09-14,13.2409,13.2769,12.9003,13.115,589085269
2022-09-15,13.0025,13.22,12.7774,12.9163,524140085
2022-09-16,12.729,13.199,12.6047,13.185,671411007
2022-09-19,12.9993,13.4498,12.9973,13.3689,570245500
2022-09-20,13.2015,13.4695,13.0442,13.163,525333848
2022-09-21,13.2,14.017,13.097,13.2479,808473660
2022-09-22,13.0652,13.136,12.4157,12.5487,759908709
2022-09-23,12.4077,12.5987,12.245,12.5037,663961599
2022-09-26,12.4787,12.6467,12.202,12.216,547880939
2022-09-27,12.4947,12.7235,12.246,12.4007,554398712
2022-09-28,12.3977,12.8103,12.3416,12.7235,542947282
2022-09-29,12.4357,12.4877,11.9344,12.208,533287031
2022-09-30,12.075,12.6207,12.0631,12.127,566194660
2022-10-03,12.3348,12.6656,12.093,12.4997,548016852
2022-10-04,12.8663,13.207,12.8663,13.154,584756146
2022-10-05,12.898,13.3079,12.6087,13.196,507629435
2022-10-06,13.207,13.6427,13.09,13.117,644790344
2022-10-07,12.4927,12.6576,12.0102,12.0641,673139465
2022-10-10,12.0252,12.1123,11.397,11.6585,699386341
2022-10-11,11.5496,11.8344,11.2719,11.5745,668138022
2022-10-12,11.5675,11.7234,11.3339,11.4888,493074596
2022-10-13,10.9602,12.0661,10.8025,11.9482,850938989
2022-10-14,12.0452,12.099,11.1929,11.2159,714133568
2022-10-17,11.5068,11.9363,11.5058,11.8764,581345295
2022-10-18,12.3318,12.4797,11.6065,11.9552,660010467
2022-10-19,11.8674,12.3377,11.8224,12.0392,523645049
2022-10-20,12.101,12.7564,12.093,12.182,653039168
2022-10-21,12.0862,12.4857,11.8754,12.4537,610093778
2022-10-24,12.4957,12.6975,12.0522,12.5867,517966260
2022-10-25,12.6811,13.2869,12.6516,13.2479,505979414
2022-10-26,12.8563,13.3749,12.6955,12.8833,536059925
2022-10-27,13.6167,13.8246,13.109,13.163,583686505
2022-10-28,13.091,13.8365,13.0482,13.8206,521552313
2022-10-31,13.7647,13.8246,13.2839,13.4837,486819250
2022-11-01,13.7976,13.9113,13.5057,13.5297,433242526
2022-11-02,13.8365,14.196,13.1983,13.206,673289292
2022-11-03,13.0303,13.7677,12.9433,13.4079,500556616
2022-11-04,13.9722,14.215,13.6837,14.142,613178308
2022-11-07,14.214,14.3978,13.9403,14.2868,410464198
2022-11-08,14.7865,14.8765,14.202,14.5877,595877391
2022-11-09,14.1475,14.197,13.7457,13.7627,454860524
2022-11-10,14.7855,15.7576,14.5327,15.7346,701508425
2022-11-11,15.792,16.373,15.4667,16.311,656132067
2022-11-14,16.2021,16.5237,15.9064,16.279,528371532
2022-11-15,16.705,16.9812,16.366,16.6496,546412306
2022-11-16,16.1457,16.346,15.8574,15.8944,650185595
2022-11-17,15.6996,16.25,15.5197,15.6616,711592642
2022-11-18,15.9503,15.9862,15.1052,15.3938,492555546
2022-11-21,15.1322,15.4617,15.0652,15.3019,405137324
2022-11-22,15.3129,16.0418,15.1068,16.0222,473331079
2022-11-23,16.0822,16.5107,16.0322,16.5027,427661072
2022-11-25,16.302,16.4708,16.1562,16.254,168099444
2022-11-28,16.0102,16.341,15.7096,15.8115,304451108
2022-11-29,15.8115,15.9164,15.5047,15.6236,298677917
2022-11-30,15.6856,16.9176,15.5857,16.9106,565709397
2022-12-01,16.9865,17.2525,16.6229,17.1225,471319141
2022-12-02,16.6469,16.9202,16.4331,16.8637,371658714
2022-12-05,16.6669,16.9825,16.46,16.5979,352511387
2022-12-06,16.5179,16.5609,15.8075,15.9754,352950806
2022-12-07,15.7606,16.1743,15.6556,16.1083,372658441
2022-12-08,16.2612,17.1665,15.9474,17.1565,515830463
2022-12-09,17.1475,17.5704,16.9625,16.9885,465676660
2022-12-12,17.0245,17.5254,16.7847,17.5224,457660443
2022-12-13,18.5176,18.7764,17.6981,18.0589,657066338
2022-12-14,17.9739,18.2386,17.4074,17.6611,497249518
2022-12-15,17.1335,17.3075,16.6879,16.9396,478890174
2022-12-16,16.8519,17.0285,16.3981,16.5589,478579778
2022-12-19,16.5599,16.5969,16.1333,16.2422,354296284
2022-12-20,16.0523,16.2982,15.8405,16.0733,403553106
2022-12-21,16.1023,16.6149,16.0903,16.489,325261791
2022-12-22,16.0818,16.1263,14.8713,15.3278,565456263
2022-12-23,15.185,15.3278,14.8723,15.195,349579716
2022-12-27,15.0631,15.0891,14.0456,14.1106,465240412
2022-12-28,13.9169,14.2515,13.8739,14.0256,351321802
2022-12-29,14.3915,14.6723,14.2165,14.5924,355181398
2022-12-30,14.3235,14.6183,14.2225,14.6034,310715668
2023-01-03,14.8403,14.9852,14.0856,14.3045,401568453
2023-01-04,14.5564,14.8423,14.2305,14.7383,431637329
2023-01-05,14.4804,14.5534,14.1375,14.2545,389451176
2023-01-06,14.4634,14.9992,14.0236,14.8483,405338233
2023-01-09,15.2728,16.0443,15.1301,15.6166,504597318
2023-01-10,15.4957,15.9504,15.4607,15.8975,384380641
2023-01-11,15.828,16.0163,15.5517,15.9893,353541896
2023-01-12,16.0883,16.6249,15.4807,16.4989,551810134
2023-01-13,16.2662,16.9096,16.1533,16.8867,447612400
2023-01-17,16.8867,17.7151,16.8867,17.6891,511473917
2023-01-18,17.6542,17.8601,17.2695,17.3644,439943316
2023-01-19,17.0235,17.1845,16.7188,16.7528,453261045
2023-01-20,16.9985,17.8431,16.8127,17.8261,565378056
2023-01-23,18.0509,19.231,17.8046,19.179,655639131
2023-01-24,18.8133,19.4809,18.8063,19.251,496565020
2023-01-25,18.8986,19.3559,18.5665,19.3089,449864086
2023-01-26,19.6868,20.1513,19.264,19.7877,489891490
2023-01-27,19.4479,20.613,19.3909,20.3501,542536314
2023-01-30,19.9355,20.1253,19.136,19.148,488966547
2023-01-31,19.1555,19.6728,18.9361,19.5229,498378819
2023-02-01,19.6768,21.1766,19.5968,20.9278,660957446
2023-02-02,20.9848,21.9331,20.685,21.6932,564686233
2023-02-03,20.9848,21.7292,20.7739,21.0846,429678255
2023-02-06,20.7909,21.5543,20.7709,21.0736,452526001
2023-02-07,21.3664,22.2429,21.1346,22.157,664632688
2023-02-08,22.3708,22.8612,21.9921,22.1889,560058289
2023-02-09,22.5895,23.0032,22.104,22.3209,524256828
2023-02-10,21.6742,22.0617,20.7959,21.2495,551137335
2023-02-13,21.5223,22.0321,20.9468,21.7721,475264058
2023-02-14,21.5623,23.032,21.3504,22.9542,675964814
2023-02-15,22.5325,22.8382,22.09,22.7473,421494616
2023-02-16,22.117,22.5335,21.9109,21.9861,412325972
2023-02-17,21.6153,21.7242,20.9598,21.3724,466226509
2023-02-21,20.9848,21.4781,20.603,20.64,410312779
2023-02-22,20.692,21.0886,20.4061,20.739,513557591
2023-02-23,23.423,23.8706,23.0082,23.647,1118808599
2023-02-24,23.2082,23.457,22.9302,23.2691,590144847
2023-02-27,23.653,23.8626,23.437,23.484,453323161
2023-02-28,23.355,23.8077,23.1892,23.1992,456294450
2023-03-01,23.1752,23.2387,22.4917,22.6814,460360225
2023-03-02,22.4717,23.3634,22.4158,23.2971,390358376
2023-03-03,23.3031,23.8826,23.1132,23.8726,412693259
2023-03-06,23.8736,24.2304,23.47,23.537,437747400
2023-03-07,23.587,24.1115,23.2281,23.2751,515441035
2023-03-08,23.474,24.1865,23.4105,24.1675,513859664
2023-03-09,24.1615,24.4405,23.3698,23.423,501536399
2023-03-10,23.396,23.614,22.7132,22.9521,475130348
2023-03-13,22.7392,23.2851,22.2847,22.9531,422125489
2023-03-14,23.483,24.2055,23.447,24.0495,475174853
2023-03-15,23.7477,24.2725,23.347,24.2145,524778097
2023-03-16,24.0135,25.5738,23.8807,25.5268,585272319
2023-03-17,25.9676,26.3843,25.6536,25.7106,849019554
2023-03-20,25.6006,26.0096,25.1158,25.8856,432988410
2023-03-21,26.1655,26.3773,25.3669,26.1844,547712894
2023-03-22,26.4103,27.5735,26.2224,26.4533,797739536
2023-03-23,27.1004,27.4836,26.6751,27.1759,565203638
2023-03-24,27.0159,27.1519,26.3403,26.764,455667925
2023-03-27,26.822,26.9849,26.3503,26.5163,361226982
2023-03-28,26.4323,26.4983,25.8356,26.3953,356302278
2023-03-29,26.81,27.0629,26.5822,26.9689,393913321
2023-03-30,27.2139,27.4836,27.0869,27.3678,364718927
2023-03-31,27.1249,27.8188,27.0899,27.7615,434174651
2023-04-03,27.4936,27.9844,27.3208,27.9494,398937851
2023-04-04,27.9504,27.9844,27.2919,27.4377,368796989
2023-04-05,26.814,26.9829,26.3803,26.8659,515301818
2023-04-06,26.5692,27.0649,26.4123,27.0219,397875999
2023-04-10,26.808,27.6055,26.6541,27.5635,395498885
2023-04-11,27.708,27.7745,27.1109,27.1539,314553409
2023-04-12,27.3548,27.4526,26.4328,26.4803,446507702
2023-04-13,26.7191,26.8718,26.3143,26.4483,353812391
2023-04-14,26.4893,26.8679,26.2054,26.743,395880677
2023-04-17,26.5508,26.9909,26.4184,26.9869,321650493
2023-04-18,27.5181,28.0944,27.3418,27.6515,605148672
2023-04-19,27.3458,27.9844,27.2169,27.9154,358860333
2023-04-20,27.6555,28.0144,26.9849,27.0889,427951674
2023-04-21,26.9369,27.1679,26.7071,27.1039,345295136
2023-04-24,26.9979,27.3508,26.6562,27.0269,339470981
2023-04-25,27.0629,27.2319,26.2104,26.2264,378738157
2023-04-26,26.9869,27.3148,26.6902,26.9409,406563309
2023-04-27,27.3478,27.4796,26.6103,27.2109,377371426
2023-04-28,27.2099,27.7425,27.0564,27.7335,292379026
2023-05-01,27.8245,29.0421,27.7645,28.8938,570646441
2023-05-02,28.6639,28.8198,28.0674,28.1944,402954058
2023-05-03,27.8245,28.3513,27.4567,27.7865,383601106
2023-05-04,27.6355,27.8435,27.2249,27.5465,322029815
2023-05-05,27.81,28.7389,27.7155,28.6639,361695583
2023-05-08,28.5062,29.2037,28.3343,29.1347,345171197
2023-05-09,28.8828,28.9568,28.4343,28.5551,315044973
2023-05-10,28.9888,29.0967,28.4455,28.8688,369555862
2023-05-11,28.8798,28.9338,28.2304,28.5621,322328601
2023-05-12,28.5131,28.7638,28.0304,28.3243,274375106
2023-05-15,28.4927,28.9528,28.1364,28.9368,294089709
2023-05-16,28.8248,29.8532,28.8158,29.1967,449655446
2023-05-17,29.5676,30.1821,29.4137,30.1611,432776512
2023-05-18,30.3931,31.8103,30.3031,31.6603,749142362
2023-05-19,31.5183,31.5623,30.8989,31.2465,474171814
2023-05-22,30.884,31.5023,30.663,31.1586,372207029
2023-05-23,30.9827,31.2705,30.614,30.671,356451841
2023-05-24,30.1931,30.59,29.7894,30.521,721820641
2023-05-25,38.5014,39.4579,36.6147,37.959,1544771272
2023-05-26,37.869,39.1483,37.529,38.9244,714794977
2023-05-30,40.5724,41.9146,39.9267,40.0886,923915819
2023-05-31,39.4659,40.2726,37.801,37.813,1003139055
2023-06-01,38.4674,40.0277,38.3186,39.7478,636227396
2023-06-02,40.0747,40.4774,39.0364,39.3051,483000292
2023-06-05,38.8874,39.5429,38.6854,39.1493,396314599
2023-06-06,38.8084,39.1383,38.1268,38.6324,388945824
2023-06-07,38.8974,39.481,37.3389,37.4579,512230274
2023-06-08,37.7069,38.8464,37.4879,38.4924,417962017
2023-06-09,39.0194,39.6929,38.5494,38.7524,427911601
2023-06-12,39.1823,39.512,38.6004,39.464,389850214
2023-06-13,40.1678,41.0824,39.7219,41.0034,613486481
2023-06-14,40.8054,42.9805,40.5336,42.9775,740801100
2023-06-15,42.5828,43.2693,42.1278,42.6338,568880124
2023-06-16,43.4303,43.7012,42.6413,42.6726,656007021
2023-06-20,42.9785,43.97,42.6547,43.7881,451357878
2023-06-21,43.4813,43.5953,42.0608,43.0255,551853270
2023-06-22,42.2338,43.4058,42.2148,43.0055,417927031
2023-06-23,42.4448,42.7896,41.9959,42.1898,358302391
2023-06-26,42.4228,42.7446,40.0818,40.6136,594591669
2023-06-27,40.7805,41.9209,40.4296,41.8569,462384470
2023-06-28,40.6415,41.826,40.4996,41.0984,582903716
2023-06-29,41.5391,41.581,40.5816,40.8034,380687006
2023-06-30,41.661,42.5308,41.4823,42.2828,501375209
2023-07-03,42.4978,42.8785,42.1828,42.3938,198299152
2023-07-05,42.1158,43.1574,42.0658,42.2978,323764442
2023-07-06,41.825,42.1598,41.3274,42.0838,304276831
2023-07-07,42.3028,43.1944,42.1608,42.4838,356042996
2023-07-10,42.6378,42.7916,41.63,42.1608,354068740
2023-07-11,42.4618,42.7386,42.0478,42.3858,298379426
2023-07-12,43.0135,43.915,42.7579,43.882,481495460
2023-07-13,44.4977,46.134,44.4717,45.9561,478420735
2023-07-14,46.5617,48.0662,45.0395,45.4485,772425757
2023-07-17,46.2679,46.4749,45.2419,46.4399,510719919
2023-07-18,46.6799,47.8743,45.7133,47.4724,570449216
2023-07-19,47.4424,47.7964,46.7208,47.0557,427695823
2023-07-20,46.4859,47.0657,45.0415,45.4994,538108634
2023-07-21,45.7672,45.8451,44.08,44.2888,964206063
2023-07-24,44.7107,45.0885,44.02,44.5917,383273620
2023-07-25,44.9207,46.1615,44.9027,45.6584,348238896
2023-07-26,46.0001,46.0321,44.6097,45.4315,364402579
2023-07-27,46.4979,47.3734,45.7292,45.8791,456182477
2023-07-28,46.6469,47.0057,46.3599,46.7288,331344561
2023-07-31,46.7328,47.1087,46.4849,46.7078,251169228
2023-08-01,46.4384,46.8787,46.0061,46.4859,239384572
2023-08-02,45.8101,45.8191,43.3673,44.249,530382189
2023-08-03,43.7802,45.0975,43.7802,44.4947,325224144
2023-08-04,44.9646,45.6214,44.3728,44.6597,362830786
2023-08-07,45.0905,45.5194,44.5432,45.396,322299758
2023-08-08,44.8327,45.2215,44.036,44.6437,354004031
2023-08-09,44.254,44.2918,42.1148,42.5348,586715246
2023-08-10,42.1408,43.5543,41.816,42.3688,492928927
2023-08-11,41.732,41.9989,40.6206,40.8364,533327215
2023-08-14,40.4676,43.7802,40.2928,43.7332,690599135
2023-08-15,44.5397,45.2475,43.6902,43.92,676818563
2023-08-16,44.4997,44.6547,43.3863,43.4663,527690078
2023-08-17,43.95,44.042,42.9815,43.3238,452600151
2023-08-18,42.6158,43.5583,41.641,43.2793,584032829
2023-08-21,44.4737,47.0437,44.202,46.9457,692887713
2023-08-22,48.1131,48.1651,45.3126,45.6474,757550589
2023-08-23,45.8451,47.1786,45.1875,47.0947,779399671
2023-08-24,50.1932,50.2432,47.1377,47.1417,1156568792
2023-08-25,46.9907,47.7834,45.0035,45.9971,925760511
2023-08-28,46.4609,46.9587,44.8677,46.8138,685503223
2023-08-29,46.6449,49.0588,46.3699,48.7618,701715338
2023-08-30,49.0218,49.9044,48.403,49.2417,735539673
2023-08-31,49.3576,49.7214,48.9358,49.3326,528809675
2023-09-01,49.7394,49.7774,48.1197,48.487,464040822
2023-09-05,48.2011,48.8286,47.8384,48.5259,382826257
2023-09-06,48.423,48.5309,46.5627,47.0436,468843656
2023-09-07,45.5082,46.3267,45.1352,46.2237,433490849
2023-09-08,45.9249,46.5887,45.2542,45.5552,474075968
2023-09-11,46.1308,46.1458,44.2955,45.1612,474141603
2023-09-12,44.7214,45.6562,44.5144,44.8534,349386070
2023-09-13,44.5834,45.9129,44.4864,45.4682,398503318
2023-09-14,45.9329,45.9698,45.1142,45.5642,370234671
2023-09-15,45.3242,45.5822,43.7917,43.8836,507018770
2023-09-18,42.7321,44.2256,41.9844,43.9496,500456614
2023-09-19,43.8167,43.9496,42.986,43.5039,373202813
2023-09-20,43.5839,43.8866,42.2073,42.2233,367244051
2023-09-21,41.5674,42.0843,40.9648,41.0018,450903384
2023-09-22,41.5564,42.0993,41.2158,41.5944,479414321
2023-09-25,41.5754,42.5203,41.1618,42.2063,419246630
2023-09-26,41.9854,42.8041,41.6394,41.8954,402431516
2023-09-27,42.3143,42.856,41.6135,42.4523,445100470
2023-09-28,42.4443,43.4302,42.0993,43.073,424820529
2023-09-29,43.8107,44.1276,43.2908,43.4829,397977702
2023-10-02,44.0136,45.1582,43.8446,44.7654,433459157
2023-10-03,44.7914,45.1132,43.2299,43.5009,471024435
2023-10-04,43.7258,44.1266,43.2759,44.0246,361955257
2023-10-05,44.0336,44.8834,43.8716,44.6714,393629248
2023-10-06,44.1766,45.772,44.0096,45.745,434597390
2023-10-09,44.8254,45.5882,44.3515,45.2562,409826892
2023-10-10,45.2932,46.2417,45.0712,45.781,368718988
2023-10-11,46.1787,46.8417,46.0329,46.7887,378277348
2023-10-12,46.7597,47.5913,46.3127,46.9276,481503786
2023-10-13,46.9426,47.0986,45.2632,45.4442,475602585
2023-10-16,45.0462,46.2077,44.8954,46.0778,375238569
2023-10-17,43.9836,44.7374,42.4643,43.9216,812634408
2023-10-18,42.5753,43.203,41.8094,42.1803,627527346
2023-10-19,42.7951,43.2809,41.8664,42.0853,501419261
2023-10-20,41.8744,42.4543,41.0628,41.3717,477443329
2023-10-23,41.2138,43.2319,40.9298,42.959,478708238
2023-10-24,43.061,43.6808,42.6751,43.6469,401612492
2023-10-25,43.3819,43.6339,41.5395,41.7634,398527196
2023-10-26,41.8374,42.2398,39.8654,40.3111,541202273
2023-10-27,41.1148,41.1908,40.0001,40.4849,416939223
2023-10-30,41.0718,41.7504,40.4659,41.1458,388172272
2023-10-31,40.4349,40.8638,39.2155,40.7649,518161098
2023-11-01,40.8688,42.3653,40.8538,42.3093,437755442
2023-11-02,43.3119,43.8676,42.878,43.4899,409323855
2023-11-03,44.0036,45.2922,43.7068,44.9883,424767310
2023-11-06,45.2677,45.9179,44.8824,45.734,400882201
2023-11-07,45.7021,46.2007,45.1407,45.9379,343292937
2023-11-08,46.0828,46.8497,45.9509,46.5567,346847727
2023-11-09,47.4493,48.2121,46.7327,46.9326,540696735
2023-11-10,47.4823,48.454,47.2655,48.3171,422598474
2023-11-13,48.3021,49.0978,48.0812,48.6019,384278386
2023-11-14,49.6616,49.8155,49.0218,49.6376,417108746
2023-11-15,49.9165,49.9415,48.1821,48.8698,475673972
2023-11-16,48.6608,49.5063,48.3121,49.4617,339882441
2023-11-17,49.5056,49.6985,48.9888,49.2798,326017963
2023-11-20,49.2938,50.5293,49.1628,50.3903,416297175
2023-11-21,50.1073,50.4983,49.2038,49.9255,565957015
2023-11-22,49.8335,50.3162,47.6723,48.6978,900976871
2023-11-24,48.452,48.9028,47.7273,47.7583,294754085
2023-11-27,47.7823,48.5119,47.6343,48.2241,395808867
2023-11-28,48.2181,48.305,47.4553,47.8033,401639982
2023-11-29,48.361,48.7438,47.8423,48.1221,382146544
2023-11-30,48.0062,48.0922,46.4047,46.7527,526442102
2023-12-01,46.5077,47.1825,46.1698,46.7477,369454191
2023-12-04,46.0599,46.0599,44.9933,45.4932,437705964
2023-12-05,45.4532,46.5868,45.2582,46.5528,371823010
2023-12-06,47.2011,47.3735,45.3992,45.4902,380697455
2023-12-07,45.6871,46.6158,45.5912,46.5828,350922015
2023-12-08,46.5818,47.7273,46.5368,47.4925,359325547
2023-12-11,47.4775,47.5175,45.8169,46.6138,509872609
2023-12-12,46.0329,47.6525,46.0329,47.6435,372492439
2023-12-13,47.6155,48.5802,47.5945,48.0744,447918818
2023-12-14,48.3763,48.6561,47.4085,48.3363,391342662
2023-12-15,48.1803,49.39,48.1063,48.8761,480083655
2023-12-18,49.386,50.4187,49.1361,50.0628,412704147
2023-12-19,49.41,49.6859,48.8811,49.59,464576140
2023-12-20,49.641,49.9849,48.0844,48.0973,398007201
2023-12-21,48.7971,49.0811,48.4053,48.9761,300510527
2023-12-22,49.1811,49.369,48.4533,48.8161,252578351
2023-12-26,48.9541,49.586,48.9461,49.2651,244268755
2023-12-27,49.497,49.666,49.0711,49.403,233714224
2023-12-28,49.629,49.8698,49.398,49.508,246657392
2023-12-29,49.7989,49.9829,48.7371,49.508,389403673
2024-01-02,49.2301,49.2811,47.5815,48.1543,411370819
2024-01-03,47.4715,48.1704,47.3066,47.5555,320987151
2024-01-04,47.7535,48.4863,47.4945,47.9844,306621799
2024-01-05,48.4483,49.533,48.2923,49.0831,415156942
2024-01-08,49.498,52.2601,49.465,52.2381,642692065
2024-01-09,52.3861,54.3097,51.6754,53.1249,773319250
2024-01-10,53.6008,54.5844,53.4738,54.3346,533947102
2024-01-11,54.9834,55.3304,53.5448,54.8064,596927964
2024-01-12,54.6044,54.9544,54.3147,54.6944,353093681
2024-01-16,55.0024,56.8188,54.8844,56.3661,449707195
2024-01-17,56.3311,56.4547,54.7244,56.0371,474528941
2024-01-18,57.2438,57.5837,56.0911,57.0908,491789753
2024-01-19,57.9725,59.4831,57.2088,59.4741,543655574
2024-01-22,60.0321,60.3138,59.0532,59.6371,453083052
2024-01-23,59.5531,59.8931,58.5685,59.8561,294737991
2024-01-24,60.2868,62.8312,59.9211,61.3447,560429609
2024-01-25,62.3324,62.7013,60.8327,61.5995,482913717
2024-01-26,60.9427,61.7654,60.5558,61.0137,390419251
2024-01-29,61.2147,62.4714,60.8897,62.4474,348831853
2024-01-30,62.8821,63.475,62.2424,62.7562,410851752
2024-01-31,61.4226,62.2514,60.6828,61.5095,453923530
2024-02-01,62.0824,63.173,61.6325,63.0091,369250450
2024-02-02,63.9558,66.5811,63.672,66.1412,476712770
2024-02-05,68.2057,69.4773,67.186,69.3123,680270827
2024-02-06,69.6102,69.7342,66.2812,68.2037,683305037
2024-02-07,68.2997,70.2001,67.5807,70.0791,495715056
2024-02-08,70.0541,70.7739,69.4353,69.6212,414539607
2024-02-09,70.513,72.1645,70.1921,72.1125,436760686
2024-02-12,72.5794,74.5899,71.2299,72.2275,613884180
2024-02-13,70.3801,73.4292,69.6002,72.1075,602750994
2024-02-14,73.1813,74.215,71.9175,73.879,505060575
2024-02-15,73.848,73.954,72.3795,72.6374,420240923
2024-02-16,74.079,74.3809,72.4804,72.5924,495467056
2024-02-20,71.9265,71.9355,67.7147,69.4323,705032935
2024-02-21,67.9867,68.8685,66.2292,67.4529,690493844
2024-02-22,75.0037,78.5527,74.199,78.5158,865345014
2024-02-23,80.7671,82.3706,77.5481,78.7947,829623519
2024-02-26,79.6775,80.6231,78.4828,79.0696,504115617
2024-02-27,79.3585,79.4575,77.1402,78.6787,391816297
2024-02-28,77.5981,78.9106,77.1032,77.6411,393221855
2024-02-29,79.0716,79.9673,78.3278,79.0896,507432807
2024-03-01,79.9773,82.2766,79.4125,82.2556,479270945
2024-03-04,84.1062,87.6702,83.6952,85.2128,615790990
2024-03-05,85.2498,86.0766,83.3974,85.9436,520762473
2024-03-06,88.0012,89.7027,87.0095,88.679,582658113
2024-03-07,90.1367,92.7451,89.5807,92.6471,608263029
2024-03-08,95.1154,97.377,86.4855,87.5073,1142539298
2024-03-11,86.4085,88.776,84.1461,85.7538,678524607
2024-03-12,88.0282,91.9382,86.1297,91.8913,668233203
2024-03-13,91.0334,91.4824,88.414,90.8664,635863287
2024-03-14,89.5557,90.6246,86.5795,87.9232,602460656
2024-03-15,86.9095,89.5247,86.2366,87.8157,642238065
2024-03-18,90.3667,92.3831,87.0644,88.434,669134196
2024-03-19,86.6795,90.5227,84.9898,89.3769,672330292
2024-03-20,89.7757,90.3887,88.2022,90.3507,479176127
2024-03-21,92.2781,92.6261,90.3837,91.4134,480485956
2024-03-22,91.1194,94.7556,90.8124,94.2667,586858166
2024-03-25,93.9188,96.7431,93.4879,94.9796,552266704
2024-03-26,95.8283,96.3523,92.4801,92.5391,513769099
2024-03-27,93.09,93.2179,89.102,90.2287,586205882
2024-03-28,89.9787,91.2784,89.172,90.3347,435315232
2024-04-01,90.2777,92.2031,89.183,90.3417,452548528
2024-04-02,88.427,90.0727,87.5993,89.4308,433166004
2024-04-03,88.463,90.3527,88.379,88.943,370154100
2024-04-04,90.3847,90.6126,85.8597,85.8847,435067824
2024-04-05,86.8455,88.46,85.9057,87.9872,399773016
2024-04-08,88.679,88.809,86.7115,87.1123,283287004
2024-04-09,87.4213,87.6143,83.0024,85.3338,503666479
2024-04-10,83.9061,87.3793,83.6891,87.0185,432030715
2024-04-11,87.3993,90.7174,86.9055,90.5946,431739387
2024-04-12,89.6777,90.1537,87.5093,88.1652,426905763
2024-04-15,89.077,90.5916,85.9087,85.9806,443181773
2024-04-16,86.412,88.0972,86.0435,87.3943,370540662
2024-04-17,88.319,88.754,83.9301,84.0151,495516712
2024-04-18,84.9498,86.1696,82.3825,84.651,447366153
2024-04-19,83.1304,84.3041,75.5881,76.182,871686845
2024-04-22,78.0855,80.0541,76.3819,79.4992,596481592
2024-04-23,80.7499,82.7494,80.245,82.4035,438663124
2024-04-24,83.9301,84.0621,79.1642,79.6582,512328708
2024-04-25,78.8494,83.3034,78.2045,82.6124,424741191
2024-04-26,83.7981,88.3099,83.3674,87.7143,551141138
2024-04-29,87.5743,87.9712,85.2458,87.7363,389062783
2024-04-30,87.2193,88.798,86.2796,86.3815,363794746
2024-05-01,85.0568,85.9796,81.2354,83.0214,559995622
2024-05-02,84.4291,86.2166,83.1804,85.7968,377986943
2024-05-03,87.7683,89.2599,87.0195,88.768,398434959
2024-05-06,89.3689,92.1981,89.034,92.1182,376291552
2024-05-07,91.0764,91.7594,88.99,90.5327,437445076
2024-05-08,89.4613,91.1724,89.3989,90.3907,325798079
2024-05-09,90.5077,91.0504,88.2102,88.726,378102110
2024-05-10,90.2832,91.3794,89.206,89.8567,335404741
2024-05-13,90.4567,90.9764,88.508,90.3777,289748702
2024-05-14,89.5777,91.6294,88.913,91.3344,296577227
2024-05-15,92.4501,94.8396,91.5774,94.6076,417834278
2024-05-16,94.8876,95.7963,94.0808,94.3367,324028460
2024-05-17,94.3467,94.7176,91.7843,92.4571,359776125
2024-05-20,93.7278,95.1775,93.4179,94.7576,318839873
2024-05-21,93.5769,95.3774,93.1579,95.3634,329024282
2024-05-22,95.4364,95.9973,93.2269,94.9276,548777789
2024-05-23,102.004,106.295,101.496,103.774,835262840
2024-05-24,104.424,106.45,102.976,106.444,429595279
2024-05-28,110.218,114.912,109.857,113.874,652882312
2024-05-29,113.023,115.465,110.875,114.798,557573810
2024-05-30,114.623,115.791,109.637,110.474,487465627
2024-05-31,112.493,112.69,106.915,109.607,613407586
2024-06-03,113.594,114.973,111.976,114.973,438495475
2024-06-04,115.688,116.572,114.018,116.409,403419428
2024-06-05,118.343,122.421,117.44,122.412,528526789
2024-06-06,124.018,125.557,118.292,120.97,664853444
2024-06-07,119.742,121.664,117.994,120.86,412483362
2024-06-10,120.342,123.071,116.982,121.762,314236974
2024-06-11,121.752,122.851,118.722,120.892,222585531
2024-06-12,123.041,126.86,122.552,125.18,299641274
2024-06-13,129.37,129.78,127.14,129.59,260744803
2024-06-14,129.94,132.82,128.3,131.86,309368151
2024-06-17,132.97,133.71,129.56,130.96,288549004
2024-06-18,131.12,136.309,130.67,135.559,294380514
2024-06-20,139.778,140.738,129.5,130.76,517848395
2024-06-21,127.1,130.61,124.28,126.55,655585905
2024-06-24,123.221,124.44,118.022,118.092,476134394
2024-06-25,121.182,126.48,119.302,126.07,425853220
2024-06-26,126.11,128.1,122.582,126.38,363031980
2024-06-27,124.08,126.39,122.901,123.97,252610703
2024-06-28,124.56,127.69,122.732,123.52,315565472
2024-07-01,123.45,124.82,118.812,124.28,284929535
2024-07-02,121.112,123.39,121.012,122.652,218407697
2024-07-03,121.642,128.26,121.342,128.26,215782278
2024-07-05,127.36,128.83,125.66,125.81,214209769
2024-07-08,127.47,130.75,127.02,128.18,237714031
2024-07-09,130.33,133.8,128.63,131.36,287065151
2024-07-10,134.01,135.079,132.4,134.889,249017024
2024-07-11,135.729,136.129,127.03,127.38,374840624
2024-07-12,128.24,131.9,127.2,129.22,252719562
2024-07-15,130.54,131.37,127.16,128.42,208358340
2024-07-16,128.42,129.02,124.56,126.34,214802686
2024-07-17,121.332,121.832,116.702,117.972,390146438
2024-07-18,121.832,122.382,116.542,121.072,321029106
2024-07-19,120.332,121.582,117.352,117.912,217257350
2024-07-22,120.332,124.05,119.842,123.52,258108802
2024-07-23,122.761,124.67,122.082,122.572,173937844
2024-07-24,119.152,119.932,113.422,114.232,327827510
2024-07-25,113.022,116.612,106.284,112.262,460138077
2024-07-26,116.172,116.182,111.562,113.042,293444389
2024-07-29,113.672,116.262,111.282,111.572,248190395
2024-07-30,111.502,111.972,102.524,103.714,486908466
2024-07-31,112.882,118.322,110.863,117.002,473247265
2024-08-01,117.512,120.142,106.794,109.193,523543176
2024-08-02,103.744,108.704,101.354,107.254,482101914
2024-08-05,92.0458,103.394,90.676,100.434,552927763
2024-08-06,103.824,107.694,100.534,104.234,409075262
2024-08-07,107.794,108.784,98.6748,98.8947,411503971
2024-08-08,101.984,105.484,97.505,104.954,391970554
2024-08-09,105.624,106.584,103.414,104.734,290889078
2024-08-12,106.304,111.052,106.244,109.003,325610153
2024-08-13,112.422,116.212,111.562,116.122,312694949
2024-08-14,118.512,118.582,114.052,118.062,339298804
2024-08-15,118.742,123.221,117.452,122.841,318135802
2024-08-16,121.922,124.98,121.162,124.56,302636607
2024-08-19,124.26,129.98,123.4,129.98,318382744
2024-08-20,128.38,129.86,125.87,127.23,300133764
2024-08-21,127.295,129.33,126.64,128.48,257923402
2024-08-22,130,130.73,123.081,123.72,376247179
2024-08-23,125.84,129.58,125.2,129.35,323280255
2024-08-26,129.55,131.24,124.35,126.44,332015944
2024-08-27,125.03,129.18,123.86,128.28,303181392
2024-08-28,128.1,128.31,122.622,125.59,448170325
2024-08-29,121.337,124.41,116.692,117.572,453093275
2024-08-30,119.512,121.732,117.202,119.352,333803131
2024-09-03,115.992,116.192,107.274,107.984,477228797
2024-09-04,105.394,113.252,104.104,106.194,372527820
2024-09-05,104.969,109.633,104.744,107.194,306898089
2024-09-06,108.024,108.134,100.934,102.814,413701985
2024-09-09,104.864,106.534,103.674,106.454,273954321
2024-09-10,107.794,109.383,104.934,108.084,268325173
2024-09-11,109.373,117.172,107.404,116.892,441490548
2024-09-12,116.832,120.782,115.372,119.132,367125790
2024-09-13,119.072,119.947,117.592,119.092,238374751
2024-09-16,116.782,118.172,114.352,116.772,248789449
2024-09-17,118.162,118.792,114.822,115.582,231941856
2024-09-18,115.882,117.692,113.212,113.362,310340319
2024-09-19,117.342,119.652,117.242,117.862,293526661
2024-09-20,117.052,118.61,115.382,115.992,382488781
2024-09-23,116.542,116.982,114.852,116.252,206242699
2024-09-24,116.507,121.792,115.372,120.862,354991230
2024-09-25,122.012,124.931,121.602,123.501,284712564
2024-09-26,126.791,127.656,121.792,124.031,302603717
2024-09-27,123.961,124.021,119.252,121.392,271027848
2024-09-30,118.302,121.492,118.142,121.432,227069295
2024-10-01,121.757,122.427,115.782,116.992,302115300
2024-10-02,116.432,119.372,115.132,118.842,221861173
2024-10-03,120.912,124.351,120.332,122.842,277137067
2024-10-04,124.931,125.031,121.822,124.911,244482396
2024-10-07,124.981,130.631,124.941,127.711,346274090
2024-10-08,130.251,133.471,129.411,132.881,285742172
2024-10-09,134.101,134.511,131.371,132.641,246208575
2024-10-10,131.901,134.991,130.991,134.801,242328033
2024-10-11,134.001,135.771,133.651,134.791,170221202
2024-10-14,136.461,139.59,136.291,138.06,232363677
2024-10-15,137.861,138.56,128.731,131.591,377857054
2024-10-16,133.971,136.611,131.571,135.711,264897971
2024-10-17,139.33,140.88,136.861,136.921,306457035
2024-10-18,138.655,138.89,137.271,137.99,176102317
2024-10-21,138.12,143.7,137.99,143.7,264572742
2024-10-22,142.9,144.41,141.77,143.58,226327182
2024-10-23,142.02,142.42,137.451,139.55,285949739
2024-10-24,140.81,141.34,138.45,140.4,172366763
2024-10-25,140.92,144.12,140.79,141.53,205136242
2024-10-28,142.99,143.13,140.04,140.51,173598705
2024-10-29,140.275,142.25,138.89,141.24,157604492
2024-10-30,139.53,140.32,136.801,139.325,179430444
2024-10-31,137.591,137.601,132.101,132.751,270058247
2024-11-01,134.691,137.301,134.561,135.361,207142109
2024-11-04,137.201,138.95,135.561,136.041,187541094
2024-11-05,137.441,140.36,137.321,139.9,160548434
2024-11-06,142.95,146.48,141.95,145.6,242060622
2024-11-07,146.38,148.92,146.16,148.87,207337588
2024-11-08,148.76,149.76,146.25,147.62,175677934
2024-11-11,148.67,148.84,143.56,145.25,182338182
2024-11-12,146.77,149.64,146,148.28,198648424
2024-11-13,149.06,149.32,145.89,146.26,191916489
2024-11-14,147.63,148.99,145.54,146.75,194476700
2024-11-15,144.86,145.23,140.07,141.97,250150104
2024-11-18,139.49,141.54,137.141,140.14,221881280
2024-11-19,141.31,147.12,140.98,147,227850610
2024-11-20,147.4,147.55,142.72,145.88,309893005
2024-11-21,149.34,152.879,140.69,146.66,400974196
2024-11-22,145.92,147.15,141.09,141.94,236422443
2024-11-25,141.98,142.04,135.811,136.011,344965642
2024-11-26,137.691,139.29,135.661,136.911,190300765
2024-11-27,135.001,137.211,131.791,135.331,226386509
2024-11-29,136.771,139.34,136.041,138.24,141872930
2024-12-02,138.82,140.44,137.816,138.62,171694606
2024-12-03,138.25,140.53,137.94,140.25,164425293
2024-12-04,141.985,145.78,140.28,145.13,231240227
2024-12-05,145.11,146.54,143.95,145.06,172621180
2024-12-06,144.6,145.7,141.31,142.44,188505573
2024-12-09,138.97,139.95,137.13,138.81,189308625
2024-12-10,139.01,141.82,133.79,135.07,210020888
2024-12-11,137.36,140.17,135.21,139.31,184905192
2024-12-12,137.08,138.44,135.8,137.34,159211393
2024-12-13,138.94,139.6,132.54,134.25,231514881
2024-12-16,134.18,134.4,130.42,132,237951130
2024-12-17,129.09,131.59,126.86,130.39,259410263
2024-12-18,133.86,136.7,128.28,128.91,277444533
2024-12-19,131.76,134.03,129.55,130.68,209719210
2024-12-20,129.81,135.28,128.22,134.7,306528553
2024-12-23,136.28,139.79,135.12,139.67,176053506
2024-12-24,140,141.9,138.65,140.22,105156989
2024-12-26,139.7,140.85,137.73,139.93,116519090
2024-12-27,138.55,139.02,134.71,137.01,170582603
2024-12-30,134.83,140.27,134.02,137.49,167734700
2024-12-31,138.03,138.07,133.83,134.29,155659211
2025-01-02,136,138.88,134.63,138.31,198247166
2025-01-03,140.01,144.9,139.73,144.47,229322478
2025-01-06,148.59,152.156,147.82,149.43,265377359
2025-01-07,153.03,153.13,140.01,140.14,351782174
2025-01-08,142.58,143.95,137.56,140.11,227349948
2025-01-10,137.45,139.92,134.22,135.91,207602514
2025-01-13,129.99,133.49,129.51,133.23,204808914
2025-01-14,136.05,136.38,130.05,131.76,195590485
2025-01-15,133.65,136.45,131.29,136.24,185217338
2025-01-16,138.64,138.75,133.49,133.57,209235583
2025-01-17,136.69,138.5,135.464,137.71,201188760
2025-01-21,139.16,141.83,137.09,140.83,197748985
2025-01-22,144.66,147.79,143.67,147.07,237651395
2025-01-23,145.05,147.23,143.72,147.22,155915549
2025-01-24,148.37,148.97,141.88,142.62,234657635
2025-01-27,124.8,128.4,116.7,118.42,818830895
2025-01-28,121.81,129,116.25,128.99,579666350
2025-01-29,126.5,126.89,120.05,123.7,467120640
2025-01-30,123.1,125,118.1,124.65,392925469
2025-01-31,123.78,127.85,119.19,120.07,390372899
2025-02-03,114.75,118.57,113.01,116.66,371235677
2025-02-04,116.96,121.2,116.7,118.65,256550040
2025-02-05,121.76,125,120.76,124.83,263110629
2025-02-06,127.42,128.77,125.21,128.68,251483574
2025-02-07,129.22,130.37,125,129.84,228186298
2025-02-10,130.09,135,129.96,133.57,216989086
2025-02-11,132.58,134.48,131.02,132.8,178902379
2025-02-12,130.02,132.24,129.08,131.14,160278552
2025-02-13,131.555,136.5,131.17,135.29,197429975
2025-02-14,136.48,139.25,135.5,138.85,195479557
2025-02-18,141.27,143.44,137.925,139.4,219176627
2025-02-19,139.51,141.36,137.22,139.23,167536006
2025-02-20,140.03,140.66,136.79,140.11,143903583
2025-02-21,140.04,141.46,134.03,134.43,228217585
2025-02-24,136.56,138.59,130.08,130.28,251381137
2025-02-25,129.98,130.2,124.44,126.63,271428711
2025-02-26,129.985,133.73,128.49,131.28,322553814
2025-02-27,135,135.01,120.01,120.15,443175846
2025-02-28,118.02,125.09,116.4,124.92,389091145
2025-03-03,123.51,123.7,112.28,114.06,411381373
2025-03-04,110.645,119.31,110.11,115.99,398163305
2025-03-05,117.58,118.2781,114.51,117.3,284337886
2025-03-06,113.53,115.35,110.22,110.57,321181861
2025-03-07,111.25,113.48,107.56,112.69,341755468
2025-03-10,109.9,111.85,105.46,106.98,366487363
2025-03-11,106.99,112.236,104.77,108.76,354865692
2025-03-12,114.12,116.76,112.88,115.74,323857454
2025-03-13,117.03,117.76,113.79,115.58,299033131
2025-03-14,118.61,121.88,118.15,121.67,277593455
2025-03-17,122.74,122.89,118.03,119.53,255501481
2025-03-18,118,119.02,114.54,115.43,299686944
2025-03-19,117.27,120.445,115.68,117.52,273426225
2025-03-20,116.55,120.2,116.47,118.53,248829749
2025-03-21,116.94,117.99,115.42,117.7,266498528
2025-03-24,119.88,122.22,119.34,121.41,228452534
2025-03-25,120.545,121.29,118.92,120.69,167447198
2025-03-26,118.73,118.84,112.71,113.76,296431667
2025-03-27,111.35,114.45,110.66,111.43,236902055
2025-03-28,111.485,112.87,109.0701,109.67,229872549
2025-03-31,105.13,110.955,103.65,108.38,299212653
2025-04-01,108.515,110.2,106.47,110.15,222614034
2025-04-02,107.29,111.98,106.79,110.42,220601243
2025-04-03,103.51,105.63,101.6,101.8,338769412
2025-04-04,98.91,100.13,92.11,94.31,532273810
2025-04-07,87.46,101.75,86.62,97.64,611041347
2025-04-08,103.805,105.85,94.46,96.3,476243392
2025-04-09,98.89,115.1,97.5301,114.33,612918336
2025-04-10,109.37,110.86,99.15,107.57,437812353
2025-04-11,108.5,111.5499,107.48,110.93,313417265
2025-04-14,114.11,114.29,109.07,110.71,264705049
2025-04-15,110.97,113.615,110.5,112.2,228966900
2025-04-16,104.55,106.79,100.45,104.49,397016870
2025-04-17,104.45,104.47,100.05,101.49,292517465
2025-04-21,98.77,99.44,95.04,96.91,288501136
2025-04-22,98.78,99.811,97.28,98.89,241004784
2025-04-23,104.52,104.8,102.02,102.71,247525971
2025-04-24,103.475,106.54,103.11,106.43,220815041
2025-04-25,106.85,111.92,105.73,111.01,251064672
2025-04-28,109.69,110.3699,106.02,108.73,207708479
2025-04-29,107.67,110.1999,107.44,109.02,170444263
2025-04-30,104.47,108.92,104.08,108.92,235044611
2025-05-01,113.08,114.94,111.3,111.61,236121507
2025-05-02,114.18,115.4,113.37,114.5,190194778
2025-05-05,112.905,114.665,112.66,113.82,133163241
2025-05-06,111.48,114.74,110.822,113.54,158525621
2025-05-07,113.045,117.68,112.2818,117.06,207827821
2025-05-08,118.25,118.68,115.85,117.37,198428122
2025-05-09,117.35,118.23,115.21,116.65,132972189
2025-05-12,121.97,123,120.28,123,225023345
2025-05-13,124.98,131.2189,124.47,129.93,330430105
2025-05-14,133.195,135.435,131.68,135.34,281180830
2025-05-15,134.295,136.3,132.66,134.83,226632563
2025-05-16,136.22,136.35,133.46,135.4,226542451
2025-05-19,132.39,135.87,132.39,135.57,193154571
2025-05-20,134.29,134.58,132.62,134.38,161514247
2025-05-21,133.06,137.4,130.59,131.8,270608738
2025-05-22,132.23,134.25,131.55,132.83,187343954
2025-05-23,130,132.68,129.16,131.29,198821324
2025-05-27,134.15,135.66,133.31,135.5,192953613
2025-05-28,136.025,137.25,134.79,134.81,304021146
2025-05-29,142.245,143.49,137.91,139.19,370615167
2025-05-30,138.715,139.62,132.92,135.13,333170851
2025-06-02,135.49,138.12,135.4,137.38,197663116
2025-06-03,138.78,142,137.95,141.22,225578783
2025-06-04,142.19,142.39,139.545,141.92,167120819
2025-06-05,142.17,144,138.83,139.99,232410759
2025-06-06,142.51,143.27,141.51,141.72,153986153
2025-06-09,143.19,145,141.94,142.63,185114494
2025-06-10,142.69,144.29,141.525,143.96,155881897
2025-06-11,144.61,144.99,141.87,142.83,167694044
2025-06-12,141.97,145,141.85,145,162364991
2025-06-13,142.48,143.58,140.855,141.97,180820565
2025-06-16,143.345,146.175,143.2001,144.69,183133666
2025-06-17,144.49,145.22,143.78,144.12,139108000
2025-06-18,144.005,145.65,143.12,145.48,161494121
2025-06-20,145.45,146.2,142.65,143.85,242956157
2025-06-23,142.5,144.78,142.03,144.17,154308941
2025-06-24,145.56,147.96,145.5,147.9,187566121
2025-06-25,149.27,154.45,149.26,154.31,269146471
2025-06-26,155.975,156.715,154,155.02,198145746
2025-06-27,156.04,158.71,155.255,157.75,263234539
2025-06-30,158.4,158.66,155.96,157.99,194580316
2025-07-01,156.29,157.2,151.49,153.3,213143621
2025-07-02,152.98,157.6,152.97,157.25,171224111
2025-07-03,158.37,160.98,157.77,159.34,143716055
2025-07-07,158.2,159.31,157.342,158.24,140138975
2025-07-08,159.33,160.22,158.39,160,138133025
2025-07-09,161.22,164.42,161.16,162.88,183656443
2025-07-10,164.32,164.5,161.61,164.1,167704075
2025-07-11,163.715,167.89,163.47,164.92,193633263
2025-07-14,165.37,165.49,162.02,164.07,136975754
2025-07-15,171.19,172.4,169.195,170.7,230627350
2025-07-16,171.06,171.75,168.9,171.37,158831509
2025-07-17,172.02,174.16,170.83,173,160841119
2025-07-18,173.64,174.25,171.26,172.41,146456416
2025-07-21,172.75,173.38,171,171.38,123126136
2025-07-22,171.34,171.39,164.58,167.03,193114327
2025-07-23,169.53,171.26,167.97,170.78,154082197
2025-07-24,172.44,173.83,171.3,173.74,128984628
2025-07-25,173.61,174.72,172.96,173.5,122316792
2025-07-28,174.02,177,173.97,176.75,140023521
2025-07-29,177.96,179.38,175.02,175.51,154077512
2025-07-30,176.51,179.89,176.04,179.27,174312208
2025-07-31,182.9,183.3,175.93,177.87,221685446
2025-08-01,174.09,176.54,170.89,173.72,204528985
2025-08-04,175.16,180.2,174.52,180,148174609
2025-08-05,179.62,180.26,175.9,178.26,156407621
2025-08-06,176.325,179.9,176.25,179.42,137192265
2025-08-07,181.57,183.88,178.795,180.77,151878365
2025-08-08,181.55,183.3,180.4,182.7,123396679
2025-08-11,182.05,183.84,180.25,182.06,138323191
2025-08-12,182.96,184.48,179.46,183.16,145729202
2025-08-13,182.615,183.97,179.35,181.59,179871724
2025-08-14,179.75,183.02,179.46,182.02,129553959
2025-08-15,181.88,181.9,178.0417,180.45,156602161
2025-08-18,180.6,182.9375,180.59,182.01,132007959
2025-08-19,182.43,182.5,175.49,175.64,185229219
2025-08-20,175.165,176,168.801,175.4,215142725
2025-08-21,174.85,176.9,173.81,174.98,140040850
2025-08-22,172.61,178.59,171.2,177.99,172789427
2025-08-25,178.35,181.91,176.57,179.81,163012789
2025-08-26,180.055,182.39,178.81,181.77,168688186
2025-08-27,181.98,182.49,179.1,181.6,235518949
2025-08-28,180.82,184.47,176.41,180.17,281787824
2025-08-29,178.11,178.15,173.145,174.18,243257873
2025-09-02,170,172.379,167.22,170.78,231164853
2025-09-03,171.06,172.41,168.875,170.62,164424873
2025-09-04,170.57,171.86,169.41,171.66,141670144
2025-09-05,168.03,169.03,164.07,167.02,224441435
2025-09-08,167.55,170.96,167.35,168.31,163769133
2025-09-09,169.09,170.98,166.7401,170.76,157548392
2025-09-10,176.64,179.29,175.47,177.33,226852020
2025-09-11,179.68,180.28,176.48,177.17,151159274
2025-09-12,177.77,178.595,176.45,177.82,124911026
2025-09-15,175.67,178.85,174.51,177.75,147061559
2025-09-16,177,177.5,174.38,174.88,140737775
2025-09-17,172.64,173.2,168.41,170.29,211843817
2025-09-18,173.98,177.1,172.96,176.24,191763313
2025-09-19,175.77,178.08,175.18,176.67,237182143
2025-09-22,175.3,184.55,174.7053,183.61,269637001
2025-09-23,181.97,182.42,176.21,178.43,192559552
2025-09-24,179.77,179.78,175.4,176.97,143564116
2025-09-25,174.48,180.26,173.125,177.69,191586733
2025-09-26,178.17,179.77,174.93,178.19,148573732
2025-09-29,180.425,184,180.32,181.85,193063455
2025-09-30,182.08,187.35,181.48,186.58,236981032
2025-10-01,185.24,188.14,183.9,187.24,173844901
2025-10-02,189.6,191.05,188.06,188.89,136805821
2025-10-03,189.19,190.36,185.38,187.62,137596896
2025-10-06,185.5,187.23,183.33,185.54,157678104
2025-10-07,186.23,189.06,184,185.04,140088008
2025-10-08,186.57,189.6,186.54,189.11,130168861
2025-10-09,192.225,195.3,191.06,192.57,182997234
2025-10-10,193.505,195.62,182.05,183.16,268774359
2025-10-13,187.965,190.1099,185.96,188.32,153482755
2025-10-14,184.77,184.8,179.7,180.03,205641380
2025-10-15,184.8,184.87,177.29,179.83,214450482
2025-10-16,182.23,183.28,179.77,181.81,179723309
2025-10-17,180.18,184.1,179.75,183.22,173135217
2025-10-20,183.13,185.2,181.73,182.64,128544711
2025-10-21,182.785,182.785,179.8,181.16,124240168
2025-10-22,181.14,183.44,176.76,180.28,162249552
2025-10-23,180.42,183.03,179.7901,182.16,111363718
2025-10-24,183.835,187.47,183.5,186.26,131296677
2025-10-27,189.99,192,188.4318,191.49,153452704
2025-10-28,193.05,203.15,191.91,201.03,297986180
2025-10-29,207.98,212.1899,204.775,207.04,308829564
2025-10-30,205.15,206.16,201.41,202.89,178864443
2025-10-31,206.45,207.97,202.07,202.49,179802178
2025-11-03,208.08,211.335,205.56,206.88,180267285
2025-11-04,203,203.9699,197.93,198.69,188919320
2025-11-05,198.77,202.92,194.65,195.21,171350332
2025-11-06,196.42,197.62,186.38,188.08,223029778
2025-11-07,184.9,188.32,178.91,188.15,264942255
2025-11-10,195.11,199.94,193.79,199.05,198897134
2025-11-11,195.155,195.42,191.3,193.16,176483327
2025-11-12,195.72,195.89,191.13,193.8,154935263
2025-11-13,191.05,191.44,183.85,186.86,207423074
2025-11-14,182.86,191.01,180.58,190.17,186591856
2025-11-17,185.965,189,184.32,186.6,173628858
2025-11-18,183.375,184.8,179.65,181.36,213598877
2025-11-19,184.79,187.855,182.8301,186.52,247246436
2025-11-20,195.95,196,179.85,180.64,343504849
2025-11-21,181.235,184.56,172.93,178.88,346926153
2025-11-24,179.49,183.5,176.48,182.55,256618335
2025-11-25,174.91,178.16,169.55,177.82,320600271
2025-11-26,181.63,182.91,178.24,180.26,183852010
2025-11-28,179.01,179.29,176.5,177,121332776
2025-12-01,174.76,180.3,173.68,179.92,188130955
2025-12-02,181.76,185.66,180,181.46,182632230
2025-12-03,181.08,182.45,179.1101,179.59,165138023
2025-12-04,181.62,184.515,179.96,183.38,167364857
2025-12-05,183.89,184.66,180.91,182.41,143971098
2025-12-08,182.64,188,182.4,185.55,204378106
2025-12-09,185.56,185.7167,183.32,184.97,144719705
2025-12-10,184.965,185.48,182.035,183.78,162785370
2025-12-11,180.275,181.32,176.62,180.93,182136641
2025-12-12,181.11,182.82,174.62,175.02,204274918
2025-12-15,177.936,178.415,175.03,176.29,164775636
2025-12-16,176.26,178.49,174.9,177.72,148588098
2025-12-17,176.1,176.13,170.31,170.94,222775464
2025-12-18,174.53,176.15,171.82,174.14,176096001
2025-12-19,176.665,181.45,176.34,180.99,324925927
2025-12-22,183.92,184.16,182.35,183.69,129064369
2025-12-23,182.97,189.33,182.9,189.21,174873621
2025-12-24,187.94,188.91,186.59,188.61,65528545
2025-12-26,189.92,192.69,188,190.53,139740292
2025-12-29,187.71,188.755,185.91,188.22,120006103
2025-12-30,188.24,188.99,186.93,187.54,97687274
2025-12-31,189.57,190.56,186.49,186.5,120100484
2026-01-02,189.835,192.9299,188.26,188.85,148240462
2026-01-05,191.76,193.63,186.15,188.12,183529733
2026-01-06,190.52,192.174,186.82,187.24,176862604
2026-01-07,188.57,191.37,186.56,189.11,153543174
2026-01-08,189.11,189.55,183.71,185.04,172457048
2026-01-09,185.08,186.34,183.6701,184.86,131327534
2026-01-12,183.22,187.12,183.02,184.94,137968453
2026-01-13,184.995,188.1099,183.4,185.81,160128939
2026-01-14,184.32,184.46,180.8,183.14,159586135
2026-01-15,186.5,189.7,186.33,187.05,206188642
2026-01-16,189.075,190.44,186.08,186.23,187967169
2026-01-20,181.9,182.3786,177.61,178.07,223345257
2026-01-21,179.05,185.379,178.4,183.32,200380959
2026-01-22,184.75,186.17,183.93,184.84,139636626
2026-01-23,187.5,189.6,186.8233,187.67,142748076
2026-01-26,187.16,189.12,185.99,186.47,124799649
2026-01-27,187.24,190,185.7,188.52,143711557
2026-01-28,191.27,192.35,189.84,191.52,148552677
2026-01-29,191.34,193.48,186.06,192.51,171764375
2026-01-30,191.21,194.49,189.47,191.13,179489463
2026-02-02,187.2,190.3,184.88,185.61,165794054
2026-02-03,186.24,186.27,176.23,180.34,204019589
2026-02-04,179.46,179.58,171.91,174.19,207014116
2026-02-05,174.925,176.815,171.03,171.88,206312890
2026-02-06,176.69,187,174.6,185.41,231346241
2026-02-09,184.26,193.66,183.95,190.04,196387351
2026-02-10,191.38,192.48,188.12,188.54,136764825
2026-02-11,192.45,193.26,188.77,190.05,144192685
2026-02-12,193.03,193.61,186.51,186.94,189932491
2026-02-13,187.475,187.5,181.59,182.81,161888021
2026-02-17,181.75,187.15,179.18,184.97,162276860
2026-02-18,188.75,190.37,186.76,187.98,164749125
2026-02-19,187.055,188.43,185.66,187.9,126554526
2026-02-20,186.57,190.33,185.9378,189.82,178422337
2026-02-23,191.4,193.95,189.575,191.55,171584839
2026-02-24,191.49,193.77,187.4,192.85,175123602
2026-02-25,194.45,197.6299,193.79,195.56,250637102
2026-02-26,194.27,194.29,184.315,184.89,359043415
2026-02-27,181.25,182.59,176.38,177.19,310416947
2026-03-02,175.01,183.46,174.64,182.48,209095331
2026-03-03,178.49,180.9,176.92,180.05,178099430
2026-03-04,180.44,184.7,180.06,183.04,177731198
2026-03-05,181.17,184.06,177.88,183.33,198779729
2026-03-06,179.84,182.7561,176.8201,177.69,189021949
2026-03-09,176.83,182.91,175.56,182.64,177213588
2026-03-10,182.4,186.44,182.01,184.76,179118528
2026-03-11,185.91,187.62,184.45,186.03,145280386
2026-03-12,184.05,184.94,181.75,183.14,155762663
2026-03-13,184.92,186.09,179.94,180.25,160988424
2026-03-16,182.97,188.88,181.41,183.22,217307380
2026-03-17,185.06,185.4,181.6804,181.93,182497757
2026-03-18,182.48,183.38,180.33,180.4,156683136
2026-03-19,178.01,179.98,175.785,178.56,170968528
2026-03-20,178,178.26,171.72,172.7,241323529
2026-03-23,177.255,178.37,174.76,175.64,182836294
2026-03-24,174.83,176.22,173.98,175.2,147667844
2026-03-25,177.1,181.22,176.85,178.68,162602054
2026-03-26,176.07,176.51,171.14,171.24,186152232
2026-03-27,170,170.97,167.01,167.52,196212684
2026-03-30,168.78,169.45,164.27,165.17,185626992
2026-03-31,166.97,174.62,166.96,174.4,226181301
2026-04-01,176,177.37,174.75,175.75,168132005
2026-04-02,172.18,177.49,171.37,177.39,143143157
2026-04-06,177.155,177.79,175.76,177.64,107564279
2026-04-07,175.725,178.23,173.66,178.1,132534902
2026-04-08,184.5,185.26,180.3,182.08,147732686
2026-04-09,181.84,184.08,180.62,183.91,116428523
2026-04-10,184.31,190,184.3,188.63,160459524
2026-04-13,186.03,189.66,185.74,189.31,133648180
2026-04-14,190.84,196.51,190.77,196.51,161307010
2026-04-15,196.54,200.4,195.74,198.87,185338389
2026-04-16,197.43,199.85,195.81,198.35,134012860
2026-04-17,199.9,201.7,199.27,201.68,160324416
2026-04-20,199.98,202.17,197.8397,202.06,119381388
2026-04-21,202.13,202.75,199,199.88,107945302
2026-04-22,200.99,202.5,199,202.5,107501042
2026-04-23,202.46,203.829,197.2206,199.64,113561831
2026-04-24,199.96,210.95,199.81,208.27,214134441
2026-04-27,209.645,216.825,207.38,216.61,187172421
2026-04-28,209.49,214.73,208.2,213.17,180275363
2026-04-29,212.7,212.72,207.5758,209.25,123711821
2026-04-30,209.93,210.3,198.7,199.57,225239157
2026-05-01,201.28,203,197.12,198.45,128646996
2026-05-04,199.5,201.73,194.74,198.48,125368092
2026-05-05,199.3,200.24,196.03,196.5,113406620
2026-05-06,199.89,208.265,198.61,207.83,188362812
2026-05-07,208.34,214.2,206.5,211.5,168307873
2026-05-08,213.03,217.8,212.89,215.2,136421361
2026-05-11,214.035,222.3,213.89,219.44,160685774
2026-05-12,218.545,223.75,214.92,220.78,159176619
2026-05-13,224.93,227.84,221.5653,225.83,150405386
2026-05-14,229.85,236.54,229.3,235.74,180782857
2026-05-15,229.76,231.5,224.24,225.32,180977639
2026-05-18,229.87,230,218.37,222.32,146280896
2026-05-19,219.62,224.48,217.91,220.61,140948207
2026-05-20,223.18,226.13,220.495,223.47,184201587
2026-05-21,222.29,227.3999,217.93,219.51,203381760
2026-05-22,220.904,221.01,214.8,215.33,169275710
2026-05-26,216.54,218.18,212,214.86,187202576
2026-05-27,214.12,214.15,208.78,212.6,167601173
2026-05-28,211.275,215.5191,211.22,214.25,143996049
2026-05-29,214.575,217.8599,211.13,211.14,289410624
2026-06-01,215.73,224.87,215.7,224.36,212850685
2026-06-02,227.18,232.28,221.35,222.82,193362903
2026-06-03,221.72,222.82,214.51,214.75,160907001
2026-06-04,213.905,221.6,210.97,218.66,169022152
2026-06-05,214.53,214.87,204.33,205.1,219655532
